timestamp,outcome,token_id,price,datetime
1777500005,San Antonio Spurs,102227184035967850089766981958743064457339118173548431660886438726896222843254,0.167,2026-04-29 22:00:05+00:00
1777500006,Houston Rockets,50705248713323657762767401378286601907820885259053704401453562452183494476631,0.0015,2026-04-29 22:00:06+00:00
1777500006,New York Knicks,20257190540739490630509657713144742134547949967093643458458133445357169845406,0.0345,2026-04-29 22:00:06+00:00
1777500007,Boston Celtics,98951343420969493497594761179562691809954416596888138302255086663562042936451,0.1365,2026-04-29 22:00:07+00:00
1777500007,Cleveland Cavaliers,21929863894047830651599085392978377118642353711084157807549430066031384497667,0.0405,2026-04-29 22:00:07+00:00
1777500007,Denver Nuggets,56814725870179920615881424393027028330166672775619196396436430486653645555698,0.0365,2026-04-29 22:00:07+00:00
1777500007,Los Angeles Lakers,86297520870744792204751483474339201341298076835836561764334428915355504860913,0.0365,2026-04-29 22:00:07+00:00
1777500007,Orlando Magic,95140346952277551620015228752585531762813913098320669805735291271863965388665,0.0095,2026-04-29 22:00:07+00:00
1777500007,Philadelphia 76ers,5644679982684846699855787022092402984369447277920326773883608030240292167917,0.0055,2026-04-29 22:00:07+00:00
1777500007,Toronto Raptors,111039354521750894925304771773687530394455073318948424656845140321925374032772,0.004,2026-04-29 22:00:07+00:00
1777500008,Atlanta Hawks,46018378684967856456278619377189791752501136727354913341087475972513992392267,0.0025,2026-04-29 22:00:08+00:00
1777500009,Detroit Pistons,59742411602053785892348440048778056320272639465974092140970920277782290781360,0.0135,2026-04-29 22:00:09+00:00
1777500009,Minnesota Timberwolves,5771676627182954113677164857547228277089396639521594262964034606220001939923,0.008,2026-04-29 22:00:09+00:00
1777500009,Oklahoma City Thunder,49500299856831034491021962156746701298730459370557900271970866855042624695770,0.525,2026-04-29 22:00:09+00:00
1777503604,San Antonio Spurs,102227184035967850089766981958743064457339118173548431660886438726896222843254,0.165,2026-04-29 23:00:04+00:00
1777503605,Boston Celtics,98951343420969493497594761179562691809954416596888138302255086663562042936451,0.1365,2026-04-29 23:00:05+00:00
1777503605,Cleveland Cavaliers,21929863894047830651599085392978377118642353711084157807549430066031384497667,0.0405,2026-04-29 23:00:05+00:00
1777503605,Denver Nuggets,56814725870179920615881424393027028330166672775619196396436430486653645555698,0.0365,2026-04-29 23:00:05+00:00
1777503605,Houston Rockets,50705248713323657762767401378286601907820885259053704401453562452183494476631,0.0015,2026-04-29 23:00:05+00:00
1777503605,Los Angeles Lakers,86297520870744792204751483474339201341298076835836561764334428915355504860913,0.039,2026-04-29 23:00:05+00:00
1777503605,New York Knicks,20257190540739490630509657713144742134547949967093643458458133445357169845406,0.034,2026-04-29 23:00:05+00:00
1777503605,Orlando Magic,95140346952277551620015228752585531762813913098320669805735291271863965388665,0.0095,2026-04-29 23:00:05+00:00
1777503605,Philadelphia 76ers,5644679982684846699855787022092402984369447277920326773883608030240292167917,0.0045,2026-04-29 23:00:05+00:00
1777503605,Toronto Raptors,111039354521750894925304771773687530394455073318948424656845140321925374032772,0.0035,2026-04-29 23:00:05+00:00
1777503606,Atlanta Hawks,46018378684967856456278619377189791752501136727354913341087475972513992392267,0.0015,2026-04-29 23:00:06+00:00
1777503606,Detroit Pistons,59742411602053785892348440048778056320272639465974092140970920277782290781360,0.0145,2026-04-29 23:00:06+00:00
1777503606,Minnesota Timberwolves,5771676627182954113677164857547228277089396639521594262964034606220001939923,0.0095,2026-04-29 23:00:06+00:00
1777503606,Oklahoma City Thunder,49500299856831034491021962156746701298730459370557900271970866855042624695770,0.525,2026-04-29 23:00:06+00:00
1777507205,San Antonio Spurs,102227184035967850089766981958743064457339118173548431660886438726896222843254,0.166,2026-04-30 00:00:05+00:00
1777507213,Houston Rockets,50705248713323657762767401378286601907820885259053704401453562452183494476631,0.0015,2026-04-30 00:00:13+00:00
1777507213,New York Knicks,20257190540739490630509657713144742134547949967093643458458133445357169845406,0.034,2026-04-30 00:00:13+00:00
1777507215,Boston Celtics,98951343420969493497594761179562691809954416596888138302255086663562042936451,0.1365,2026-04-30 00:00:15+00:00
1777507215,Cleveland Cavaliers,21929863894047830651599085392978377118642353711084157807549430066031384497667,0.038,2026-04-30 00:00:15+00:00
1777507215,Denver Nuggets,56814725870179920615881424393027028330166672775619196396436430486653645555698,0.0365,2026-04-30 00:00:15+00:00
1777507215,Los Angeles Lakers,86297520870744792204751483474339201341298076835836561764334428915355504860913,0.0415,2026-04-30 00:00:15+00:00
1777507215,Orlando Magic,95140346952277551620015228752585531762813913098320669805735291271863965388665,0.0095,2026-04-30 00:00:15+00:00
1777507215,Philadelphia 76ers,5644679982684846699855787022092402984369447277920326773883608030240292167917,0.0045,2026-04-30 00:00:15+00:00
1777507215,Toronto Raptors,111039354521750894925304771773687530394455073318948424656845140321925374032772,0.0055,2026-04-30 00:00:15+00:00
1777507217,Atlanta Hawks,46018378684967856456278619377189791752501136727354913341087475972513992392267,0.0015,2026-04-30 00:00:17+00:00
1777507217,Detroit Pistons,59742411602053785892348440048778056320272639465974092140970920277782290781360,0.0155,2026-04-30 00:00:17+00:00
1777507217,Minnesota Timberwolves,5771676627182954113677164857547228277089396639521594262964034606220001939923,0.0065,2026-04-30 00:00:17+00:00
1777507217,Oklahoma City Thunder,49500299856831034491021962156746701298730459370557900271970866855042624695770,0.525,2026-04-30 00:00:17+00:00
1777510820,San Antonio Spurs,102227184035967850089766981958743064457339118173548431660886438726896222843254,0.164,2026-04-30 01:00:20+00:00
1777510821,Boston Celtics,98951343420969493497594761179562691809954416596888138302255086663562042936451,0.1365,2026-04-30 01:00:21+00:00
1777510821,Cleveland Cavaliers,21929863894047830651599085392978377118642353711084157807549430066031384497667,0.0385,2026-04-30 01:00:21+00:00
1777510821,Denver Nuggets,56814725870179920615881424393027028330166672775619196396436430486653645555698,0.0365,2026-04-30 01:00:21+00:00
1777510821,Houston Rockets,50705248713323657762767401378286601907820885259053704401453562452183494476631,0.0025,2026-04-30 01:00:21+00:00
1777510821,Los Angeles Lakers,86297520870744792204751483474339201341298076835836561764334428915355504860913,0.0375,2026-04-30 01:00:21+00:00
1777510821,New York Knicks,20257190540739490630509657713144742134547949967093643458458133445357169845406,0.0335,2026-04-30 01:00:21+00:00
1777510822,Atlanta Hawks,46018378684967856456278619377189791752501136727354913341087475972513992392267,0.0015,2026-04-30 01:00:22+00:00
1777510822,Orlando Magic,95140346952277551620015228752585531762813913098320669805735291271863965388665,0.0095,2026-04-30 01:00:22+00:00
1777510822,Philadelphia 76ers,5644679982684846699855787022092402984369447277920326773883608030240292167917,0.0045,2026-04-30 01:00:22+00:00
1777510822,Toronto Raptors,111039354521750894925304771773687530394455073318948424656845140321925374032772,0.0075,2026-04-30 01:00:22+00:00
1777510823,Detroit Pistons,59742411602053785892348440048778056320272639465974092140970920277782290781360,0.0145,2026-04-30 01:00:23+00:00
1777510823,Minnesota Timberwolves,5771676627182954113677164857547228277089396639521594262964034606220001939923,0.0105,2026-04-30 01:00:23+00:00
1777510823,Oklahoma City Thunder,49500299856831034491021962156746701298730459370557900271970866855042624695770,0.525,2026-04-30 01:00:23+00:00
1777514403,San Antonio Spurs,102227184035967850089766981958743064457339118173548431660886438726896222843254,0.165,2026-04-30 02:00:03+00:00
1777514404,Houston Rockets,50705248713323657762767401378286601907820885259053704401453562452183494476631,0.0015,2026-04-30 02:00:04+00:00
1777514404,New York Knicks,20257190540739490630509657713144742134547949967093643458458133445357169845406,0.0335,2026-04-30 02:00:04+00:00
1777514405,Atlanta Hawks,46018378684967856456278619377189791752501136727354913341087475972513992392267,0.0015,2026-04-30 02:00:05+00:00
1777514405,Boston Celtics,98951343420969493497594761179562691809954416596888138302255086663562042936451,0.1355,2026-04-30 02:00:05+00:00
1777514405,Cleveland Cavaliers,21929863894047830651599085392978377118642353711084157807549430066031384497667,0.0365,2026-04-30 02:00:05+00:00
1777514405,Denver Nuggets,56814725870179920615881424393027028330166672775619196396436430486653645555698,0.0365,2026-04-30 02:00:05+00:00
1777514405,Los Angeles Lakers,86297520870744792204751483474339201341298076835836561764334428915355504860913,0.037,2026-04-30 02:00:05+00:00
1777514405,Minnesota Timberwolves,5771676627182954113677164857547228277089396639521594262964034606220001939923,0.0105,2026-04-30 02:00:05+00:00
1777514405,Oklahoma City Thunder,49500299856831034491021962156746701298730459370557900271970866855042624695770,0.525,2026-04-30 02:00:05+00:00
1777514405,Orlando Magic,95140346952277551620015228752585531762813913098320669805735291271863965388665,0.0085,2026-04-30 02:00:05+00:00
1777514405,Philadelphia 76ers,5644679982684846699855787022092402984369447277920326773883608030240292167917,0.0035,2026-04-30 02:00:05+00:00
1777514405,Toronto Raptors,111039354521750894925304771773687530394455073318948424656845140321925374032772,0.0045,2026-04-30 02:00:05+00:00
1777514406,Detroit Pistons,59742411602053785892348440048778056320272639465974092140970920277782290781360,0.0155,2026-04-30 02:00:06+00:00
1777518004,San Antonio Spurs,102227184035967850089766981958743064457339118173548431660886438726896222843254,0.1655,2026-04-30 03:00:04+00:00
1777518007,Houston Rockets,50705248713323657762767401378286601907820885259053704401453562452183494476631,0.0015,2026-04-30 03:00:07+00:00
1777518007,New York Knicks,20257190540739490630509657713144742134547949967093643458458133445357169845406,0.0335,2026-04-30 03:00:07+00:00
1777518008,Boston Celtics,98951343420969493497594761179562691809954416596888138302255086663562042936451,0.1355,2026-04-30 03:00:08+00:00
1777518008,Cleveland Cavaliers,21929863894047830651599085392978377118642353711084157807549430066031384497667,0.0405,2026-04-30 03:00:08+00:00
1777518008,Denver Nuggets,56814725870179920615881424393027028330166672775619196396436430486653645555698,0.0365,2026-04-30 03:00:08+00:00
1777518008,Los Angeles Lakers,86297520870744792204751483474339201341298076835836561764334428915355504860913,0.037,2026-04-30 03:00:08+00:00
1777518008,Orlando Magic,95140346952277551620015228752585531762813913098320669805735291271863965388665,0.0085,2026-04-30 03:00:08+00:00
1777518009,Philadelphia 76ers,5644679982684846699855787022092402984369447277920326773883608030240292167917,0.0035,2026-04-30 03:00:09+00:00
1777518009,Toronto Raptors,111039354521750894925304771773687530394455073318948424656845140321925374032772,0.0025,2026-04-30 03:00:09+00:00
1777518010,Atlanta Hawks,46018378684967856456278619377189791752501136727354913341087475972513992392267,0.0015,2026-04-30 03:00:10+00:00
1777518010,Detroit Pistons,59742411602053785892348440048778056320272639465974092140970920277782290781360,0.0155,2026-04-30 03:00:10+00:00
1777518010,Minnesota Timberwolves,5771676627182954113677164857547228277089396639521594262964034606220001939923,0.0105,2026-04-30 03:00:10+00:00
1777518010,Oklahoma City Thunder,49500299856831034491021962156746701298730459370557900271970866855042624695770,0.525,2026-04-30 03:00:10+00:00
1777521603,San Antonio Spurs,102227184035967850089766981958743064457339118173548431660886438726896222843254,0.165,2026-04-30 04:00:03+00:00
1777521604,Houston Rockets,50705248713323657762767401378286601907820885259053704401453562452183494476631,0.0025,2026-04-30 04:00:04+00:00
1777521604,New York Knicks,20257190540739490630509657713144742134547949967093643458458133445357169845406,0.0335,2026-04-30 04:00:04+00:00
1777521605,Boston Celtics,98951343420969493497594761179562691809954416596888138302255086663562042936451,0.126,2026-04-30 04:00:05+00:00
1777521605,Cleveland Cavaliers,21929863894047830651599085392978377118642353711084157807549430066031384497667,0.0395,2026-04-30 04:00:05+00:00
1777521605,Denver Nuggets,56814725870179920615881424393027028330166672775619196396436430486653645555698,0.0365,2026-04-30 04:00:05+00:00
1777521605,Los Angeles Lakers,86297520870744792204751483474339201341298076835836561764334428915355504860913,0.035,2026-04-30 04:00:05+00:00
1777521605,Orlando Magic,95140346952277551620015228752585531762813913098320669805735291271863965388665,0.0075,2026-04-30 04:00:05+00:00
1777521605,Philadelphia 76ers,5644679982684846699855787022092402984369447277920326773883608030240292167917,0.0045,2026-04-30 04:00:05+00:00
1777521605,Toronto Raptors,111039354521750894925304771773687530394455073318948424656845140321925374032772,0.0015,2026-04-30 04:00:05+00:00
1777521606,Atlanta Hawks,46018378684967856456278619377189791752501136727354913341087475972513992392267,0.0015,2026-04-30 04:00:06+00:00
1777521607,Detroit Pistons,59742411602053785892348440048778056320272639465974092140970920277782290781360,0.0155,2026-04-30 04:00:07+00:00
1777521607,Minnesota Timberwolves,5771676627182954113677164857547228277089396639521594262964034606220001939923,0.0135,2026-04-30 04:00:07+00:00
1777521607,Oklahoma City Thunder,49500299856831034491021962156746701298730459370557900271970866855042624695770,0.525,2026-04-30 04:00:07+00:00
1777525204,San Antonio Spurs,102227184035967850089766981958743064457339118173548431660886438726896222843254,0.1665,2026-04-30 05:00:04+00:00
1777525205,Houston Rockets,50705248713323657762767401378286601907820885259053704401453562452183494476631,0.0045,2026-04-30 05:00:05+00:00
1777525205,New York Knicks,20257190540739490630509657713144742134547949967093643458458133445357169845406,0.0335,2026-04-30 05:00:05+00:00
1777525206,Atlanta Hawks,46018378684967856456278619377189791752501136727354913341087475972513992392267,0.0015,2026-04-30 05:00:06+00:00
1777525206,Boston Celtics,98951343420969493497594761179562691809954416596888138302255086663562042936451,0.121,2026-04-30 05:00:06+00:00
1777525206,Cleveland Cavaliers,21929863894047830651599085392978377118642353711084157807549430066031384497667,0.0385,2026-04-30 05:00:06+00:00
1777525206,Denver Nuggets,56814725870179920615881424393027028330166672775619196396436430486653645555698,0.0365,2026-04-30 05:00:06+00:00
1777525206,Los Angeles Lakers,86297520870744792204751483474339201341298076835836561764334428915355504860913,0.033,2026-04-30 05:00:06+00:00
1777525206,Orlando Magic,95140346952277551620015228752585531762813913098320669805735291271863965388665,0.0075,2026-04-30 05:00:06+00:00
1777525206,Philadelphia 76ers,5644679982684846699855787022092402984369447277920326773883608030240292167917,0.0045,2026-04-30 05:00:06+00:00
1777525206,Toronto Raptors,111039354521750894925304771773687530394455073318948424656845140321925374032772,0.0035,2026-04-30 05:00:06+00:00
1777525207,Detroit Pistons,59742411602053785892348440048778056320272639465974092140970920277782290781360,0.0145,2026-04-30 05:00:07+00:00
1777525207,Minnesota Timberwolves,5771676627182954113677164857547228277089396639521594262964034606220001939923,0.0145,2026-04-30 05:00:07+00:00
1777525207,Oklahoma City Thunder,49500299856831034491021962156746701298730459370557900271970866855042624695770,0.525,2026-04-30 05:00:07+00:00
1777528804,San Antonio Spurs,102227184035967850089766981958743064457339118173548431660886438726896222843254,0.1665,2026-04-30 06:00:04+00:00
1777528807,Houston Rockets,50705248713323657762767401378286601907820885259053704401453562452183494476631,0.0035,2026-04-30 06:00:07+00:00
1777528807,New York Knicks,20257190540739490630509657713144742134547949967093643458458133445357169845406,0.0365,2026-04-30 06:00:07+00:00
1777528809,Boston Celtics,98951343420969493497594761179562691809954416596888138302255086663562042936451,0.1215,2026-04-30 06:00:09+00:00
1777528809,Cleveland Cavaliers,21929863894047830651599085392978377118642353711084157807549430066031384497667,0.0385,2026-04-30 06:00:09+00:00
1777528809,Denver Nuggets,56814725870179920615881424393027028330166672775619196396436430486653645555698,0.0365,2026-04-30 06:00:09+00:00
1777528809,Los Angeles Lakers,86297520870744792204751483474339201341298076835836561764334428915355504860913,0.033,2026-04-30 06:00:09+00:00
1777528809,Orlando Magic,95140346952277551620015228752585531762813913098320669805735291271863965388665,0.0085,2026-04-30 06:00:09+00:00
1777528809,Philadelphia 76ers,5644679982684846699855787022092402984369447277920326773883608030240292167917,0.0045,2026-04-30 06:00:09+00:00
1777528809,Toronto Raptors,111039354521750894925304771773687530394455073318948424656845140321925374032772,0.0035,2026-04-30 06:00:09+00:00
1777528811,Atlanta Hawks,46018378684967856456278619377189791752501136727354913341087475972513992392267,0.0015,2026-04-30 06:00:11+00:00
1777528812,Detroit Pistons,59742411602053785892348440048778056320272639465974092140970920277782290781360,0.0145,2026-04-30 06:00:12+00:00
1777528812,Minnesota Timberwolves,5771676627182954113677164857547228277089396639521594262964034606220001939923,0.0145,2026-04-30 06:00:12+00:00
1777528812,Oklahoma City Thunder,49500299856831034491021962156746701298730459370557900271970866855042624695770,0.525,2026-04-30 06:00:12+00:00
1777532404,San Antonio Spurs,102227184035967850089766981958743064457339118173548431660886438726896222843254,0.1665,2026-04-30 07:00:04+00:00
1777532407,Houston Rockets,50705248713323657762767401378286601907820885259053704401453562452183494476631,0.0035,2026-04-30 07:00:07+00:00
1777532407,New York Knicks,20257190540739490630509657713144742134547949967093643458458133445357169845406,0.0345,2026-04-30 07:00:07+00:00
1777532409,Boston Celtics,98951343420969493497594761179562691809954416596888138302255086663562042936451,0.1235,2026-04-30 07:00:09+00:00
1777532409,Cleveland Cavaliers,21929863894047830651599085392978377118642353711084157807549430066031384497667,0.039,2026-04-30 07:00:09+00:00
1777532409,Denver Nuggets,56814725870179920615881424393027028330166672775619196396436430486653645555698,0.0365,2026-04-30 07:00:09+00:00
1777532409,Los Angeles Lakers,86297520870744792204751483474339201341298076835836561764334428915355504860913,0.0305,2026-04-30 07:00:09+00:00
1777532409,Orlando Magic,95140346952277551620015228752585531762813913098320669805735291271863965388665,0.0085,2026-04-30 07:00:09+00:00
1777532409,Philadelphia 76ers,5644679982684846699855787022092402984369447277920326773883608030240292167917,0.0045,2026-04-30 07:00:09+00:00
1777532409,Toronto Raptors,111039354521750894925304771773687530394455073318948424656845140321925374032772,0.0035,2026-04-30 07:00:09+00:00
1777532412,Atlanta Hawks,46018378684967856456278619377189791752501136727354913341087475972513992392267,0.0015,2026-04-30 07:00:12+00:00
1777532412,Detroit Pistons,59742411602053785892348440048778056320272639465974092140970920277782290781360,0.0135,2026-04-30 07:00:12+00:00
1777532412,Minnesota Timberwolves,5771676627182954113677164857547228277089396639521594262964034606220001939923,0.0145,2026-04-30 07:00:12+00:00
1777532412,Oklahoma City Thunder,49500299856831034491021962156746701298730459370557900271970866855042624695770,0.525,2026-04-30 07:00:12+00:00
1777536003,San Antonio Spurs,102227184035967850089766981958743064457339118173548431660886438726896222843254,0.1665,2026-04-30 08:00:03+00:00
1777536004,Houston Rockets,50705248713323657762767401378286601907820885259053704401453562452183494476631,0.0045,2026-04-30 08:00:04+00:00
1777536004,New York Knicks,20257190540739490630509657713144742134547949967093643458458133445357169845406,0.034,2026-04-30 08:00:04+00:00
1777536005,Boston Celtics,98951343420969493497594761179562691809954416596888138302255086663562042936451,0.1235,2026-04-30 08:00:05+00:00
1777536005,Cleveland Cavaliers,21929863894047830651599085392978377118642353711084157807549430066031384497667,0.039,2026-04-30 08:00:05+00:00
1777536005,Denver Nuggets,56814725870179920615881424393027028330166672775619196396436430486653645555698,0.0365,2026-04-30 08:00:05+00:00
1777536005,Los Angeles Lakers,86297520870744792204751483474339201341298076835836561764334428915355504860913,0.0305,2026-04-30 08:00:05+00:00
1777536005,Orlando Magic,95140346952277551620015228752585531762813913098320669805735291271863965388665,0.008,2026-04-30 08:00:05+00:00
1777536005,Philadelphia 76ers,5644679982684846699855787022092402984369447277920326773883608030240292167917,0.0045,2026-04-30 08:00:05+00:00
1777536005,Toronto Raptors,111039354521750894925304771773687530394455073318948424656845140321925374032772,0.003,2026-04-30 08:00:05+00:00
1777536006,Atlanta Hawks,46018378684967856456278619377189791752501136727354913341087475972513992392267,0.0015,2026-04-30 08:00:06+00:00
1777536006,Detroit Pistons,59742411602053785892348440048778056320272639465974092140970920277782290781360,0.0135,2026-04-30 08:00:06+00:00
1777536006,Minnesota Timberwolves,5771676627182954113677164857547228277089396639521594262964034606220001939923,0.0145,2026-04-30 08:00:06+00:00
1777536006,Oklahoma City Thunder,49500299856831034491021962156746701298730459370557900271970866855042624695770,0.525,2026-04-30 08:00:06+00:00
1777539606,San Antonio Spurs,102227184035967850089766981958743064457339118173548431660886438726896222843254,0.166,2026-04-30 09:00:06+00:00
1777539610,Houston Rockets,50705248713323657762767401378286601907820885259053704401453562452183494476631,0.0065,2026-04-30 09:00:10+00:00
1777539610,New York Knicks,20257190540739490630509657713144742134547949967093643458458133445357169845406,0.034,2026-04-30 09:00:10+00:00
1777539615,Boston Celtics,98951343420969493497594761179562691809954416596888138302255086663562042936451,0.1235,2026-04-30 09:00:15+00:00
1777539615,Cleveland Cavaliers,21929863894047830651599085392978377118642353711084157807549430066031384497667,0.039,2026-04-30 09:00:15+00:00
1777539615,Denver Nuggets,56814725870179920615881424393027028330166672775619196396436430486653645555698,0.0365,2026-04-30 09:00:15+00:00
1777539615,Los Angeles Lakers,86297520870744792204751483474339201341298076835836561764334428915355504860913,0.03,2026-04-30 09:00:15+00:00
1777539615,Orlando Magic,95140346952277551620015228752585531762813913098320669805735291271863965388665,0.008,2026-04-30 09:00:15+00:00
1777539615,Philadelphia 76ers,5644679982684846699855787022092402984369447277920326773883608030240292167917,0.0045,2026-04-30 09:00:15+00:00
1777539615,Toronto Raptors,111039354521750894925304771773687530394455073318948424656845140321925374032772,0.003,2026-04-30 09:00:15+00:00
1777539618,Atlanta Hawks,46018378684967856456278619377189791752501136727354913341087475972513992392267,0.0015,2026-04-30 09:00:18+00:00
1777539619,Detroit Pistons,59742411602053785892348440048778056320272639465974092140970920277782290781360,0.0165,2026-04-30 09:00:19+00:00
1777539619,Minnesota Timberwolves,5771676627182954113677164857547228277089396639521594262964034606220001939923,0.0145,2026-04-30 09:00:19+00:00
1777539619,Oklahoma City Thunder,49500299856831034491021962156746701298730459370557900271970866855042624695770,0.525,2026-04-30 09:00:19+00:00
1777543215,San Antonio Spurs,102227184035967850089766981958743064457339118173548431660886438726896222843254,0.166,2026-04-30 10:00:15+00:00
1777543217,Houston Rockets,50705248713323657762767401378286601907820885259053704401453562452183494476631,0.0065,2026-04-30 10:00:17+00:00
1777543217,New York Knicks,20257190540739490630509657713144742134547949967093643458458133445357169845406,0.034,2026-04-30 10:00:17+00:00
1777543218,Boston Celtics,98951343420969493497594761179562691809954416596888138302255086663562042936451,0.1235,2026-04-30 10:00:18+00:00
1777543218,Cleveland Cavaliers,21929863894047830651599085392978377118642353711084157807549430066031384497667,0.039,2026-04-30 10:00:18+00:00
1777543218,Denver Nuggets,56814725870179920615881424393027028330166672775619196396436430486653645555698,0.0365,2026-04-30 10:00:18+00:00
1777543218,Los Angeles Lakers,86297520870744792204751483474339201341298076835836561764334428915355504860913,0.0305,2026-04-30 10:00:18+00:00
1777543218,Orlando Magic,95140346952277551620015228752585531762813913098320669805735291271863965388665,0.008,2026-04-30 10:00:18+00:00
1777543218,Philadelphia 76ers,5644679982684846699855787022092402984369447277920326773883608030240292167917,0.0045,2026-04-30 10:00:18+00:00
1777543218,Toronto Raptors,111039354521750894925304771773687530394455073318948424656845140321925374032772,0.003,2026-04-30 10:00:18+00:00
1777543219,Atlanta Hawks,46018378684967856456278619377189791752501136727354913341087475972513992392267,0.0015,2026-04-30 10:00:19+00:00
1777543219,Detroit Pistons,59742411602053785892348440048778056320272639465974092140970920277782290781360,0.0165,2026-04-30 10:00:19+00:00
1777543219,Minnesota Timberwolves,5771676627182954113677164857547228277089396639521594262964034606220001939923,0.0135,2026-04-30 10:00:19+00:00
1777543219,Oklahoma City Thunder,49500299856831034491021962156746701298730459370557900271970866855042624695770,0.525,2026-04-30 10:00:19+00:00
1777546817,San Antonio Spurs,102227184035967850089766981958743064457339118173548431660886438726896222843254,0.1665,2026-04-30 11:00:17+00:00
1777546818,Houston Rockets,50705248713323657762767401378286601907820885259053704401453562452183494476631,0.0065,2026-04-30 11:00:18+00:00
1777546818,New York Knicks,20257190540739490630509657713144742134547949967093643458458133445357169845406,0.034,2026-04-30 11:00:18+00:00
1777546819,Boston Celtics,98951343420969493497594761179562691809954416596888138302255086663562042936451,0.1235,2026-04-30 11:00:19+00:00
1777546819,Cleveland Cavaliers,21929863894047830651599085392978377118642353711084157807549430066031384497667,0.0385,2026-04-30 11:00:19+00:00
1777546819,Denver Nuggets,56814725870179920615881424393027028330166672775619196396436430486653645555698,0.0375,2026-04-30 11:00:19+00:00
1777546819,Los Angeles Lakers,86297520870744792204751483474339201341298076835836561764334428915355504860913,0.0305,2026-04-30 11:00:19+00:00
1777546819,Orlando Magic,95140346952277551620015228752585531762813913098320669805735291271863965388665,0.008,2026-04-30 11:00:19+00:00
1777546820,Atlanta Hawks,46018378684967856456278619377189791752501136727354913341087475972513992392267,0.0015,2026-04-30 11:00:20+00:00
1777546820,Minnesota Timberwolves,5771676627182954113677164857547228277089396639521594262964034606220001939923,0.0135,2026-04-30 11:00:20+00:00
1777546820,Oklahoma City Thunder,49500299856831034491021962156746701298730459370557900271970866855042624695770,0.525,2026-04-30 11:00:20+00:00
1777546820,Philadelphia 76ers,5644679982684846699855787022092402984369447277920326773883608030240292167917,0.0045,2026-04-30 11:00:20+00:00
1777546820,Toronto Raptors,111039354521750894925304771773687530394455073318948424656845140321925374032772,0.003,2026-04-30 11:00:20+00:00
1777546821,Detroit Pistons,59742411602053785892348440048778056320272639465974092140970920277782290781360,0.0165,2026-04-30 11:00:21+00:00
1777550404,San Antonio Spurs,102227184035967850089766981958743064457339118173548431660886438726896222843254,0.1665,2026-04-30 12:00:04+00:00
1777550409,Houston Rockets,50705248713323657762767401378286601907820885259053704401453562452183494476631,0.0065,2026-04-30 12:00:09+00:00
1777550409,New York Knicks,20257190540739490630509657713144742134547949967093643458458133445357169845406,0.0345,2026-04-30 12:00:09+00:00
1777550414,Boston Celtics,98951343420969493497594761179562691809954416596888138302255086663562042936451,0.1245,2026-04-30 12:00:14+00:00
1777550414,Cleveland Cavaliers,21929863894047830651599085392978377118642353711084157807549430066031384497667,0.0395,2026-04-30 12:00:14+00:00
1777550414,Denver Nuggets,56814725870179920615881424393027028330166672775619196396436430486653645555698,0.0375,2026-04-30 12:00:14+00:00
1777550414,Los Angeles Lakers,86297520870744792204751483474339201341298076835836561764334428915355504860913,0.0315,2026-04-30 12:00:14+00:00
1777550414,Orlando Magic,95140346952277551620015228752585531762813913098320669805735291271863965388665,0.008,2026-04-30 12:00:14+00:00
1777550415,Philadelphia 76ers,5644679982684846699855787022092402984369447277920326773883608030240292167917,0.0045,2026-04-30 12:00:15+00:00
1777550415,Toronto Raptors,111039354521750894925304771773687530394455073318948424656845140321925374032772,0.0025,2026-04-30 12:00:15+00:00
1777550416,Atlanta Hawks,46018378684967856456278619377189791752501136727354913341087475972513992392267,0.0015,2026-04-30 12:00:16+00:00
1777550416,Minnesota Timberwolves,5771676627182954113677164857547228277089396639521594262964034606220001939923,0.0135,2026-04-30 12:00:16+00:00
1777550416,Oklahoma City Thunder,49500299856831034491021962156746701298730459370557900271970866855042624695770,0.525,2026-04-30 12:00:16+00:00
1777550417,Detroit Pistons,59742411602053785892348440048778056320272639465974092140970920277782290781360,0.0165,2026-04-30 12:00:17+00:00
1777554004,San Antonio Spurs,102227184035967850089766981958743064457339118173548431660886438726896222843254,0.1665,2026-04-30 13:00:04+00:00
1777554005,Houston Rockets,50705248713323657762767401378286601907820885259053704401453562452183494476631,0.0055,2026-04-30 13:00:05+00:00
1777554005,New York Knicks,20257190540739490630509657713144742134547949967093643458458133445357169845406,0.0345,2026-04-30 13:00:05+00:00
1777554006,Boston Celtics,98951343420969493497594761179562691809954416596888138302255086663562042936451,0.1245,2026-04-30 13:00:06+00:00
1777554006,Cleveland Cavaliers,21929863894047830651599085392978377118642353711084157807549430066031384497667,0.0395,2026-04-30 13:00:06+00:00
1777554006,Denver Nuggets,56814725870179920615881424393027028330166672775619196396436430486653645555698,0.0375,2026-04-30 13:00:06+00:00
1777554006,Los Angeles Lakers,86297520870744792204751483474339201341298076835836561764334428915355504860913,0.0315,2026-04-30 13:00:06+00:00
1777554007,Atlanta Hawks,46018378684967856456278619377189791752501136727354913341087475972513992392267,0.0015,2026-04-30 13:00:07+00:00
1777554007,Orlando Magic,95140346952277551620015228752585531762813913098320669805735291271863965388665,0.008,2026-04-30 13:00:07+00:00
1777554007,Philadelphia 76ers,5644679982684846699855787022092402984369447277920326773883608030240292167917,0.0045,2026-04-30 13:00:07+00:00
1777554007,Toronto Raptors,111039354521750894925304771773687530394455073318948424656845140321925374032772,0.0025,2026-04-30 13:00:07+00:00
1777554008,Detroit Pistons,59742411602053785892348440048778056320272639465974092140970920277782290781360,0.0165,2026-04-30 13:00:08+00:00
1777554008,Minnesota Timberwolves,5771676627182954113677164857547228277089396639521594262964034606220001939923,0.0135,2026-04-30 13:00:08+00:00
1777554008,Oklahoma City Thunder,49500299856831034491021962156746701298730459370557900271970866855042624695770,0.525,2026-04-30 13:00:08+00:00
1777557605,San Antonio Spurs,102227184035967850089766981958743064457339118173548431660886438726896222843254,0.1665,2026-04-30 14:00:05+00:00
1777557606,Houston Rockets,50705248713323657762767401378286601907820885259053704401453562452183494476631,0.005,2026-04-30 14:00:06+00:00
1777557606,New York Knicks,20257190540739490630509657713144742134547949967093643458458133445357169845406,0.0355,2026-04-30 14:00:06+00:00
1777557607,Boston Celtics,98951343420969493497594761179562691809954416596888138302255086663562042936451,0.125,2026-04-30 14:00:07+00:00
1777557607,Cleveland Cavaliers,21929863894047830651599085392978377118642353711084157807549430066031384497667,0.0395,2026-04-30 14:00:07+00:00
1777557607,Denver Nuggets,56814725870179920615881424393027028330166672775619196396436430486653645555698,0.0385,2026-04-30 14:00:07+00:00
1777557607,Los Angeles Lakers,86297520870744792204751483474339201341298076835836561764334428915355504860913,0.029,2026-04-30 14:00:07+00:00
1777557608,Atlanta Hawks,46018378684967856456278619377189791752501136727354913341087475972513992392267,0.0015,2026-04-30 14:00:08+00:00
1777557608,Orlando Magic,95140346952277551620015228752585531762813913098320669805735291271863965388665,0.008,2026-04-30 14:00:08+00:00
1777557608,Philadelphia 76ers,5644679982684846699855787022092402984369447277920326773883608030240292167917,0.0045,2026-04-30 14:00:08+00:00
1777557608,Toronto Raptors,111039354521750894925304771773687530394455073318948424656845140321925374032772,0.0025,2026-04-30 14:00:08+00:00
1777557609,Detroit Pistons,59742411602053785892348440048778056320272639465974092140970920277782290781360,0.0165,2026-04-30 14:00:09+00:00
1777557609,Minnesota Timberwolves,5771676627182954113677164857547228277089396639521594262964034606220001939923,0.0125,2026-04-30 14:00:09+00:00
1777557609,Oklahoma City Thunder,49500299856831034491021962156746701298730459370557900271970866855042624695770,0.525,2026-04-30 14:00:09+00:00
1777561206,San Antonio Spurs,102227184035967850089766981958743064457339118173548431660886438726896222843254,0.1675,2026-04-30 15:00:06+00:00
1777561209,Houston Rockets,50705248713323657762767401378286601907820885259053704401453562452183494476631,0.004,2026-04-30 15:00:09+00:00
1777561209,New York Knicks,20257190540739490630509657713144742134547949967093643458458133445357169845406,0.0375,2026-04-30 15:00:09+00:00
1777561211,Boston Celtics,98951343420969493497594761179562691809954416596888138302255086663562042936451,0.125,2026-04-30 15:00:11+00:00
1777561211,Cleveland Cavaliers,21929863894047830651599085392978377118642353711084157807549430066031384497667,0.0395,2026-04-30 15:00:11+00:00
1777561211,Denver Nuggets,56814725870179920615881424393027028330166672775619196396436430486653645555698,0.0385,2026-04-30 15:00:11+00:00
1777561211,Los Angeles Lakers,86297520870744792204751483474339201341298076835836561764334428915355504860913,0.029,2026-04-30 15:00:11+00:00
1777561212,Orlando Magic,95140346952277551620015228752585531762813913098320669805735291271863965388665,0.0075,2026-04-30 15:00:12+00:00
1777561212,Philadelphia 76ers,5644679982684846699855787022092402984369447277920326773883608030240292167917,0.006,2026-04-30 15:00:12+00:00
1777561212,Toronto Raptors,111039354521750894925304771773687530394455073318948424656845140321925374032772,0.0025,2026-04-30 15:00:12+00:00
1777561213,Atlanta Hawks,46018378684967856456278619377189791752501136727354913341087475972513992392267,0.0015,2026-04-30 15:00:13+00:00
1777561214,Detroit Pistons,59742411602053785892348440048778056320272639465974092140970920277782290781360,0.0165,2026-04-30 15:00:14+00:00
1777561214,Minnesota Timberwolves,5771676627182954113677164857547228277089396639521594262964034606220001939923,0.0125,2026-04-30 15:00:14+00:00
1777561214,Oklahoma City Thunder,49500299856831034491021962156746701298730459370557900271970866855042624695770,0.525,2026-04-30 15:00:14+00:00
1777564803,San Antonio Spurs,102227184035967850089766981958743064457339118173548431660886438726896222843254,0.1685,2026-04-30 16:00:03+00:00
1777564805,Houston Rockets,50705248713323657762767401378286601907820885259053704401453562452183494476631,0.004,2026-04-30 16:00:05+00:00
1777564805,New York Knicks,20257190540739490630509657713144742134547949967093643458458133445357169845406,0.0375,2026-04-30 16:00:05+00:00
1777564806,Boston Celtics,98951343420969493497594761179562691809954416596888138302255086663562042936451,0.1245,2026-04-30 16:00:06+00:00
1777564806,Cleveland Cavaliers,21929863894047830651599085392978377118642353711084157807549430066031384497667,0.0395,2026-04-30 16:00:06+00:00
1777564806,Denver Nuggets,56814725870179920615881424393027028330166672775619196396436430486653645555698,0.0385,2026-04-30 16:00:06+00:00
1777564806,Los Angeles Lakers,86297520870744792204751483474339201341298076835836561764334428915355504860913,0.0265,2026-04-30 16:00:06+00:00
1777564806,Orlando Magic,95140346952277551620015228752585531762813913098320669805735291271863965388665,0.0075,2026-04-30 16:00:06+00:00
1777564806,Philadelphia 76ers,5644679982684846699855787022092402984369447277920326773883608030240292167917,0.0055,2026-04-30 16:00:06+00:00
1777564806,Toronto Raptors,111039354521750894925304771773687530394455073318948424656845140321925374032772,0.0025,2026-04-30 16:00:06+00:00
1777564807,Atlanta Hawks,46018378684967856456278619377189791752501136727354913341087475972513992392267,0.0015,2026-04-30 16:00:07+00:00
1777564807,Detroit Pistons,59742411602053785892348440048778056320272639465974092140970920277782290781360,0.0165,2026-04-30 16:00:07+00:00
1777564807,Minnesota Timberwolves,5771676627182954113677164857547228277089396639521594262964034606220001939923,0.0115,2026-04-30 16:00:07+00:00
1777564807,Oklahoma City Thunder,49500299856831034491021962156746701298730459370557900271970866855042624695770,0.525,2026-04-30 16:00:07+00:00
1777568405,San Antonio Spurs,102227184035967850089766981958743064457339118173548431660886438726896222843254,0.1685,2026-04-30 17:00:05+00:00
1777568410,Houston Rockets,50705248713323657762767401378286601907820885259053704401453562452183494476631,0.004,2026-04-30 17:00:10+00:00
1777568411,New York Knicks,20257190540739490630509657713144742134547949967093643458458133445357169845406,0.0375,2026-04-30 17:00:11+00:00
1777568414,Boston Celtics,98951343420969493497594761179562691809954416596888138302255086663562042936451,0.125,2026-04-30 17:00:14+00:00
1777568414,Cleveland Cavaliers,21929863894047830651599085392978377118642353711084157807549430066031384497667,0.0395,2026-04-30 17:00:14+00:00
1777568414,Denver Nuggets,56814725870179920615881424393027028330166672775619196396436430486653645555698,0.0385,2026-04-30 17:00:14+00:00
1777568414,Los Angeles Lakers,86297520870744792204751483474339201341298076835836561764334428915355504860913,0.0255,2026-04-30 17:00:14+00:00
1777568415,Atlanta Hawks,46018378684967856456278619377189791752501136727354913341087475972513992392267,0.0015,2026-04-30 17:00:15+00:00
1777568415,Orlando Magic,95140346952277551620015228752585531762813913098320669805735291271863965388665,0.0075,2026-04-30 17:00:15+00:00
1777568415,Philadelphia 76ers,5644679982684846699855787022092402984369447277920326773883608030240292167917,0.0055,2026-04-30 17:00:15+00:00
1777568415,Toronto Raptors,111039354521750894925304771773687530394455073318948424656845140321925374032772,0.0025,2026-04-30 17:00:15+00:00
1777568417,Minnesota Timberwolves,5771676627182954113677164857547228277089396639521594262964034606220001939923,0.0115,2026-04-30 17:00:17+00:00
1777568417,Oklahoma City Thunder,49500299856831034491021962156746701298730459370557900271970866855042624695770,0.525,2026-04-30 17:00:17+00:00
1777568419,Detroit Pistons,59742411602053785892348440048778056320272639465974092140970920277782290781360,0.0165,2026-04-30 17:00:19+00:00
1777572006,San Antonio Spurs,102227184035967850089766981958743064457339118173548431660886438726896222843254,0.1755,2026-04-30 18:00:06+00:00
1777572009,Houston Rockets,50705248713323657762767401378286601907820885259053704401453562452183494476631,0.004,2026-04-30 18:00:09+00:00
1777572009,New York Knicks,20257190540739490630509657713144742134547949967093643458458133445357169845406,0.0365,2026-04-30 18:00:09+00:00
1777572011,Boston Celtics,98951343420969493497594761179562691809954416596888138302255086663562042936451,0.1275,2026-04-30 18:00:11+00:00
1777572011,Cleveland Cavaliers,21929863894047830651599085392978377118642353711084157807549430066031384497667,0.0405,2026-04-30 18:00:11+00:00
1777572011,Denver Nuggets,56814725870179920615881424393027028330166672775619196396436430486653645555698,0.0375,2026-04-30 18:00:11+00:00
1777572011,Los Angeles Lakers,86297520870744792204751483474339201341298076835836561764334428915355504860913,0.0275,2026-04-30 18:00:11+00:00
1777572011,Orlando Magic,95140346952277551620015228752585531762813913098320669805735291271863965388665,0.0075,2026-04-30 18:00:11+00:00
1777572012,Philadelphia 76ers,5644679982684846699855787022092402984369447277920326773883608030240292167917,0.0055,2026-04-30 18:00:12+00:00
1777572012,Toronto Raptors,111039354521750894925304771773687530394455073318948424656845140321925374032772,0.0025,2026-04-30 18:00:12+00:00
1777572014,Atlanta Hawks,46018378684967856456278619377189791752501136727354913341087475972513992392267,0.0015,2026-04-30 18:00:14+00:00
1777572014,Minnesota Timberwolves,5771676627182954113677164857547228277089396639521594262964034606220001939923,0.011,2026-04-30 18:00:14+00:00
1777572014,Oklahoma City Thunder,49500299856831034491021962156746701298730459370557900271970866855042624695770,0.525,2026-04-30 18:00:14+00:00
1777572015,Detroit Pistons,59742411602053785892348440048778056320272639465974092140970920277782290781360,0.0165,2026-04-30 18:00:15+00:00
1777575605,San Antonio Spurs,102227184035967850089766981958743064457339118173548431660886438726896222843254,0.176,2026-04-30 19:00:05+00:00
1777575607,Houston Rockets,50705248713323657762767401378286601907820885259053704401453562452183494476631,0.0035,2026-04-30 19:00:07+00:00
1777575607,New York Knicks,20257190540739490630509657713144742134547949967093643458458133445357169845406,0.036,2026-04-30 19:00:07+00:00
1777575608,Boston Celtics,98951343420969493497594761179562691809954416596888138302255086663562042936451,0.1285,2026-04-30 19:00:08+00:00
1777575608,Cleveland Cavaliers,21929863894047830651599085392978377118642353711084157807549430066031384497667,0.041,2026-04-30 19:00:08+00:00
1777575608,Denver Nuggets,56814725870179920615881424393027028330166672775619196396436430486653645555698,0.0375,2026-04-30 19:00:08+00:00
1777575608,Los Angeles Lakers,86297520870744792204751483474339201341298076835836561764334428915355504860913,0.0275,2026-04-30 19:00:08+00:00
1777575608,Orlando Magic,95140346952277551620015228752585531762813913098320669805735291271863965388665,0.0075,2026-04-30 19:00:08+00:00
1777575608,Philadelphia 76ers,5644679982684846699855787022092402984369447277920326773883608030240292167917,0.0055,2026-04-30 19:00:08+00:00
1777575608,Toronto Raptors,111039354521750894925304771773687530394455073318948424656845140321925374032772,0.0025,2026-04-30 19:00:08+00:00
1777575609,Atlanta Hawks,46018378684967856456278619377189791752501136727354913341087475972513992392267,0.0025,2026-04-30 19:00:09+00:00
1777575610,Detroit Pistons,59742411602053785892348440048778056320272639465974092140970920277782290781360,0.0165,2026-04-30 19:00:10+00:00
1777575610,Minnesota Timberwolves,5771676627182954113677164857547228277089396639521594262964034606220001939923,0.0105,2026-04-30 19:00:10+00:00
1777575610,Oklahoma City Thunder,49500299856831034491021962156746701298730459370557900271970866855042624695770,0.525,2026-04-30 19:00:10+00:00
1777579206,San Antonio Spurs,102227184035967850089766981958743064457339118173548431660886438726896222843254,0.1765,2026-04-30 20:00:06+00:00
1777579208,Houston Rockets,50705248713323657762767401378286601907820885259053704401453562452183494476631,0.0035,2026-04-30 20:00:08+00:00
1777579208,New York Knicks,20257190540739490630509657713144742134547949967093643458458133445357169845406,0.0355,2026-04-30 20:00:08+00:00
1777579210,Boston Celtics,98951343420969493497594761179562691809954416596888138302255086663562042936451,0.1285,2026-04-30 20:00:10+00:00
1777579210,Cleveland Cavaliers,21929863894047830651599085392978377118642353711084157807549430066031384497667,0.041,2026-04-30 20:00:10+00:00
1777579210,Denver Nuggets,56814725870179920615881424393027028330166672775619196396436430486653645555698,0.0385,2026-04-30 20:00:10+00:00
1777579210,Los Angeles Lakers,86297520870744792204751483474339201341298076835836561764334428915355504860913,0.028,2026-04-30 20:00:10+00:00
1777579210,Orlando Magic,95140346952277551620015228752585531762813913098320669805735291271863965388665,0.0075,2026-04-30 20:00:10+00:00
1777579210,Philadelphia 76ers,5644679982684846699855787022092402984369447277920326773883608030240292167917,0.0055,2026-04-30 20:00:10+00:00
1777579210,Toronto Raptors,111039354521750894925304771773687530394455073318948424656845140321925374032772,0.0025,2026-04-30 20:00:10+00:00
1777579212,Atlanta Hawks,46018378684967856456278619377189791752501136727354913341087475972513992392267,0.0015,2026-04-30 20:00:12+00:00
1777579212,Detroit Pistons,59742411602053785892348440048778056320272639465974092140970920277782290781360,0.0165,2026-04-30 20:00:12+00:00
1777579212,Minnesota Timberwolves,5771676627182954113677164857547228277089396639521594262964034606220001939923,0.0105,2026-04-30 20:00:12+00:00
1777579212,Oklahoma City Thunder,49500299856831034491021962156746701298730459370557900271970866855042624695770,0.525,2026-04-30 20:00:12+00:00
1777582803,San Antonio Spurs,102227184035967850089766981958743064457339118173548431660886438726896222843254,0.176,2026-04-30 21:00:03+00:00
1777582806,Houston Rockets,50705248713323657762767401378286601907820885259053704401453562452183494476631,0.0035,2026-04-30 21:00:06+00:00
1777582806,New York Knicks,20257190540739490630509657713144742134547949967093643458458133445357169845406,0.0355,2026-04-30 21:00:06+00:00
1777582808,Boston Celtics,98951343420969493497594761179562691809954416596888138302255086663562042936451,0.1285,2026-04-30 21:00:08+00:00
1777582808,Cleveland Cavaliers,21929863894047830651599085392978377118642353711084157807549430066031384497667,0.0415,2026-04-30 21:00:08+00:00
1777582808,Denver Nuggets,56814725870179920615881424393027028330166672775619196396436430486653645555698,0.0385,2026-04-30 21:00:08+00:00
1777582808,Los Angeles Lakers,86297520870744792204751483474339201341298076835836561764334428915355504860913,0.032,2026-04-30 21:00:08+00:00
1777582808,Orlando Magic,95140346952277551620015228752585531762813913098320669805735291271863965388665,0.0075,2026-04-30 21:00:08+00:00
1777582809,Philadelphia 76ers,5644679982684846699855787022092402984369447277920326773883608030240292167917,0.0055,2026-04-30 21:00:09+00:00
1777582809,Toronto Raptors,111039354521750894925304771773687530394455073318948424656845140321925374032772,0.0025,2026-04-30 21:00:09+00:00
1777582810,Atlanta Hawks,46018378684967856456278619377189791752501136727354913341087475972513992392267,0.0025,2026-04-30 21:00:10+00:00
1777582810,Detroit Pistons,59742411602053785892348440048778056320272639465974092140970920277782290781360,0.0165,2026-04-30 21:00:10+00:00
1777582810,Minnesota Timberwolves,5771676627182954113677164857547228277089396639521594262964034606220001939923,0.0105,2026-04-30 21:00:10+00:00
1777582810,Oklahoma City Thunder,49500299856831034491021962156746701298730459370557900271970866855042624695770,0.525,2026-04-30 21:00:10+00:00
1777586405,San Antonio Spurs,102227184035967850089766981958743064457339118173548431660886438726896222843254,0.176,2026-04-30 22:00:05+00:00
1777586407,Houston Rockets,50705248713323657762767401378286601907820885259053704401453562452183494476631,0.0035,2026-04-30 22:00:07+00:00
1777586407,New York Knicks,20257190540739490630509657713144742134547949967093643458458133445357169845406,0.0355,2026-04-30 22:00:07+00:00
1777586408,Atlanta Hawks,46018378684967856456278619377189791752501136727354913341087475972513992392267,0.0025,2026-04-30 22:00:08+00:00
1777586408,Boston Celtics,98951343420969493497594761179562691809954416596888138302255086663562042936451,0.129,2026-04-30 22:00:08+00:00
1777586408,Cleveland Cavaliers,21929863894047830651599085392978377118642353711084157807549430066031384497667,0.0425,2026-04-30 22:00:08+00:00
1777586408,Denver Nuggets,56814725870179920615881424393027028330166672775619196396436430486653645555698,0.039,2026-04-30 22:00:08+00:00
1777586408,Los Angeles Lakers,86297520870744792204751483474339201341298076835836561764334428915355504860913,0.0325,2026-04-30 22:00:08+00:00
1777586408,Orlando Magic,95140346952277551620015228752585531762813913098320669805735291271863965388665,0.0075,2026-04-30 22:00:08+00:00
1777586408,Philadelphia 76ers,5644679982684846699855787022092402984369447277920326773883608030240292167917,0.0055,2026-04-30 22:00:08+00:00
1777586408,Toronto Raptors,111039354521750894925304771773687530394455073318948424656845140321925374032772,0.0025,2026-04-30 22:00:08+00:00
1777586409,Detroit Pistons,59742411602053785892348440048778056320272639465974092140970920277782290781360,0.0165,2026-04-30 22:00:09+00:00
1777586409,Minnesota Timberwolves,5771676627182954113677164857547228277089396639521594262964034606220001939923,0.011,2026-04-30 22:00:09+00:00
1777586409,Oklahoma City Thunder,49500299856831034491021962156746701298730459370557900271970866855042624695770,0.525,2026-04-30 22:00:09+00:00
1777590004,San Antonio Spurs,102227184035967850089766981958743064457339118173548431660886438726896222843254,0.176,2026-04-30 23:00:04+00:00
1777590006,Houston Rockets,50705248713323657762767401378286601907820885259053704401453562452183494476631,0.0035,2026-04-30 23:00:06+00:00
1777590006,New York Knicks,20257190540739490630509657713144742134547949967093643458458133445357169845406,0.0355,2026-04-30 23:00:06+00:00
1777590007,Boston Celtics,98951343420969493497594761179562691809954416596888138302255086663562042936451,0.1285,2026-04-30 23:00:07+00:00
1777590007,Cleveland Cavaliers,21929863894047830651599085392978377118642353711084157807549430066031384497667,0.0425,2026-04-30 23:00:07+00:00
1777590007,Denver Nuggets,56814725870179920615881424393027028330166672775619196396436430486653645555698,0.0385,2026-04-30 23:00:07+00:00
1777590007,Los Angeles Lakers,86297520870744792204751483474339201341298076835836561764334428915355504860913,0.0325,2026-04-30 23:00:07+00:00
1777590007,Orlando Magic,95140346952277551620015228752585531762813913098320669805735291271863965388665,0.0075,2026-04-30 23:00:07+00:00
1777590007,Philadelphia 76ers,5644679982684846699855787022092402984369447277920326773883608030240292167917,0.0055,2026-04-30 23:00:07+00:00
1777590007,Toronto Raptors,111039354521750894925304771773687530394455073318948424656845140321925374032772,0.0025,2026-04-30 23:00:07+00:00
1777590008,Atlanta Hawks,46018378684967856456278619377189791752501136727354913341087475972513992392267,0.002,2026-04-30 23:00:08+00:00
1777590008,Minnesota Timberwolves,5771676627182954113677164857547228277089396639521594262964034606220001939923,0.0115,2026-04-30 23:00:08+00:00
1777590008,Oklahoma City Thunder,49500299856831034491021962156746701298730459370557900271970866855042624695770,0.525,2026-04-30 23:00:08+00:00
1777590009,Detroit Pistons,59742411602053785892348440048778056320272639465974092140970920277782290781360,0.0155,2026-04-30 23:00:09+00:00
1777593604,San Antonio Spurs,102227184035967850089766981958743064457339118173548431660886438726896222843254,0.176,2026-05-01 00:00:04+00:00
1777593608,Houston Rockets,50705248713323657762767401378286601907820885259053704401453562452183494476631,0.004,2026-05-01 00:00:08+00:00
1777593608,New York Knicks,20257190540739490630509657713144742134547949967093643458458133445357169845406,0.048,2026-05-01 00:00:08+00:00
1777593615,Boston Celtics,98951343420969493497594761179562691809954416596888138302255086663562042936451,0.123,2026-05-01 00:00:15+00:00
1777593615,Cleveland Cavaliers,21929863894047830651599085392978377118642353711084157807549430066031384497667,0.0425,2026-05-01 00:00:15+00:00
1777593615,Denver Nuggets,56814725870179920615881424393027028330166672775619196396436430486653645555698,0.0395,2026-05-01 00:00:15+00:00
1777593615,Los Angeles Lakers,86297520870744792204751483474339201341298076835836561764334428915355504860913,0.0315,2026-05-01 00:00:15+00:00
1777593615,Orlando Magic,95140346952277551620015228752585531762813913098320669805735291271863965388665,0.0075,2026-05-01 00:00:15+00:00
1777593615,Philadelphia 76ers,5644679982684846699855787022092402984369447277920326773883608030240292167917,0.005,2026-05-01 00:00:15+00:00
1777593615,Toronto Raptors,111039354521750894925304771773687530394455073318948424656845140321925374032772,0.0025,2026-05-01 00:00:15+00:00
1777593619,Atlanta Hawks,46018378684967856456278619377189791752501136727354913341087475972513992392267,0.0005,2026-05-01 00:00:19+00:00
1777593620,Detroit Pistons,59742411602053785892348440048778056320272639465974092140970920277782290781360,0.0155,2026-05-01 00:00:20+00:00
1777593620,Minnesota Timberwolves,5771676627182954113677164857547228277089396639521594262964034606220001939923,0.012,2026-05-01 00:00:20+00:00
1777593620,Oklahoma City Thunder,49500299856831034491021962156746701298730459370557900271970866855042624695770,0.515,2026-05-01 00:00:20+00:00
1777597218,Houston Rockets,50705248713323657762767401378286601907820885259053704401453562452183494476631,0.004,2026-05-01 01:00:18+00:00
1777597218,San Antonio Spurs,102227184035967850089766981958743064457339118173548431660886438726896222843254,0.173,2026-05-01 01:00:18+00:00
1777597219,Boston Celtics,98951343420969493497594761179562691809954416596888138302255086663562042936451,0.1225,2026-05-01 01:00:19+00:00
1777597219,Cleveland Cavaliers,21929863894047830651599085392978377118642353711084157807549430066031384497667,0.0425,2026-05-01 01:00:19+00:00
1777597219,Denver Nuggets,56814725870179920615881424393027028330166672775619196396436430486653645555698,0.0395,2026-05-01 01:00:19+00:00
1777597219,Los Angeles Lakers,86297520870744792204751483474339201341298076835836561764334428915355504860913,0.0315,2026-05-01 01:00:19+00:00
1777597219,New York Knicks,20257190540739490630509657713144742134547949967093643458458133445357169845406,0.0525,2026-05-01 01:00:19+00:00
1777597219,Orlando Magic,95140346952277551620015228752585531762813913098320669805735291271863965388665,0.0075,2026-05-01 01:00:19+00:00
1777597219,Philadelphia 76ers,5644679982684846699855787022092402984369447277920326773883608030240292167917,0.006,2026-05-01 01:00:19+00:00
1777597219,Toronto Raptors,111039354521750894925304771773687530394455073318948424656845140321925374032772,0.0025,2026-05-01 01:00:19+00:00
1777597220,Atlanta Hawks,46018378684967856456278619377189791752501136727354913341087475972513992392267,0.0005,2026-05-01 01:00:20+00:00
1777597220,Detroit Pistons,59742411602053785892348440048778056320272639465974092140970920277782290781360,0.0155,2026-05-01 01:00:20+00:00
1777597220,Minnesota Timberwolves,5771676627182954113677164857547228277089396639521594262964034606220001939923,0.0075,2026-05-01 01:00:20+00:00
1777597220,Oklahoma City Thunder,49500299856831034491021962156746701298730459370557900271970866855042624695770,0.525,2026-05-01 01:00:20+00:00
1777600803,San Antonio Spurs,102227184035967850089766981958743064457339118173548431660886438726896222843254,0.172,2026-05-01 02:00:03+00:00
1777600805,Houston Rockets,50705248713323657762767401378286601907820885259053704401453562452183494476631,0.004,2026-05-01 02:00:05+00:00
1777600805,New York Knicks,20257190540739490630509657713144742134547949967093643458458133445357169845406,0.06,2026-05-01 02:00:05+00:00
1777600806,Boston Celtics,98951343420969493497594761179562691809954416596888138302255086663562042936451,0.0885,2026-05-01 02:00:06+00:00
1777600806,Cleveland Cavaliers,21929863894047830651599085392978377118642353711084157807549430066031384497667,0.0425,2026-05-01 02:00:06+00:00
1777600806,Denver Nuggets,56814725870179920615881424393027028330166672775619196396436430486653645555698,0.0385,2026-05-01 02:00:06+00:00
1777600806,Los Angeles Lakers,86297520870744792204751483474339201341298076835836561764334428915355504860913,0.0295,2026-05-01 02:00:06+00:00
1777600806,Orlando Magic,95140346952277551620015228752585531762813913098320669805735291271863965388665,0.0085,2026-05-01 02:00:06+00:00
1777600806,Philadelphia 76ers,5644679982684846699855787022092402984369447277920326773883608030240292167917,0.013,2026-05-01 02:00:06+00:00
1777600807,Toronto Raptors,111039354521750894925304771773687530394455073318948424656845140321925374032772,0.0025,2026-05-01 02:00:07+00:00
1777600808,Atlanta Hawks,46018378684967856456278619377189791752501136727354913341087475972513992392267,0.0005,2026-05-01 02:00:08+00:00
1777600808,Minnesota Timberwolves,5771676627182954113677164857547228277089396639521594262964034606220001939923,0.009,2026-05-01 02:00:08+00:00
1777600808,Oklahoma City Thunder,49500299856831034491021962156746701298730459370557900271970866855042624695770,0.525,2026-05-01 02:00:08+00:00
1777600809,Detroit Pistons,59742411602053785892348440048778056320272639465974092140970920277782290781360,0.0145,2026-05-01 02:00:09+00:00
1777604404,San Antonio Spurs,102227184035967850089766981958743064457339118173548431660886438726896222843254,0.1755,2026-05-01 03:00:04+00:00
1777604406,Houston Rockets,50705248713323657762767401378286601907820885259053704401453562452183494476631,0.004,2026-05-01 03:00:06+00:00
1777604407,New York Knicks,20257190540739490630509657713144742134547949967093643458458133445357169845406,0.059,2026-05-01 03:00:07+00:00
1777604408,Boston Celtics,98951343420969493497594761179562691809954416596888138302255086663562042936451,0.0885,2026-05-01 03:00:08+00:00
1777604409,Cleveland Cavaliers,21929863894047830651599085392978377118642353711084157807549430066031384497667,0.0415,2026-05-01 03:00:09+00:00
1777604409,Denver Nuggets,56814725870179920615881424393027028330166672775619196396436430486653645555698,0.0255,2026-05-01 03:00:09+00:00
1777604409,Los Angeles Lakers,86297520870744792204751483474339201341298076835836561764334428915355504860913,0.0285,2026-05-01 03:00:09+00:00
1777604409,Orlando Magic,95140346952277551620015228752585531762813913098320669805735291271863965388665,0.0085,2026-05-01 03:00:09+00:00
1777604409,Philadelphia 76ers,5644679982684846699855787022092402984369447277920326773883608030240292167917,0.0145,2026-05-01 03:00:09+00:00
1777604409,Toronto Raptors,111039354521750894925304771773687530394455073318948424656845140321925374032772,0.0025,2026-05-01 03:00:09+00:00
1777604410,Atlanta Hawks,46018378684967856456278619377189791752501136727354913341087475972513992392267,0.0005,2026-05-01 03:00:10+00:00
1777604410,Minnesota Timberwolves,5771676627182954113677164857547228277089396639521594262964034606220001939923,0.016,2026-05-01 03:00:10+00:00
1777604410,Oklahoma City Thunder,49500299856831034491021962156746701298730459370557900271970866855042624695770,0.525,2026-05-01 03:00:10+00:00
1777604411,Detroit Pistons,59742411602053785892348440048778056320272639465974092140970920277782290781360,0.0145,2026-05-01 03:00:11+00:00
1777608005,San Antonio Spurs,102227184035967850089766981958743064457339118173548431660886438726896222843254,0.1755,2026-05-01 04:00:05+00:00
1777608009,Houston Rockets,50705248713323657762767401378286601907820885259053704401453562452183494476631,0.0035,2026-05-01 04:00:09+00:00
1777608009,New York Knicks,20257190540739490630509657713144742134547949967093643458458133445357169845406,0.0565,2026-05-01 04:00:09+00:00
1777608012,Boston Celtics,98951343420969493497594761179562691809954416596888138302255086663562042936451,0.087,2026-05-01 04:00:12+00:00
1777608012,Cleveland Cavaliers,21929863894047830651599085392978377118642353711084157807549430066031384497667,0.042,2026-05-01 04:00:12+00:00
1777608012,Denver Nuggets,56814725870179920615881424393027028330166672775619196396436430486653645555698,0.018,2026-05-01 04:00:12+00:00
1777608012,Los Angeles Lakers,86297520870744792204751483474339201341298076835836561764334428915355504860913,0.0285,2026-05-01 04:00:12+00:00
1777608012,Orlando Magic,95140346952277551620015228752585531762813913098320669805735291271863965388665,0.0085,2026-05-01 04:00:12+00:00
1777608012,Philadelphia 76ers,5644679982684846699855787022092402984369447277920326773883608030240292167917,0.011,2026-05-01 04:00:12+00:00
1777608013,Toronto Raptors,111039354521750894925304771773687530394455073318948424656845140321925374032772,0.0025,2026-05-01 04:00:13+00:00
1777608014,Atlanta Hawks,46018378684967856456278619377189791752501136727354913341087475972513992392267,0.0005,2026-05-01 04:00:14+00:00
1777608015,Oklahoma City Thunder,49500299856831034491021962156746701298730459370557900271970866855042624695770,0.525,2026-05-01 04:00:15+00:00
1777608016,Minnesota Timberwolves,5771676627182954113677164857547228277089396639521594262964034606220001939923,0.0135,2026-05-01 04:00:16+00:00
1777608017,Detroit Pistons,59742411602053785892348440048778056320272639465974092140970920277782290781360,0.0165,2026-05-01 04:00:17+00:00
1777611604,San Antonio Spurs,102227184035967850089766981958743064457339118173548431660886438726896222843254,0.1855,2026-05-01 05:00:04+00:00
1777611607,Houston Rockets,50705248713323657762767401378286601907820885259053704401453562452183494476631,0.0055,2026-05-01 05:00:07+00:00
1777611607,New York Knicks,20257190540739490630509657713144742134547949967093643458458133445357169845406,0.056,2026-05-01 05:00:07+00:00
1777611610,Atlanta Hawks,46018378684967856456278619377189791752501136727354913341087475972513992392267,0.0005,2026-05-01 05:00:10+00:00
1777611610,Boston Celtics,98951343420969493497594761179562691809954416596888138302255086663562042936451,0.092,2026-05-01 05:00:10+00:00
1777611610,Cleveland Cavaliers,21929863894047830651599085392978377118642353711084157807549430066031384497667,0.0425,2026-05-01 05:00:10+00:00
1777611610,Denver Nuggets,56814725870179920615881424393027028330166672775619196396436430486653645555698,0.0005,2026-05-01 05:00:10+00:00
1777611610,Los Angeles Lakers,86297520870744792204751483474339201341298076835836561764334428915355504860913,0.0285,2026-05-01 05:00:10+00:00
1777611610,Orlando Magic,95140346952277551620015228752585531762813913098320669805735291271863965388665,0.013,2026-05-01 05:00:10+00:00
1777611610,Philadelphia 76ers,5644679982684846699855787022092402984369447277920326773883608030240292167917,0.0115,2026-05-01 05:00:10+00:00
1777611610,Toronto Raptors,111039354521750894925304771773687530394455073318948424656845140321925374032772,0.0025,2026-05-01 05:00:10+00:00
1777611612,Minnesota Timberwolves,5771676627182954113677164857547228277089396639521594262964034606220001939923,0.0185,2026-05-01 05:00:12+00:00
1777611612,Oklahoma City Thunder,49500299856831034491021962156746701298730459370557900271970866855042624695770,0.545,2026-05-01 05:00:12+00:00
1777611613,Detroit Pistons,59742411602053785892348440048778056320272639465974092140970920277782290781360,0.0175,2026-05-01 05:00:13+00:00
1777615206,San Antonio Spurs,102227184035967850089766981958743064457339118173548431660886438726896222843254,0.1875,2026-05-01 06:00:06+00:00
1777615209,Houston Rockets,50705248713323657762767401378286601907820885259053704401453562452183494476631,0.005,2026-05-01 06:00:09+00:00
1777615210,New York Knicks,20257190540739490630509657713144742134547949967093643458458133445357169845406,0.0505,2026-05-01 06:00:10+00:00
1777615212,Boston Celtics,98951343420969493497594761179562691809954416596888138302255086663562042936451,0.0855,2026-05-01 06:00:12+00:00
1777615212,Cleveland Cavaliers,21929863894047830651599085392978377118642353711084157807549430066031384497667,0.0425,2026-05-01 06:00:12+00:00
1777615212,Denver Nuggets,56814725870179920615881424393027028330166672775619196396436430486653645555698,0.0005,2026-05-01 06:00:12+00:00
1777615212,Los Angeles Lakers,86297520870744792204751483474339201341298076835836561764334428915355504860913,0.0275,2026-05-01 06:00:12+00:00
1777615212,Orlando Magic,95140346952277551620015228752585531762813913098320669805735291271863965388665,0.0095,2026-05-01 06:00:12+00:00
1777615212,Philadelphia 76ers,5644679982684846699855787022092402984369447277920326773883608030240292167917,0.0105,2026-05-01 06:00:12+00:00
1777615212,Toronto Raptors,111039354521750894925304771773687530394455073318948424656845140321925374032772,0.0025,2026-05-01 06:00:12+00:00
1777615214,Detroit Pistons,59742411602053785892348440048778056320272639465974092140970920277782290781360,0.0175,2026-05-01 06:00:14+00:00
1777615214,Minnesota Timberwolves,5771676627182954113677164857547228277089396639521594262964034606220001939923,0.0155,2026-05-01 06:00:14+00:00
1777615214,Oklahoma City Thunder,49500299856831034491021962156746701298730459370557900271970866855042624695770,0.565,2026-05-01 06:00:14+00:00
1777618804,San Antonio Spurs,102227184035967850089766981958743064457339118173548431660886438726896222843254,0.194,2026-05-01 07:00:04+00:00
1777618805,Houston Rockets,50705248713323657762767401378286601907820885259053704401453562452183494476631,0.005,2026-05-01 07:00:05+00:00
1777618806,New York Knicks,20257190540739490630509657713144742134547949967093643458458133445357169845406,0.0505,2026-05-01 07:00:06+00:00
1777618808,Boston Celtics,98951343420969493497594761179562691809954416596888138302255086663562042936451,0.0865,2026-05-01 07:00:08+00:00
1777618808,Cleveland Cavaliers,21929863894047830651599085392978377118642353711084157807549430066031384497667,0.0425,2026-05-01 07:00:08+00:00
1777618808,Denver Nuggets,56814725870179920615881424393027028330166672775619196396436430486653645555698,0.0005,2026-05-01 07:00:08+00:00
1777618808,Los Angeles Lakers,86297520870744792204751483474339201341298076835836561764334428915355504860913,0.0265,2026-05-01 07:00:08+00:00
1777618808,Orlando Magic,95140346952277551620015228752585531762813913098320669805735291271863965388665,0.0095,2026-05-01 07:00:08+00:00
1777618809,Oklahoma City Thunder,49500299856831034491021962156746701298730459370557900271970866855042624695770,0.565,2026-05-01 07:00:09+00:00
1777618809,Philadelphia 76ers,5644679982684846699855787022092402984369447277920326773883608030240292167917,0.0105,2026-05-01 07:00:09+00:00
1777618809,Toronto Raptors,111039354521750894925304771773687530394455073318948424656845140321925374032772,0.0035,2026-05-01 07:00:09+00:00
1777618811,Detroit Pistons,59742411602053785892348440048778056320272639465974092140970920277782290781360,0.016,2026-05-01 07:00:11+00:00
1777618811,Minnesota Timberwolves,5771676627182954113677164857547228277089396639521594262964034606220001939923,0.0145,2026-05-01 07:00:11+00:00
1777622405,San Antonio Spurs,102227184035967850089766981958743064457339118173548431660886438726896222843254,0.205,2026-05-01 08:00:05+00:00
1777622406,Houston Rockets,50705248713323657762767401378286601907820885259053704401453562452183494476631,0.0045,2026-05-01 08:00:06+00:00
1777622406,New York Knicks,20257190540739490630509657713144742134547949967093643458458133445357169845406,0.0505,2026-05-01 08:00:06+00:00
1777622407,Boston Celtics,98951343420969493497594761179562691809954416596888138302255086663562042936451,0.0865,2026-05-01 08:00:07+00:00
1777622407,Cleveland Cavaliers,21929863894047830651599085392978377118642353711084157807549430066031384497667,0.041,2026-05-01 08:00:07+00:00
1777622407,Denver Nuggets,56814725870179920615881424393027028330166672775619196396436430486653645555698,0.0005,2026-05-01 08:00:07+00:00
1777622407,Los Angeles Lakers,86297520870744792204751483474339201341298076835836561764334428915355504860913,0.0265,2026-05-01 08:00:07+00:00
1777622407,Orlando Magic,95140346952277551620015228752585531762813913098320669805735291271863965388665,0.009,2026-05-01 08:00:07+00:00
1777622407,Philadelphia 76ers,5644679982684846699855787022092402984369447277920326773883608030240292167917,0.0095,2026-05-01 08:00:07+00:00
1777622407,Toronto Raptors,111039354521750894925304771773687530394455073318948424656845140321925374032772,0.0025,2026-05-01 08:00:07+00:00
1777622408,Detroit Pistons,59742411602053785892348440048778056320272639465974092140970920277782290781360,0.0165,2026-05-01 08:00:08+00:00
1777622408,Minnesota Timberwolves,5771676627182954113677164857547228277089396639521594262964034606220001939923,0.0115,2026-05-01 08:00:08+00:00
1777622408,Oklahoma City Thunder,49500299856831034491021962156746701298730459370557900271970866855042624695770,0.555,2026-05-01 08:00:08+00:00
1777626005,San Antonio Spurs,102227184035967850089766981958743064457339118173548431660886438726896222843254,0.2075,2026-05-01 09:00:05+00:00
1777626007,Houston Rockets,50705248713323657762767401378286601907820885259053704401453562452183494476631,0.0045,2026-05-01 09:00:07+00:00
1777626007,New York Knicks,20257190540739490630509657713144742134547949967093643458458133445357169845406,0.0505,2026-05-01 09:00:07+00:00
1777626009,Boston Celtics,98951343420969493497594761179562691809954416596888138302255086663562042936451,0.0865,2026-05-01 09:00:09+00:00
1777626009,Cleveland Cavaliers,21929863894047830651599085392978377118642353711084157807549430066031384497667,0.041,2026-05-01 09:00:09+00:00
1777626009,Denver Nuggets,56814725870179920615881424393027028330166672775619196396436430486653645555698,0.0005,2026-05-01 09:00:09+00:00
1777626009,Los Angeles Lakers,86297520870744792204751483474339201341298076835836561764334428915355504860913,0.0265,2026-05-01 09:00:09+00:00
1777626009,Orlando Magic,95140346952277551620015228752585531762813913098320669805735291271863965388665,0.009,2026-05-01 09:00:09+00:00
1777626009,Philadelphia 76ers,5644679982684846699855787022092402984369447277920326773883608030240292167917,0.0095,2026-05-01 09:00:09+00:00
1777626009,Toronto Raptors,111039354521750894925304771773687530394455073318948424656845140321925374032772,0.0025,2026-05-01 09:00:09+00:00
1777626010,Minnesota Timberwolves,5771676627182954113677164857547228277089396639521594262964034606220001939923,0.0115,2026-05-01 09:00:10+00:00
1777626010,Oklahoma City Thunder,49500299856831034491021962156746701298730459370557900271970866855042624695770,0.555,2026-05-01 09:00:10+00:00
1777626011,Detroit Pistons,59742411602053785892348440048778056320272639465974092140970920277782290781360,0.0165,2026-05-01 09:00:11+00:00
1777629604,San Antonio Spurs,102227184035967850089766981958743064457339118173548431660886438726896222843254,0.206,2026-05-01 10:00:04+00:00
1777629605,Houston Rockets,50705248713323657762767401378286601907820885259053704401453562452183494476631,0.0035,2026-05-01 10:00:05+00:00
1777629605,New York Knicks,20257190540739490630509657713144742134547949967093643458458133445357169845406,0.0505,2026-05-01 10:00:05+00:00
1777629606,Boston Celtics,98951343420969493497594761179562691809954416596888138302255086663562042936451,0.0865,2026-05-01 10:00:06+00:00
1777629606,Cleveland Cavaliers,21929863894047830651599085392978377118642353711084157807549430066031384497667,0.041,2026-05-01 10:00:06+00:00
1777629606,Los Angeles Lakers,86297520870744792204751483474339201341298076835836561764334428915355504860913,0.0265,2026-05-01 10:00:06+00:00
1777629606,Orlando Magic,95140346952277551620015228752585531762813913098320669805735291271863965388665,0.009,2026-05-01 10:00:06+00:00
1777629606,Philadelphia 76ers,5644679982684846699855787022092402984369447277920326773883608030240292167917,0.0095,2026-05-01 10:00:06+00:00
1777629606,Toronto Raptors,111039354521750894925304771773687530394455073318948424656845140321925374032772,0.0025,2026-05-01 10:00:06+00:00
1777629607,Detroit Pistons,59742411602053785892348440048778056320272639465974092140970920277782290781360,0.0175,2026-05-01 10:00:07+00:00
1777629607,Minnesota Timberwolves,5771676627182954113677164857547228277089396639521594262964034606220001939923,0.0125,2026-05-01 10:00:07+00:00
1777629607,Oklahoma City Thunder,49500299856831034491021962156746701298730459370557900271970866855042624695770,0.555,2026-05-01 10:00:07+00:00
1777633203,San Antonio Spurs,102227184035967850089766981958743064457339118173548431660886438726896222843254,0.2075,2026-05-01 11:00:03+00:00
1777633205,Boston Celtics,98951343420969493497594761179562691809954416596888138302255086663562042936451,0.0865,2026-05-01 11:00:05+00:00
1777633205,Cleveland Cavaliers,21929863894047830651599085392978377118642353711084157807549430066031384497667,0.0405,2026-05-01 11:00:05+00:00
1777633205,Houston Rockets,50705248713323657762767401378286601907820885259053704401453562452183494476631,0.0035,2026-05-01 11:00:05+00:00
1777633205,Los Angeles Lakers,86297520870744792204751483474339201341298076835836561764334428915355504860913,0.0265,2026-05-01 11:00:05+00:00
1777633205,New York Knicks,20257190540739490630509657713144742134547949967093643458458133445357169845406,0.0505,2026-05-01 11:00:05+00:00
1777633205,Orlando Magic,95140346952277551620015228752585531762813913098320669805735291271863965388665,0.008,2026-05-01 11:00:05+00:00
1777633205,Philadelphia 76ers,5644679982684846699855787022092402984369447277920326773883608030240292167917,0.0085,2026-05-01 11:00:05+00:00
1777633206,Minnesota Timberwolves,5771676627182954113677164857547228277089396639521594262964034606220001939923,0.0125,2026-05-01 11:00:06+00:00
1777633206,Oklahoma City Thunder,49500299856831034491021962156746701298730459370557900271970866855042624695770,0.555,2026-05-01 11:00:06+00:00
1777633206,Toronto Raptors,111039354521750894925304771773687530394455073318948424656845140321925374032772,0.0025,2026-05-01 11:00:06+00:00
1777633207,Detroit Pistons,59742411602053785892348440048778056320272639465974092140970920277782290781360,0.0155,2026-05-01 11:00:07+00:00
1777636806,San Antonio Spurs,102227184035967850089766981958743064457339118173548431660886438726896222843254,0.206,2026-05-01 12:00:06+00:00
1777636809,Houston Rockets,50705248713323657762767401378286601907820885259053704401453562452183494476631,0.0045,2026-05-01 12:00:09+00:00
1777636809,New York Knicks,20257190540739490630509657713144742134547949967093643458458133445357169845406,0.0505,2026-05-01 12:00:09+00:00
1777636811,Boston Celtics,98951343420969493497594761179562691809954416596888138302255086663562042936451,0.0865,2026-05-01 12:00:11+00:00
1777636811,Cleveland Cavaliers,21929863894047830651599085392978377118642353711084157807549430066031384497667,0.0415,2026-05-01 12:00:11+00:00
1777636811,Los Angeles Lakers,86297520870744792204751483474339201341298076835836561764334428915355504860913,0.0265,2026-05-01 12:00:11+00:00
1777636811,Orlando Magic,95140346952277551620015228752585531762813913098320669805735291271863965388665,0.008,2026-05-01 12:00:11+00:00
1777636811,Philadelphia 76ers,5644679982684846699855787022092402984369447277920326773883608030240292167917,0.0095,2026-05-01 12:00:11+00:00
1777636811,Toronto Raptors,111039354521750894925304771773687530394455073318948424656845140321925374032772,0.0025,2026-05-01 12:00:11+00:00
1777636812,Detroit Pistons,59742411602053785892348440048778056320272639465974092140970920277782290781360,0.0155,2026-05-01 12:00:12+00:00
1777636812,Minnesota Timberwolves,5771676627182954113677164857547228277089396639521594262964034606220001939923,0.0125,2026-05-01 12:00:12+00:00
1777636812,Oklahoma City Thunder,49500299856831034491021962156746701298730459370557900271970866855042624695770,0.555,2026-05-01 12:00:12+00:00
1777640404,San Antonio Spurs,102227184035967850089766981958743064457339118173548431660886438726896222843254,0.2075,2026-05-01 13:00:04+00:00
1777640405,Houston Rockets,50705248713323657762767401378286601907820885259053704401453562452183494476631,0.0045,2026-05-01 13:00:05+00:00
1777640405,New York Knicks,20257190540739490630509657713144742134547949967093643458458133445357169845406,0.0505,2026-05-01 13:00:05+00:00
1777640406,Boston Celtics,98951343420969493497594761179562691809954416596888138302255086663562042936451,0.088,2026-05-01 13:00:06+00:00
1777640406,Cleveland Cavaliers,21929863894047830651599085392978377118642353711084157807549430066031384497667,0.0415,2026-05-01 13:00:06+00:00
1777640406,Los Angeles Lakers,86297520870744792204751483474339201341298076835836561764334428915355504860913,0.0265,2026-05-01 13:00:06+00:00
1777640406,Orlando Magic,95140346952277551620015228752585531762813913098320669805735291271863965388665,0.0085,2026-05-01 13:00:06+00:00
1777640406,Philadelphia 76ers,5644679982684846699855787022092402984369447277920326773883608030240292167917,0.01,2026-05-01 13:00:06+00:00
1777640407,Minnesota Timberwolves,5771676627182954113677164857547228277089396639521594262964034606220001939923,0.0125,2026-05-01 13:00:07+00:00
1777640407,Oklahoma City Thunder,49500299856831034491021962156746701298730459370557900271970866855042624695770,0.555,2026-05-01 13:00:07+00:00
1777640407,Toronto Raptors,111039354521750894925304771773687530394455073318948424656845140321925374032772,0.0025,2026-05-01 13:00:07+00:00
1777640408,Detroit Pistons,59742411602053785892348440048778056320272639465974092140970920277782290781360,0.0165,2026-05-01 13:00:08+00:00
1777644004,San Antonio Spurs,102227184035967850089766981958743064457339118173548431660886438726896222843254,0.203,2026-05-01 14:00:04+00:00
1777644005,Houston Rockets,50705248713323657762767401378286601907820885259053704401453562452183494476631,0.0045,2026-05-01 14:00:05+00:00
1777644005,New York Knicks,20257190540739490630509657713144742134547949967093643458458133445357169845406,0.0505,2026-05-01 14:00:05+00:00
1777644006,Boston Celtics,98951343420969493497594761179562691809954416596888138302255086663562042936451,0.0885,2026-05-01 14:00:06+00:00
1777644006,Cleveland Cavaliers,21929863894047830651599085392978377118642353711084157807549430066031384497667,0.0415,2026-05-01 14:00:06+00:00
1777644006,Los Angeles Lakers,86297520870744792204751483474339201341298076835836561764334428915355504860913,0.0265,2026-05-01 14:00:06+00:00
1777644006,Orlando Magic,95140346952277551620015228752585531762813913098320669805735291271863965388665,0.0085,2026-05-01 14:00:06+00:00
1777644007,Oklahoma City Thunder,49500299856831034491021962156746701298730459370557900271970866855042624695770,0.555,2026-05-01 14:00:07+00:00
1777644007,Philadelphia 76ers,5644679982684846699855787022092402984369447277920326773883608030240292167917,0.0105,2026-05-01 14:00:07+00:00
1777644007,Toronto Raptors,111039354521750894925304771773687530394455073318948424656845140321925374032772,0.0025,2026-05-01 14:00:07+00:00
1777644008,Detroit Pistons,59742411602053785892348440048778056320272639465974092140970920277782290781360,0.0185,2026-05-01 14:00:08+00:00
1777644008,Minnesota Timberwolves,5771676627182954113677164857547228277089396639521594262964034606220001939923,0.0125,2026-05-01 14:00:08+00:00
1777647604,San Antonio Spurs,102227184035967850089766981958743064457339118173548431660886438726896222843254,0.202,2026-05-01 15:00:04+00:00
1777647607,Houston Rockets,50705248713323657762767401378286601907820885259053704401453562452183494476631,0.0045,2026-05-01 15:00:07+00:00
1777647608,New York Knicks,20257190540739490630509657713144742134547949967093643458458133445357169845406,0.0515,2026-05-01 15:00:08+00:00
1777647611,Boston Celtics,98951343420969493497594761179562691809954416596888138302255086663562042936451,0.0885,2026-05-01 15:00:11+00:00
1777647612,Cleveland Cavaliers,21929863894047830651599085392978377118642353711084157807549430066031384497667,0.041,2026-05-01 15:00:12+00:00
1777647612,Los Angeles Lakers,86297520870744792204751483474339201341298076835836561764334428915355504860913,0.0265,2026-05-01 15:00:12+00:00
1777647612,Orlando Magic,95140346952277551620015228752585531762813913098320669805735291271863965388665,0.0085,2026-05-01 15:00:12+00:00
1777647612,Philadelphia 76ers,5644679982684846699855787022092402984369447277920326773883608030240292167917,0.013,2026-05-01 15:00:12+00:00
1777647612,Toronto Raptors,111039354521750894925304771773687530394455073318948424656845140321925374032772,0.0025,2026-05-01 15:00:12+00:00
1777647614,Detroit Pistons,59742411602053785892348440048778056320272639465974092140970920277782290781360,0.0195,2026-05-01 15:00:14+00:00
1777647614,Minnesota Timberwolves,5771676627182954113677164857547228277089396639521594262964034606220001939923,0.0125,2026-05-01 15:00:14+00:00
1777647614,Oklahoma City Thunder,49500299856831034491021962156746701298730459370557900271970866855042624695770,0.555,2026-05-01 15:00:14+00:00
1777651204,Houston Rockets,50705248713323657762767401378286601907820885259053704401453562452183494476631,0.0045,2026-05-01 16:00:04+00:00
1777651204,San Antonio Spurs,102227184035967850089766981958743064457339118173548431660886438726896222843254,0.2025,2026-05-01 16:00:04+00:00
1777651205,Boston Celtics,98951343420969493497594761179562691809954416596888138302255086663562042936451,0.0885,2026-05-01 16:00:05+00:00
1777651205,Cleveland Cavaliers,21929863894047830651599085392978377118642353711084157807549430066031384497667,0.0415,2026-05-01 16:00:05+00:00
1777651205,Los Angeles Lakers,86297520870744792204751483474339201341298076835836561764334428915355504860913,0.0255,2026-05-01 16:00:05+00:00
1777651205,New York Knicks,20257190540739490630509657713144742134547949967093643458458133445357169845406,0.0515,2026-05-01 16:00:05+00:00
1777651205,Orlando Magic,95140346952277551620015228752585531762813913098320669805735291271863965388665,0.0095,2026-05-01 16:00:05+00:00
1777651205,Philadelphia 76ers,5644679982684846699855787022092402984369447277920326773883608030240292167917,0.016,2026-05-01 16:00:05+00:00
1777651206,Minnesota Timberwolves,5771676627182954113677164857547228277089396639521594262964034606220001939923,0.0135,2026-05-01 16:00:06+00:00
1777651206,Oklahoma City Thunder,49500299856831034491021962156746701298730459370557900271970866855042624695770,0.555,2026-05-01 16:00:06+00:00
1777651206,Toronto Raptors,111039354521750894925304771773687530394455073318948424656845140321925374032772,0.0025,2026-05-01 16:00:06+00:00
1777651207,Detroit Pistons,59742411602053785892348440048778056320272639465974092140970920277782290781360,0.0155,2026-05-01 16:00:07+00:00
1777654804,San Antonio Spurs,102227184035967850089766981958743064457339118173548431660886438726896222843254,0.2035,2026-05-01 17:00:04+00:00
1777654809,Houston Rockets,50705248713323657762767401378286601907820885259053704401453562452183494476631,0.0045,2026-05-01 17:00:09+00:00
1777654810,New York Knicks,20257190540739490630509657713144742134547949967093643458458133445357169845406,0.0515,2026-05-01 17:00:10+00:00
1777654817,Boston Celtics,98951343420969493497594761179562691809954416596888138302255086663562042936451,0.0885,2026-05-01 17:00:17+00:00
1777654817,Cleveland Cavaliers,21929863894047830651599085392978377118642353711084157807549430066031384497667,0.0415,2026-05-01 17:00:17+00:00
1777654817,Los Angeles Lakers,86297520870744792204751483474339201341298076835836561764334428915355504860913,0.0255,2026-05-01 17:00:17+00:00
1777654817,Orlando Magic,95140346952277551620015228752585531762813913098320669805735291271863965388665,0.0065,2026-05-01 17:00:17+00:00
1777654817,Philadelphia 76ers,5644679982684846699855787022092402984369447277920326773883608030240292167917,0.0155,2026-05-01 17:00:17+00:00
1777654817,Toronto Raptors,111039354521750894925304771773687530394455073318948424656845140321925374032772,0.0025,2026-05-01 17:00:17+00:00
1777654823,Detroit Pistons,59742411602053785892348440048778056320272639465974092140970920277782290781360,0.0165,2026-05-01 17:00:23+00:00
1777654823,Minnesota Timberwolves,5771676627182954113677164857547228277089396639521594262964034606220001939923,0.0135,2026-05-01 17:00:23+00:00
1777654823,Oklahoma City Thunder,49500299856831034491021962156746701298730459370557900271970866855042624695770,0.555,2026-05-01 17:00:23+00:00
1777658406,San Antonio Spurs,102227184035967850089766981958743064457339118173548431660886438726896222843254,0.199,2026-05-01 18:00:06+00:00
1777658408,Houston Rockets,50705248713323657762767401378286601907820885259053704401453562452183494476631,0.0045,2026-05-01 18:00:08+00:00
1777658409,New York Knicks,20257190540739490630509657713144742134547949967093643458458133445357169845406,0.0485,2026-05-01 18:00:09+00:00
1777658411,Boston Celtics,98951343420969493497594761179562691809954416596888138302255086663562042936451,0.0915,2026-05-01 18:00:11+00:00
1777658411,Cleveland Cavaliers,21929863894047830651599085392978377118642353711084157807549430066031384497667,0.0415,2026-05-01 18:00:11+00:00
1777658411,Los Angeles Lakers,86297520870744792204751483474339201341298076835836561764334428915355504860913,0.0265,2026-05-01 18:00:11+00:00
1777658411,Orlando Magic,95140346952277551620015228752585531762813913098320669805735291271863965388665,0.0065,2026-05-01 18:00:11+00:00
1777658412,Philadelphia 76ers,5644679982684846699855787022092402984369447277920326773883608030240292167917,0.017,2026-05-01 18:00:12+00:00
1777658412,Toronto Raptors,111039354521750894925304771773687530394455073318948424656845140321925374032772,0.0025,2026-05-01 18:00:12+00:00
1777658414,Oklahoma City Thunder,49500299856831034491021962156746701298730459370557900271970866855042624695770,0.555,2026-05-01 18:00:14+00:00
1777658415,Minnesota Timberwolves,5771676627182954113677164857547228277089396639521594262964034606220001939923,0.0135,2026-05-01 18:00:15+00:00
1777658416,Detroit Pistons,59742411602053785892348440048778056320272639465974092140970920277782290781360,0.0185,2026-05-01 18:00:16+00:00
1777662004,San Antonio Spurs,102227184035967850089766981958743064457339118173548431660886438726896222843254,0.2,2026-05-01 19:00:04+00:00
1777662006,Houston Rockets,50705248713323657762767401378286601907820885259053704401453562452183494476631,0.0045,2026-05-01 19:00:06+00:00
1777662006,New York Knicks,20257190540739490630509657713144742134547949967093643458458133445357169845406,0.0465,2026-05-01 19:00:06+00:00
1777662007,Boston Celtics,98951343420969493497594761179562691809954416596888138302255086663562042936451,0.0915,2026-05-01 19:00:07+00:00
1777662007,Cleveland Cavaliers,21929863894047830651599085392978377118642353711084157807549430066031384497667,0.0415,2026-05-01 19:00:07+00:00
1777662007,Los Angeles Lakers,86297520870744792204751483474339201341298076835836561764334428915355504860913,0.026,2026-05-01 19:00:07+00:00
1777662007,Orlando Magic,95140346952277551620015228752585531762813913098320669805735291271863965388665,0.0075,2026-05-01 19:00:07+00:00
1777662007,Philadelphia 76ers,5644679982684846699855787022092402984369447277920326773883608030240292167917,0.018,2026-05-01 19:00:07+00:00
1777662007,Toronto Raptors,111039354521750894925304771773687530394455073318948424656845140321925374032772,0.0025,2026-05-01 19:00:07+00:00
1777662008,Detroit Pistons,59742411602053785892348440048778056320272639465974092140970920277782290781360,0.0175,2026-05-01 19:00:08+00:00
1777662008,Minnesota Timberwolves,5771676627182954113677164857547228277089396639521594262964034606220001939923,0.0135,2026-05-01 19:00:08+00:00
1777662008,Oklahoma City Thunder,49500299856831034491021962156746701298730459370557900271970866855042624695770,0.555,2026-05-01 19:00:08+00:00
1777669206,San Antonio Spurs,102227184035967850089766981958743064457339118173548431660886438726896222843254,0.201,2026-05-01 21:00:06+00:00
1777669209,Houston Rockets,50705248713323657762767401378286601907820885259053704401453562452183494476631,0.0045,2026-05-01 21:00:09+00:00
1777669209,New York Knicks,20257190540739490630509657713144742134547949967093643458458133445357169845406,0.0505,2026-05-01 21:00:09+00:00
1777669212,Boston Celtics,98951343420969493497594761179562691809954416596888138302255086663562042936451,0.0915,2026-05-01 21:00:12+00:00
1777669212,Cleveland Cavaliers,21929863894047830651599085392978377118642353711084157807549430066031384497667,0.0415,2026-05-01 21:00:12+00:00
1777669212,Los Angeles Lakers,86297520870744792204751483474339201341298076835836561764334428915355504860913,0.0265,2026-05-01 21:00:12+00:00
1777669212,Orlando Magic,95140346952277551620015228752585531762813913098320669805735291271863965388665,0.0075,2026-05-01 21:00:12+00:00
1777669212,Philadelphia 76ers,5644679982684846699855787022092402984369447277920326773883608030240292167917,0.013,2026-05-01 21:00:12+00:00
1777669212,Toronto Raptors,111039354521750894925304771773687530394455073318948424656845140321925374032772,0.0025,2026-05-01 21:00:12+00:00
1777669214,Detroit Pistons,59742411602053785892348440048778056320272639465974092140970920277782290781360,0.0175,2026-05-01 21:00:14+00:00
1777669214,Minnesota Timberwolves,5771676627182954113677164857547228277089396639521594262964034606220001939923,0.0135,2026-05-01 21:00:14+00:00
1777669214,Oklahoma City Thunder,49500299856831034491021962156746701298730459370557900271970866855042624695770,0.555,2026-05-01 21:00:14+00:00
1777672803,San Antonio Spurs,102227184035967850089766981958743064457339118173548431660886438726896222843254,0.2,2026-05-01 22:00:03+00:00
1777672804,Houston Rockets,50705248713323657762767401378286601907820885259053704401453562452183494476631,0.0045,2026-05-01 22:00:04+00:00
1777672805,Boston Celtics,98951343420969493497594761179562691809954416596888138302255086663562042936451,0.092,2026-05-01 22:00:05+00:00
1777672805,Cleveland Cavaliers,21929863894047830651599085392978377118642353711084157807549430066031384497667,0.0415,2026-05-01 22:00:05+00:00
1777672805,Los Angeles Lakers,86297520870744792204751483474339201341298076835836561764334428915355504860913,0.0265,2026-05-01 22:00:05+00:00
1777672805,New York Knicks,20257190540739490630509657713144742134547949967093643458458133445357169845406,0.0505,2026-05-01 22:00:05+00:00
1777672805,Orlando Magic,95140346952277551620015228752585531762813913098320669805735291271863965388665,0.0075,2026-05-01 22:00:05+00:00
1777672806,Detroit Pistons,59742411602053785892348440048778056320272639465974092140970920277782290781360,0.0175,2026-05-01 22:00:06+00:00
1777672806,Minnesota Timberwolves,5771676627182954113677164857547228277089396639521594262964034606220001939923,0.0135,2026-05-01 22:00:06+00:00
1777672806,Oklahoma City Thunder,49500299856831034491021962156746701298730459370557900271970866855042624695770,0.555,2026-05-01 22:00:06+00:00
1777672806,Philadelphia 76ers,5644679982684846699855787022092402984369447277920326773883608030240292167917,0.0125,2026-05-01 22:00:06+00:00
1777672806,Toronto Raptors,111039354521750894925304771773687530394455073318948424656845140321925374032772,0.0025,2026-05-01 22:00:06+00:00
1777676404,San Antonio Spurs,102227184035967850089766981958743064457339118173548431660886438726896222843254,0.1985,2026-05-01 23:00:04+00:00
1777676405,Houston Rockets,50705248713323657762767401378286601907820885259053704401453562452183494476631,0.0045,2026-05-01 23:00:05+00:00
1777676405,New York Knicks,20257190540739490630509657713144742134547949967093643458458133445357169845406,0.049,2026-05-01 23:00:05+00:00
1777676406,Boston Celtics,98951343420969493497594761179562691809954416596888138302255086663562042936451,0.0925,2026-05-01 23:00:06+00:00
1777676406,Cleveland Cavaliers,21929863894047830651599085392978377118642353711084157807549430066031384497667,0.0415,2026-05-01 23:00:06+00:00
1777676406,Los Angeles Lakers,86297520870744792204751483474339201341298076835836561764334428915355504860913,0.0265,2026-05-01 23:00:06+00:00
1777676406,Orlando Magic,95140346952277551620015228752585531762813913098320669805735291271863965388665,0.0075,2026-05-01 23:00:06+00:00
1777676406,Philadelphia 76ers,5644679982684846699855787022092402984369447277920326773883608030240292167917,0.016,2026-05-01 23:00:06+00:00
1777676406,Toronto Raptors,111039354521750894925304771773687530394455073318948424656845140321925374032772,0.0025,2026-05-01 23:00:06+00:00
1777676407,Detroit Pistons,59742411602053785892348440048778056320272639465974092140970920277782290781360,0.0205,2026-05-01 23:00:07+00:00
1777676407,Minnesota Timberwolves,5771676627182954113677164857547228277089396639521594262964034606220001939923,0.0135,2026-05-01 23:00:07+00:00
1777676407,Oklahoma City Thunder,49500299856831034491021962156746701298730459370557900271970866855042624695770,0.555,2026-05-01 23:00:07+00:00
1777680004,San Antonio Spurs,102227184035967850089766981958743064457339118173548431660886438726896222843254,0.2,2026-05-02 00:00:04+00:00
1777680006,Houston Rockets,50705248713323657762767401378286601907820885259053704401453562452183494476631,0.0045,2026-05-02 00:00:06+00:00
1777680006,New York Knicks,20257190540739490630509657713144742134547949967093643458458133445357169845406,0.0505,2026-05-02 00:00:06+00:00
1777680009,Boston Celtics,98951343420969493497594761179562691809954416596888138302255086663562042936451,0.0925,2026-05-02 00:00:09+00:00
1777680009,Cleveland Cavaliers,21929863894047830651599085392978377118642353711084157807549430066031384497667,0.0405,2026-05-02 00:00:09+00:00
1777680009,Los Angeles Lakers,86297520870744792204751483474339201341298076835836561764334428915355504860913,0.024,2026-05-02 00:00:09+00:00
1777680009,Orlando Magic,95140346952277551620015228752585531762813913098320669805735291271863965388665,0.015,2026-05-02 00:00:09+00:00
1777680009,Philadelphia 76ers,5644679982684846699855787022092402984369447277920326773883608030240292167917,0.018,2026-05-02 00:00:09+00:00
1777680009,Toronto Raptors,111039354521750894925304771773687530394455073318948424656845140321925374032772,0.0015,2026-05-02 00:00:09+00:00
1777680013,Detroit Pistons,59742411602053785892348440048778056320272639465974092140970920277782290781360,0.0065,2026-05-02 00:00:13+00:00
1777680013,Minnesota Timberwolves,5771676627182954113677164857547228277089396639521594262964034606220001939923,0.0135,2026-05-02 00:00:13+00:00
1777680013,Oklahoma City Thunder,49500299856831034491021962156746701298730459370557900271970866855042624695770,0.555,2026-05-02 00:00:13+00:00
1777683604,Houston Rockets,50705248713323657762767401378286601907820885259053704401453562452183494476631,0.0055,2026-05-02 01:00:04+00:00
1777683604,San Antonio Spurs,102227184035967850089766981958743064457339118173548431660886438726896222843254,0.201,2026-05-02 01:00:04+00:00
1777683605,Boston Celtics,98951343420969493497594761179562691809954416596888138302255086663562042936451,0.0965,2026-05-02 01:00:05+00:00
1777683605,Cleveland Cavaliers,21929863894047830651599085392978377118642353711084157807549430066031384497667,0.04,2026-05-02 01:00:05+00:00
1777683605,Los Angeles Lakers,86297520870744792204751483474339201341298076835836561764334428915355504860913,0.023,2026-05-02 01:00:05+00:00
1777683605,New York Knicks,20257190540739490630509657713144742134547949967093643458458133445357169845406,0.058,2026-05-02 01:00:05+00:00
1777683605,Orlando Magic,95140346952277551620015228752585531762813913098320669805735291271863965388665,0.011,2026-05-02 01:00:05+00:00
1777683606,Detroit Pistons,59742411602053785892348440048778056320272639465974092140970920277782290781360,0.005,2026-05-02 01:00:06+00:00
1777683606,Minnesota Timberwolves,5771676627182954113677164857547228277089396639521594262964034606220001939923,0.0135,2026-05-02 01:00:06+00:00
1777683606,Oklahoma City Thunder,49500299856831034491021962156746701298730459370557900271970866855042624695770,0.555,2026-05-02 01:00:06+00:00
1777683606,Philadelphia 76ers,5644679982684846699855787022092402984369447277920326773883608030240292167917,0.018,2026-05-02 01:00:06+00:00
1777683606,Toronto Raptors,111039354521750894925304771773687530394455073318948424656845140321925374032772,0.0065,2026-05-02 01:00:06+00:00
1777687207,San Antonio Spurs,102227184035967850089766981958743064457339118173548431660886438726896222843254,0.201,2026-05-02 02:00:07+00:00
1777687208,Houston Rockets,50705248713323657762767401378286601907820885259053704401453562452183494476631,0.0055,2026-05-02 02:00:08+00:00
1777687208,New York Knicks,20257190540739490630509657713144742134547949967093643458458133445357169845406,0.0525,2026-05-02 02:00:08+00:00
1777687209,Boston Celtics,98951343420969493497594761179562691809954416596888138302255086663562042936451,0.094,2026-05-02 02:00:09+00:00
1777687209,Cleveland Cavaliers,21929863894047830651599085392978377118642353711084157807549430066031384497667,0.037,2026-05-02 02:00:09+00:00
1777687209,Los Angeles Lakers,86297520870744792204751483474339201341298076835836561764334428915355504860913,0.021,2026-05-02 02:00:09+00:00
1777687209,Orlando Magic,95140346952277551620015228752585531762813913098320669805735291271863965388665,0.0035,2026-05-02 02:00:09+00:00
1777687209,Philadelphia 76ers,5644679982684846699855787022092402984369447277920326773883608030240292167917,0.0155,2026-05-02 02:00:09+00:00
1777687209,Toronto Raptors,111039354521750894925304771773687530394455073318948424656845140321925374032772,0.0035,2026-05-02 02:00:09+00:00
1777687210,Detroit Pistons,59742411602053785892348440048778056320272639465974092140970920277782290781360,0.025,2026-05-02 02:00:10+00:00
1777687210,Minnesota Timberwolves,5771676627182954113677164857547228277089396639521594262964034606220001939923,0.0135,2026-05-02 02:00:10+00:00
1777687210,Oklahoma City Thunder,49500299856831034491021962156746701298730459370557900271970866855042624695770,0.555,2026-05-02 02:00:10+00:00
1777690806,San Antonio Spurs,102227184035967850089766981958743064457339118173548431660886438726896222843254,0.1995,2026-05-02 03:00:06+00:00
1777690808,Houston Rockets,50705248713323657762767401378286601907820885259053704401453562452183494476631,0.0025,2026-05-02 03:00:08+00:00
1777690808,New York Knicks,20257190540739490630509657713144742134547949967093643458458133445357169845406,0.0515,2026-05-02 03:00:08+00:00
1777690810,Boston Celtics,98951343420969493497594761179562691809954416596888138302255086663562042936451,0.094,2026-05-02 03:00:10+00:00
1777690810,Cleveland Cavaliers,21929863894047830651599085392978377118642353711084157807549430066031384497667,0.029,2026-05-02 03:00:10+00:00
1777690810,Los Angeles Lakers,86297520870744792204751483474339201341298076835836561764334428915355504860913,0.0295,2026-05-02 03:00:10+00:00
1777690810,Orlando Magic,95140346952277551620015228752585531762813913098320669805735291271863965388665,0.0035,2026-05-02 03:00:10+00:00
1777690810,Philadelphia 76ers,5644679982684846699855787022092402984369447277920326773883608030240292167917,0.015,2026-05-02 03:00:10+00:00
1777690810,Toronto Raptors,111039354521750894925304771773687530394455073318948424656845140321925374032772,0.005,2026-05-02 03:00:10+00:00
1777690811,Detroit Pistons,59742411602053785892348440048778056320272639465974092140970920277782290781360,0.031,2026-05-02 03:00:11+00:00
1777690811,Minnesota Timberwolves,5771676627182954113677164857547228277089396639521594262964034606220001939923,0.0135,2026-05-02 03:00:11+00:00
1777690811,Oklahoma City Thunder,49500299856831034491021962156746701298730459370557900271970866855042624695770,0.555,2026-05-02 03:00:11+00:00
1777694405,San Antonio Spurs,102227184035967850089766981958743064457339118173548431660886438726896222843254,0.201,2026-05-02 04:00:05+00:00
1777694406,Houston Rockets,50705248713323657762767401378286601907820885259053704401453562452183494476631,0.0005,2026-05-02 04:00:06+00:00
1777694406,New York Knicks,20257190540739490630509657713144742134547949967093643458458133445357169845406,0.0495,2026-05-02 04:00:06+00:00
1777694407,Boston Celtics,98951343420969493497594761179562691809954416596888138302255086663562042936451,0.0925,2026-05-02 04:00:07+00:00
1777694407,Cleveland Cavaliers,21929863894047830651599085392978377118642353711084157807549430066031384497667,0.026,2026-05-02 04:00:07+00:00
1777694407,Los Angeles Lakers,86297520870744792204751483474339201341298076835836561764334428915355504860913,0.034,2026-05-02 04:00:07+00:00
1777694407,Minnesota Timberwolves,5771676627182954113677164857547228277089396639521594262964034606220001939923,0.0135,2026-05-02 04:00:07+00:00
1777694407,Oklahoma City Thunder,49500299856831034491021962156746701298730459370557900271970866855042624695770,0.555,2026-05-02 04:00:07+00:00
1777694407,Orlando Magic,95140346952277551620015228752585531762813913098320669805735291271863965388665,0.0025,2026-05-02 04:00:07+00:00
1777694407,Philadelphia 76ers,5644679982684846699855787022092402984369447277920326773883608030240292167917,0.015,2026-05-02 04:00:07+00:00
1777694407,Toronto Raptors,111039354521750894925304771773687530394455073318948424656845140321925374032772,0.006,2026-05-02 04:00:07+00:00
1777694408,Detroit Pistons,59742411602053785892348440048778056320272639465974092140970920277782290781360,0.0305,2026-05-02 04:00:08+00:00
1777698005,San Antonio Spurs,102227184035967850089766981958743064457339118173548431660886438726896222843254,0.201,2026-05-02 05:00:05+00:00
1777698007,Houston Rockets,50705248713323657762767401378286601907820885259053704401453562452183494476631,0.0005,2026-05-02 05:00:07+00:00
1777698007,New York Knicks,20257190540739490630509657713144742134547949967093643458458133445357169845406,0.0535,2026-05-02 05:00:07+00:00
1777698008,Boston Celtics,98951343420969493497594761179562691809954416596888138302255086663562042936451,0.0935,2026-05-02 05:00:08+00:00
1777698008,Cleveland Cavaliers,21929863894047830651599085392978377118642353711084157807549430066031384497667,0.0265,2026-05-02 05:00:08+00:00
1777698008,Los Angeles Lakers,86297520870744792204751483474339201341298076835836561764334428915355504860913,0.0285,2026-05-02 05:00:08+00:00
1777698008,Orlando Magic,95140346952277551620015228752585531762813913098320669805735291271863965388665,0.0045,2026-05-02 05:00:08+00:00
1777698008,Philadelphia 76ers,5644679982684846699855787022092402984369447277920326773883608030240292167917,0.0135,2026-05-02 05:00:08+00:00
1777698009,Detroit Pistons,59742411602053785892348440048778056320272639465974092140970920277782290781360,0.0315,2026-05-02 05:00:09+00:00
1777698009,Minnesota Timberwolves,5771676627182954113677164857547228277089396639521594262964034606220001939923,0.0135,2026-05-02 05:00:09+00:00
1777698009,Oklahoma City Thunder,49500299856831034491021962156746701298730459370557900271970866855042624695770,0.555,2026-05-02 05:00:09+00:00
1777698009,Toronto Raptors,111039354521750894925304771773687530394455073318948424656845140321925374032772,0.004,2026-05-02 05:00:09+00:00
1777701604,San Antonio Spurs,102227184035967850089766981958743064457339118173548431660886438726896222843254,0.2005,2026-05-02 06:00:04+00:00
1777701606,Houston Rockets,50705248713323657762767401378286601907820885259053704401453562452183494476631,0.0005,2026-05-02 06:00:06+00:00
1777701606,New York Knicks,20257190540739490630509657713144742134547949967093643458458133445357169845406,0.0535,2026-05-02 06:00:06+00:00
1777701608,Boston Celtics,98951343420969493497594761179562691809954416596888138302255086663562042936451,0.094,2026-05-02 06:00:08+00:00
1777701608,Cleveland Cavaliers,21929863894047830651599085392978377118642353711084157807549430066031384497667,0.027,2026-05-02 06:00:08+00:00
1777701608,Los Angeles Lakers,86297520870744792204751483474339201341298076835836561764334428915355504860913,0.0275,2026-05-02 06:00:08+00:00
1777701608,Orlando Magic,95140346952277551620015228752585531762813913098320669805735291271863965388665,0.0045,2026-05-02 06:00:08+00:00
1777701608,Philadelphia 76ers,5644679982684846699855787022092402984369447277920326773883608030240292167917,0.014,2026-05-02 06:00:08+00:00
1777701609,Toronto Raptors,111039354521750894925304771773687530394455073318948424656845140321925374032772,0.004,2026-05-02 06:00:09+00:00
1777701610,Detroit Pistons,59742411602053785892348440048778056320272639465974092140970920277782290781360,0.0305,2026-05-02 06:00:10+00:00
1777701610,Minnesota Timberwolves,5771676627182954113677164857547228277089396639521594262964034606220001939923,0.0125,2026-05-02 06:00:10+00:00
1777701610,Oklahoma City Thunder,49500299856831034491021962156746701298730459370557900271970866855042624695770,0.555,2026-05-02 06:00:10+00:00
1777705218,San Antonio Spurs,102227184035967850089766981958743064457339118173548431660886438726896222843254,0.2,2026-05-02 07:00:18+00:00
1777705220,Houston Rockets,50705248713323657762767401378286601907820885259053704401453562452183494476631,0.0005,2026-05-02 07:00:20+00:00
1777705221,New York Knicks,20257190540739490630509657713144742134547949967093643458458133445357169845406,0.0535,2026-05-02 07:00:21+00:00
1777705223,Boston Celtics,98951343420969493497594761179562691809954416596888138302255086663562042936451,0.0975,2026-05-02 07:00:23+00:00
1777705223,Cleveland Cavaliers,21929863894047830651599085392978377118642353711084157807549430066031384497667,0.0305,2026-05-02 07:00:23+00:00
1777705223,Los Angeles Lakers,86297520870744792204751483474339201341298076835836561764334428915355504860913,0.027,2026-05-02 07:00:23+00:00
1777705223,Orlando Magic,95140346952277551620015228752585531762813913098320669805735291271863965388665,0.003,2026-05-02 07:00:23+00:00
1777705223,Philadelphia 76ers,5644679982684846699855787022092402984369447277920326773883608030240292167917,0.012,2026-05-02 07:00:23+00:00
1777705223,Toronto Raptors,111039354521750894925304771773687530394455073318948424656845140321925374032772,0.0045,2026-05-02 07:00:23+00:00
1777705225,Detroit Pistons,59742411602053785892348440048778056320272639465974092140970920277782290781360,0.0305,2026-05-02 07:00:25+00:00
1777705225,Minnesota Timberwolves,5771676627182954113677164857547228277089396639521594262964034606220001939923,0.0125,2026-05-02 07:00:25+00:00
1777705225,Oklahoma City Thunder,49500299856831034491021962156746701298730459370557900271970866855042624695770,0.555,2026-05-02 07:00:25+00:00
1777708817,San Antonio Spurs,102227184035967850089766981958743064457339118173548431660886438726896222843254,0.2015,2026-05-02 08:00:17+00:00
1777708818,New York Knicks,20257190540739490630509657713144742134547949967093643458458133445357169845406,0.0525,2026-05-02 08:00:18+00:00
1777708819,Boston Celtics,98951343420969493497594761179562691809954416596888138302255086663562042936451,0.0965,2026-05-02 08:00:19+00:00
1777708819,Cleveland Cavaliers,21929863894047830651599085392978377118642353711084157807549430066031384497667,0.028,2026-05-02 08:00:19+00:00
1777708819,Los Angeles Lakers,86297520870744792204751483474339201341298076835836561764334428915355504860913,0.0295,2026-05-02 08:00:19+00:00
1777708819,Orlando Magic,95140346952277551620015228752585531762813913098320669805735291271863965388665,0.003,2026-05-02 08:00:19+00:00
1777708819,Philadelphia 76ers,5644679982684846699855787022092402984369447277920326773883608030240292167917,0.0095,2026-05-02 08:00:19+00:00
1777708819,Toronto Raptors,111039354521750894925304771773687530394455073318948424656845140321925374032772,0.005,2026-05-02 08:00:19+00:00
1777708820,Detroit Pistons,59742411602053785892348440048778056320272639465974092140970920277782290781360,0.0315,2026-05-02 08:00:20+00:00
1777708820,Minnesota Timberwolves,5771676627182954113677164857547228277089396639521594262964034606220001939923,0.0125,2026-05-02 08:00:20+00:00
1777708820,Oklahoma City Thunder,49500299856831034491021962156746701298730459370557900271970866855042624695770,0.555,2026-05-02 08:00:20+00:00
1777712406,San Antonio Spurs,102227184035967850089766981958743064457339118173548431660886438726896222843254,0.2,2026-05-02 09:00:06+00:00
1777712410,New York Knicks,20257190540739490630509657713144742134547949967093643458458133445357169845406,0.0525,2026-05-02 09:00:10+00:00
1777712412,Boston Celtics,98951343420969493497594761179562691809954416596888138302255086663562042936451,0.0965,2026-05-02 09:00:12+00:00
1777712412,Cleveland Cavaliers,21929863894047830651599085392978377118642353711084157807549430066031384497667,0.028,2026-05-02 09:00:12+00:00
1777712412,Los Angeles Lakers,86297520870744792204751483474339201341298076835836561764334428915355504860913,0.0285,2026-05-02 09:00:12+00:00
1777712412,Orlando Magic,95140346952277551620015228752585531762813913098320669805735291271863965388665,0.0035,2026-05-02 09:00:12+00:00
1777712412,Philadelphia 76ers,5644679982684846699855787022092402984369447277920326773883608030240292167917,0.0095,2026-05-02 09:00:12+00:00
1777712413,Toronto Raptors,111039354521750894925304771773687530394455073318948424656845140321925374032772,0.0055,2026-05-02 09:00:13+00:00
1777712414,Detroit Pistons,59742411602053785892348440048778056320272639465974092140970920277782290781360,0.0315,2026-05-02 09:00:14+00:00
1777712414,Minnesota Timberwolves,5771676627182954113677164857547228277089396639521594262964034606220001939923,0.0115,2026-05-02 09:00:14+00:00
1777712414,Oklahoma City Thunder,49500299856831034491021962156746701298730459370557900271970866855042624695770,0.555,2026-05-02 09:00:14+00:00
1777716004,San Antonio Spurs,102227184035967850089766981958743064457339118173548431660886438726896222843254,0.1995,2026-05-02 10:00:04+00:00
1777716005,New York Knicks,20257190540739490630509657713144742134547949967093643458458133445357169845406,0.0525,2026-05-02 10:00:05+00:00
1777716006,Boston Celtics,98951343420969493497594761179562691809954416596888138302255086663562042936451,0.097,2026-05-02 10:00:06+00:00
1777716006,Cleveland Cavaliers,21929863894047830651599085392978377118642353711084157807549430066031384497667,0.0285,2026-05-02 10:00:06+00:00
1777716006,Los Angeles Lakers,86297520870744792204751483474339201341298076835836561764334428915355504860913,0.0275,2026-05-02 10:00:06+00:00
1777716006,Orlando Magic,95140346952277551620015228752585531762813913098320669805735291271863965388665,0.0035,2026-05-02 10:00:06+00:00
1777716006,Philadelphia 76ers,5644679982684846699855787022092402984369447277920326773883608030240292167917,0.0095,2026-05-02 10:00:06+00:00
1777716006,Toronto Raptors,111039354521750894925304771773687530394455073318948424656845140321925374032772,0.0045,2026-05-02 10:00:06+00:00
1777716007,Detroit Pistons,59742411602053785892348440048778056320272639465974092140970920277782290781360,0.0315,2026-05-02 10:00:07+00:00
1777716007,Minnesota Timberwolves,5771676627182954113677164857547228277089396639521594262964034606220001939923,0.0115,2026-05-02 10:00:07+00:00
1777716007,Oklahoma City Thunder,49500299856831034491021962156746701298730459370557900271970866855042624695770,0.555,2026-05-02 10:00:07+00:00
1777719604,San Antonio Spurs,102227184035967850089766981958743064457339118173548431660886438726896222843254,0.1995,2026-05-02 11:00:04+00:00
1777719606,Boston Celtics,98951343420969493497594761179562691809954416596888138302255086663562042936451,0.0925,2026-05-02 11:00:06+00:00
1777719606,Cleveland Cavaliers,21929863894047830651599085392978377118642353711084157807549430066031384497667,0.028,2026-05-02 11:00:06+00:00
1777719606,Los Angeles Lakers,86297520870744792204751483474339201341298076835836561764334428915355504860913,0.0275,2026-05-02 11:00:06+00:00
1777719606,New York Knicks,20257190540739490630509657713144742134547949967093643458458133445357169845406,0.0545,2026-05-02 11:00:06+00:00
1777719606,Orlando Magic,95140346952277551620015228752585531762813913098320669805735291271863965388665,0.0035,2026-05-02 11:00:06+00:00
1777719606,Philadelphia 76ers,5644679982684846699855787022092402984369447277920326773883608030240292167917,0.0095,2026-05-02 11:00:06+00:00
1777719606,Toronto Raptors,111039354521750894925304771773687530394455073318948424656845140321925374032772,0.0045,2026-05-02 11:00:06+00:00
1777719607,Detroit Pistons,59742411602053785892348440048778056320272639465974092140970920277782290781360,0.0305,2026-05-02 11:00:07+00:00
1777719607,Minnesota Timberwolves,5771676627182954113677164857547228277089396639521594262964034606220001939923,0.0105,2026-05-02 11:00:07+00:00
1777719607,Oklahoma City Thunder,49500299856831034491021962156746701298730459370557900271970866855042624695770,0.555,2026-05-02 11:00:07+00:00
1777723204,San Antonio Spurs,102227184035967850089766981958743064457339118173548431660886438726896222843254,0.1995,2026-05-02 12:00:04+00:00
1777723207,New York Knicks,20257190540739490630509657713144742134547949967093643458458133445357169845406,0.0545,2026-05-02 12:00:07+00:00
1777723209,Boston Celtics,98951343420969493497594761179562691809954416596888138302255086663562042936451,0.0925,2026-05-02 12:00:09+00:00
1777723209,Cleveland Cavaliers,21929863894047830651599085392978377118642353711084157807549430066031384497667,0.028,2026-05-02 12:00:09+00:00
1777723209,Los Angeles Lakers,86297520870744792204751483474339201341298076835836561764334428915355504860913,0.0275,2026-05-02 12:00:09+00:00
1777723209,Orlando Magic,95140346952277551620015228752585531762813913098320669805735291271863965388665,0.0035,2026-05-02 12:00:09+00:00
1777723210,Philadelphia 76ers,5644679982684846699855787022092402984369447277920326773883608030240292167917,0.0095,2026-05-02 12:00:10+00:00
1777723210,Toronto Raptors,111039354521750894925304771773687530394455073318948424656845140321925374032772,0.0045,2026-05-02 12:00:10+00:00
1777723211,Detroit Pistons,59742411602053785892348440048778056320272639465974092140970920277782290781360,0.0315,2026-05-02 12:00:11+00:00
1777723211,Minnesota Timberwolves,5771676627182954113677164857547228277089396639521594262964034606220001939923,0.0105,2026-05-02 12:00:11+00:00
1777723211,Oklahoma City Thunder,49500299856831034491021962156746701298730459370557900271970866855042624695770,0.555,2026-05-02 12:00:11+00:00
1777726807,San Antonio Spurs,102227184035967850089766981958743064457339118173548431660886438726896222843254,0.1995,2026-05-02 13:00:07+00:00
1777726808,New York Knicks,20257190540739490630509657713144742134547949967093643458458133445357169845406,0.0535,2026-05-02 13:00:08+00:00
1777726809,Boston Celtics,98951343420969493497594761179562691809954416596888138302255086663562042936451,0.0925,2026-05-02 13:00:09+00:00
1777726809,Cleveland Cavaliers,21929863894047830651599085392978377118642353711084157807549430066031384497667,0.0275,2026-05-02 13:00:09+00:00
1777726809,Los Angeles Lakers,86297520870744792204751483474339201341298076835836561764334428915355504860913,0.0275,2026-05-02 13:00:09+00:00
1777726809,Orlando Magic,95140346952277551620015228752585531762813913098320669805735291271863965388665,0.0045,2026-05-02 13:00:09+00:00
1777726809,Philadelphia 76ers,5644679982684846699855787022092402984369447277920326773883608030240292167917,0.0115,2026-05-02 13:00:09+00:00
1777726809,Toronto Raptors,111039354521750894925304771773687530394455073318948424656845140321925374032772,0.0045,2026-05-02 13:00:09+00:00
1777726810,Detroit Pistons,59742411602053785892348440048778056320272639465974092140970920277782290781360,0.032,2026-05-02 13:00:10+00:00
1777726810,Minnesota Timberwolves,5771676627182954113677164857547228277089396639521594262964034606220001939923,0.0105,2026-05-02 13:00:10+00:00
1777726810,Oklahoma City Thunder,49500299856831034491021962156746701298730459370557900271970866855042624695770,0.555,2026-05-02 13:00:10+00:00
1777730406,San Antonio Spurs,102227184035967850089766981958743064457339118173548431660886438726896222843254,0.1985,2026-05-02 14:00:06+00:00
1777730407,New York Knicks,20257190540739490630509657713144742134547949967093643458458133445357169845406,0.0525,2026-05-02 14:00:07+00:00
1777730408,Boston Celtics,98951343420969493497594761179562691809954416596888138302255086663562042936451,0.0925,2026-05-02 14:00:08+00:00
1777730408,Cleveland Cavaliers,21929863894047830651599085392978377118642353711084157807549430066031384497667,0.0275,2026-05-02 14:00:08+00:00
1777730408,Detroit Pistons,59742411602053785892348440048778056320272639465974092140970920277782290781360,0.0315,2026-05-02 14:00:08+00:00
1777730408,Los Angeles Lakers,86297520870744792204751483474339201341298076835836561764334428915355504860913,0.0275,2026-05-02 14:00:08+00:00
1777730408,Minnesota Timberwolves,5771676627182954113677164857547228277089396639521594262964034606220001939923,0.0115,2026-05-02 14:00:08+00:00
1777730408,Oklahoma City Thunder,49500299856831034491021962156746701298730459370557900271970866855042624695770,0.555,2026-05-02 14:00:08+00:00
1777730408,Orlando Magic,95140346952277551620015228752585531762813913098320669805735291271863965388665,0.0055,2026-05-02 14:00:08+00:00
1777730408,Philadelphia 76ers,5644679982684846699855787022092402984369447277920326773883608030240292167917,0.0135,2026-05-02 14:00:08+00:00
1777730408,Toronto Raptors,111039354521750894925304771773687530394455073318948424656845140321925374032772,0.0055,2026-05-02 14:00:08+00:00
1777734005,San Antonio Spurs,102227184035967850089766981958743064457339118173548431660886438726896222843254,0.199,2026-05-02 15:00:05+00:00
1777734008,New York Knicks,20257190540739490630509657713144742134547949967093643458458133445357169845406,0.0525,2026-05-02 15:00:08+00:00
1777734010,Boston Celtics,98951343420969493497594761179562691809954416596888138302255086663562042936451,0.0925,2026-05-02 15:00:10+00:00
1777734010,Cleveland Cavaliers,21929863894047830651599085392978377118642353711084157807549430066031384497667,0.0275,2026-05-02 15:00:10+00:00
1777734010,Los Angeles Lakers,86297520870744792204751483474339201341298076835836561764334428915355504860913,0.0275,2026-05-02 15:00:10+00:00
1777734010,Orlando Magic,95140346952277551620015228752585531762813913098320669805735291271863965388665,0.0065,2026-05-02 15:00:10+00:00
1777734010,Philadelphia 76ers,5644679982684846699855787022092402984369447277920326773883608030240292167917,0.0135,2026-05-02 15:00:10+00:00
1777734011,Toronto Raptors,111039354521750894925304771773687530394455073318948424656845140321925374032772,0.0065,2026-05-02 15:00:11+00:00
1777734012,Detroit Pistons,59742411602053785892348440048778056320272639465974092140970920277782290781360,0.0315,2026-05-02 15:00:12+00:00
1777734012,Minnesota Timberwolves,5771676627182954113677164857547228277089396639521594262964034606220001939923,0.0115,2026-05-02 15:00:12+00:00
1777734012,Oklahoma City Thunder,49500299856831034491021962156746701298730459370557900271970866855042624695770,0.555,2026-05-02 15:00:12+00:00
1777737605,San Antonio Spurs,102227184035967850089766981958743064457339118173548431660886438726896222843254,0.1985,2026-05-02 16:00:05+00:00
1777737606,New York Knicks,20257190540739490630509657713144742134547949967093643458458133445357169845406,0.0515,2026-05-02 16:00:06+00:00
1777737607,Boston Celtics,98951343420969493497594761179562691809954416596888138302255086663562042936451,0.0925,2026-05-02 16:00:07+00:00
1777737607,Cleveland Cavaliers,21929863894047830651599085392978377118642353711084157807549430066031384497667,0.0275,2026-05-02 16:00:07+00:00
1777737607,Los Angeles Lakers,86297520870744792204751483474339201341298076835836561764334428915355504860913,0.0275,2026-05-02 16:00:07+00:00
1777737607,Orlando Magic,95140346952277551620015228752585531762813913098320669805735291271863965388665,0.0045,2026-05-02 16:00:07+00:00
1777737607,Philadelphia 76ers,5644679982684846699855787022092402984369447277920326773883608030240292167917,0.0105,2026-05-02 16:00:07+00:00
1777737607,Toronto Raptors,111039354521750894925304771773687530394455073318948424656845140321925374032772,0.0075,2026-05-02 16:00:07+00:00
1777737608,Detroit Pistons,59742411602053785892348440048778056320272639465974092140970920277782290781360,0.0315,2026-05-02 16:00:08+00:00
1777737608,Minnesota Timberwolves,5771676627182954113677164857547228277089396639521594262964034606220001939923,0.012,2026-05-02 16:00:08+00:00
1777737608,Oklahoma City Thunder,49500299856831034491021962156746701298730459370557900271970866855042624695770,0.555,2026-05-02 16:00:08+00:00
1777741206,San Antonio Spurs,102227184035967850089766981958743064457339118173548431660886438726896222843254,0.1985,2026-05-02 17:00:06+00:00
1777741208,New York Knicks,20257190540739490630509657713144742134547949967093643458458133445357169845406,0.0515,2026-05-02 17:00:08+00:00
1777741209,Boston Celtics,98951343420969493497594761179562691809954416596888138302255086663562042936451,0.0925,2026-05-02 17:00:09+00:00
1777741209,Cleveland Cavaliers,21929863894047830651599085392978377118642353711084157807549430066031384497667,0.0275,2026-05-02 17:00:09+00:00
1777741209,Los Angeles Lakers,86297520870744792204751483474339201341298076835836561764334428915355504860913,0.0285,2026-05-02 17:00:09+00:00
1777741209,Orlando Magic,95140346952277551620015228752585531762813913098320669805735291271863965388665,0.0045,2026-05-02 17:00:09+00:00
1777741210,Philadelphia 76ers,5644679982684846699855787022092402984369447277920326773883608030240292167917,0.012,2026-05-02 17:00:10+00:00
1777741210,Toronto Raptors,111039354521750894925304771773687530394455073318948424656845140321925374032772,0.0065,2026-05-02 17:00:10+00:00
1777741212,Detroit Pistons,59742411602053785892348440048778056320272639465974092140970920277782290781360,0.0305,2026-05-02 17:00:12+00:00
1777741212,Minnesota Timberwolves,5771676627182954113677164857547228277089396639521594262964034606220001939923,0.0085,2026-05-02 17:00:12+00:00
1777741212,Oklahoma City Thunder,49500299856831034491021962156746701298730459370557900271970866855042624695770,0.555,2026-05-02 17:00:12+00:00
1777744805,San Antonio Spurs,102227184035967850089766981958743064457339118173548431660886438726896222843254,0.2,2026-05-02 18:00:05+00:00
1777744808,New York Knicks,20257190540739490630509657713144742134547949967093643458458133445357169845406,0.0505,2026-05-02 18:00:08+00:00
1777744810,Boston Celtics,98951343420969493497594761179562691809954416596888138302255086663562042936451,0.0915,2026-05-02 18:00:10+00:00
1777744810,Cleveland Cavaliers,21929863894047830651599085392978377118642353711084157807549430066031384497667,0.0275,2026-05-02 18:00:10+00:00
1777744810,Los Angeles Lakers,86297520870744792204751483474339201341298076835836561764334428915355504860913,0.0285,2026-05-02 18:00:10+00:00
1777744810,Orlando Magic,95140346952277551620015228752585531762813913098320669805735291271863965388665,0.0045,2026-05-02 18:00:10+00:00
1777744810,Philadelphia 76ers,5644679982684846699855787022092402984369447277920326773883608030240292167917,0.013,2026-05-02 18:00:10+00:00
1777744810,Toronto Raptors,111039354521750894925304771773687530394455073318948424656845140321925374032772,0.0065,2026-05-02 18:00:10+00:00
1777744812,Detroit Pistons,59742411602053785892348440048778056320272639465974092140970920277782290781360,0.0305,2026-05-02 18:00:12+00:00
1777744812,Minnesota Timberwolves,5771676627182954113677164857547228277089396639521594262964034606220001939923,0.0125,2026-05-02 18:00:12+00:00
1777744812,Oklahoma City Thunder,49500299856831034491021962156746701298730459370557900271970866855042624695770,0.555,2026-05-02 18:00:12+00:00
1777748408,San Antonio Spurs,102227184035967850089766981958743064457339118173548431660886438726896222843254,0.2005,2026-05-02 19:00:08+00:00
1777748409,New York Knicks,20257190540739490630509657713144742134547949967093643458458133445357169845406,0.051,2026-05-02 19:00:09+00:00
1777748410,Boston Celtics,98951343420969493497594761179562691809954416596888138302255086663562042936451,0.0915,2026-05-02 19:00:10+00:00
1777748410,Cleveland Cavaliers,21929863894047830651599085392978377118642353711084157807549430066031384497667,0.0275,2026-05-02 19:00:10+00:00
1777748410,Detroit Pistons,59742411602053785892348440048778056320272639465974092140970920277782290781360,0.0305,2026-05-02 19:00:10+00:00
1777748410,Los Angeles Lakers,86297520870744792204751483474339201341298076835836561764334428915355504860913,0.0295,2026-05-02 19:00:10+00:00
1777748410,Minnesota Timberwolves,5771676627182954113677164857547228277089396639521594262964034606220001939923,0.0125,2026-05-02 19:00:10+00:00
1777748410,Oklahoma City Thunder,49500299856831034491021962156746701298730459370557900271970866855042624695770,0.555,2026-05-02 19:00:10+00:00
1777748410,Orlando Magic,95140346952277551620015228752585531762813913098320669805735291271863965388665,0.0045,2026-05-02 19:00:10+00:00
1777748410,Philadelphia 76ers,5644679982684846699855787022092402984369447277920326773883608030240292167917,0.0125,2026-05-02 19:00:10+00:00
1777748410,Toronto Raptors,111039354521750894925304771773687530394455073318948424656845140321925374032772,0.006,2026-05-02 19:00:10+00:00
1777752005,San Antonio Spurs,102227184035967850089766981958743064457339118173548431660886438726896222843254,0.2005,2026-05-02 20:00:05+00:00
1777752007,New York Knicks,20257190540739490630509657713144742134547949967093643458458133445357169845406,0.0525,2026-05-02 20:00:07+00:00
1777752008,Boston Celtics,98951343420969493497594761179562691809954416596888138302255086663562042936451,0.0915,2026-05-02 20:00:08+00:00
1777752008,Cleveland Cavaliers,21929863894047830651599085392978377118642353711084157807549430066031384497667,0.028,2026-05-02 20:00:08+00:00
1777752008,Los Angeles Lakers,86297520870744792204751483474339201341298076835836561764334428915355504860913,0.0285,2026-05-02 20:00:08+00:00
1777752008,Orlando Magic,95140346952277551620015228752585531762813913098320669805735291271863965388665,0.0045,2026-05-02 20:00:08+00:00
1777752008,Philadelphia 76ers,5644679982684846699855787022092402984369447277920326773883608030240292167917,0.012,2026-05-02 20:00:08+00:00
1777752008,Toronto Raptors,111039354521750894925304771773687530394455073318948424656845140321925374032772,0.0055,2026-05-02 20:00:08+00:00
1777752010,Detroit Pistons,59742411602053785892348440048778056320272639465974092140970920277782290781360,0.0305,2026-05-02 20:00:10+00:00
1777752010,Minnesota Timberwolves,5771676627182954113677164857547228277089396639521594262964034606220001939923,0.0105,2026-05-02 20:00:10+00:00
1777752010,Oklahoma City Thunder,49500299856831034491021962156746701298730459370557900271970866855042624695770,0.555,2026-05-02 20:00:10+00:00
1777755605,San Antonio Spurs,102227184035967850089766981958743064457339118173548431660886438726896222843254,0.2005,2026-05-02 21:00:05+00:00
1777755608,New York Knicks,20257190540739490630509657713144742134547949967093643458458133445357169845406,0.0525,2026-05-02 21:00:08+00:00
1777755610,Boston Celtics,98951343420969493497594761179562691809954416596888138302255086663562042936451,0.084,2026-05-02 21:00:10+00:00
1777755610,Cleveland Cavaliers,21929863894047830651599085392978377118642353711084157807549430066031384497667,0.0285,2026-05-02 21:00:10+00:00
1777755610,Los Angeles Lakers,86297520870744792204751483474339201341298076835836561764334428915355504860913,0.0285,2026-05-02 21:00:10+00:00
1777755610,Orlando Magic,95140346952277551620015228752585531762813913098320669805735291271863965388665,0.0045,2026-05-02 21:00:10+00:00
1777755610,Philadelphia 76ers,5644679982684846699855787022092402984369447277920326773883608030240292167917,0.0115,2026-05-02 21:00:10+00:00
1777755610,Toronto Raptors,111039354521750894925304771773687530394455073318948424656845140321925374032772,0.0055,2026-05-02 21:00:10+00:00
1777755612,Detroit Pistons,59742411602053785892348440048778056320272639465974092140970920277782290781360,0.0305,2026-05-02 21:00:12+00:00
1777755612,Minnesota Timberwolves,5771676627182954113677164857547228277089396639521594262964034606220001939923,0.0105,2026-05-02 21:00:12+00:00
1777755612,Oklahoma City Thunder,49500299856831034491021962156746701298730459370557900271970866855042624695770,0.555,2026-05-02 21:00:12+00:00
1777759204,San Antonio Spurs,102227184035967850089766981958743064457339118173548431660886438726896222843254,0.2005,2026-05-02 22:00:04+00:00
1777759205,New York Knicks,20257190540739490630509657713144742134547949967093643458458133445357169845406,0.0515,2026-05-02 22:00:05+00:00
1777759206,Boston Celtics,98951343420969493497594761179562691809954416596888138302255086663562042936451,0.0845,2026-05-02 22:00:06+00:00
1777759206,Cleveland Cavaliers,21929863894047830651599085392978377118642353711084157807549430066031384497667,0.0285,2026-05-02 22:00:06+00:00
1777759206,Los Angeles Lakers,86297520870744792204751483474339201341298076835836561764334428915355504860913,0.0285,2026-05-02 22:00:06+00:00
1777759206,Orlando Magic,95140346952277551620015228752585531762813913098320669805735291271863965388665,0.0045,2026-05-02 22:00:06+00:00
1777759206,Philadelphia 76ers,5644679982684846699855787022092402984369447277920326773883608030240292167917,0.0225,2026-05-02 22:00:06+00:00
1777759206,Toronto Raptors,111039354521750894925304771773687530394455073318948424656845140321925374032772,0.0055,2026-05-02 22:00:06+00:00
1777759207,Detroit Pistons,59742411602053785892348440048778056320272639465974092140970920277782290781360,0.0305,2026-05-02 22:00:07+00:00
1777759207,Minnesota Timberwolves,5771676627182954113677164857547228277089396639521594262964034606220001939923,0.0105,2026-05-02 22:00:07+00:00
1777759207,Oklahoma City Thunder,49500299856831034491021962156746701298730459370557900271970866855042624695770,0.555,2026-05-02 22:00:07+00:00
1777762806,San Antonio Spurs,102227184035967850089766981958743064457339118173548431660886438726896222843254,0.1995,2026-05-02 23:00:06+00:00
1777762807,New York Knicks,20257190540739490630509657713144742134547949967093643458458133445357169845406,0.0685,2026-05-02 23:00:07+00:00
1777762808,Boston Celtics,98951343420969493497594761179562691809954416596888138302255086663562042936451,0.0545,2026-05-02 23:00:08+00:00
1777762808,Cleveland Cavaliers,21929863894047830651599085392978377118642353711084157807549430066031384497667,0.0285,2026-05-02 23:00:08+00:00
1777762808,Detroit Pistons,59742411602053785892348440048778056320272639465974092140970920277782290781360,0.0325,2026-05-02 23:00:08+00:00
1777762808,Los Angeles Lakers,86297520870744792204751483474339201341298076835836561764334428915355504860913,0.0285,2026-05-02 23:00:08+00:00
1777762808,Minnesota Timberwolves,5771676627182954113677164857547228277089396639521594262964034606220001939923,0.0105,2026-05-02 23:00:08+00:00
1777762808,Oklahoma City Thunder,49500299856831034491021962156746701298730459370557900271970866855042624695770,0.555,2026-05-02 23:00:08+00:00
1777762808,Orlando Magic,95140346952277551620015228752585531762813913098320669805735291271863965388665,0.0045,2026-05-02 23:00:08+00:00
1777762808,Philadelphia 76ers,5644679982684846699855787022092402984369447277920326773883608030240292167917,0.021,2026-05-02 23:00:08+00:00
1777762808,Toronto Raptors,111039354521750894925304771773687530394455073318948424656845140321925374032772,0.0055,2026-05-02 23:00:08+00:00
1777766406,New York Knicks,20257190540739490630509657713144742134547949967093643458458133445357169845406,0.079,2026-05-03 00:00:06+00:00
1777766406,San Antonio Spurs,102227184035967850089766981958743064457339118173548431660886438726896222843254,0.1995,2026-05-03 00:00:06+00:00
1777766407,Boston Celtics,98951343420969493497594761179562691809954416596888138302255086663562042936451,0.0355,2026-05-03 00:00:07+00:00
1777766407,Cleveland Cavaliers,21929863894047830651599085392978377118642353711084157807549430066031384497667,0.0325,2026-05-03 00:00:07+00:00
1777766407,Detroit Pistons,59742411602053785892348440048778056320272639465974092140970920277782290781360,0.0305,2026-05-03 00:00:07+00:00
1777766407,Los Angeles Lakers,86297520870744792204751483474339201341298076835836561764334428915355504860913,0.0265,2026-05-03 00:00:07+00:00
1777766407,Minnesota Timberwolves,5771676627182954113677164857547228277089396639521594262964034606220001939923,0.0105,2026-05-03 00:00:07+00:00
1777766407,Oklahoma City Thunder,49500299856831034491021962156746701298730459370557900271970866855042624695770,0.555,2026-05-03 00:00:07+00:00
1777766407,Orlando Magic,95140346952277551620015228752585531762813913098320669805735291271863965388665,0.005,2026-05-03 00:00:07+00:00
1777766407,Philadelphia 76ers,5644679982684846699855787022092402984369447277920326773883608030240292167917,0.0475,2026-05-03 00:00:07+00:00
1777766407,Toronto Raptors,111039354521750894925304771773687530394455073318948424656845140321925374032772,0.0045,2026-05-03 00:00:07+00:00
1777770006,Boston Celtics,98951343420969493497594761179562691809954416596888138302255086663562042936451,0.038,2026-05-03 01:00:06+00:00
1777770006,Cleveland Cavaliers,21929863894047830651599085392978377118642353711084157807549430066031384497667,0.0315,2026-05-03 01:00:06+00:00
1777770006,Los Angeles Lakers,86297520870744792204751483474339201341298076835836561764334428915355504860913,0.0265,2026-05-03 01:00:06+00:00
1777770006,New York Knicks,20257190540739490630509657713144742134547949967093643458458133445357169845406,0.0635,2026-05-03 01:00:06+00:00
1777770006,Orlando Magic,95140346952277551620015228752585531762813913098320669805735291271863965388665,0.0045,2026-05-03 01:00:06+00:00
1777770006,Philadelphia 76ers,5644679982684846699855787022092402984369447277920326773883608030240292167917,0.0305,2026-05-03 01:00:06+00:00
1777770006,San Antonio Spurs,102227184035967850089766981958743064457339118173548431660886438726896222843254,0.199,2026-05-03 01:00:06+00:00
1777770006,Toronto Raptors,111039354521750894925304771773687530394455073318948424656845140321925374032772,0.0045,2026-05-03 01:00:06+00:00
1777770007,Detroit Pistons,59742411602053785892348440048778056320272639465974092140970920277782290781360,0.0305,2026-05-03 01:00:07+00:00
1777770007,Minnesota Timberwolves,5771676627182954113677164857547228277089396639521594262964034606220001939923,0.0095,2026-05-03 01:00:07+00:00
1777770007,Oklahoma City Thunder,49500299856831034491021962156746701298730459370557900271970866855042624695770,0.555,2026-05-03 01:00:07+00:00
1777773603,San Antonio Spurs,102227184035967850089766981958743064457339118173548431660886438726896222843254,0.2,2026-05-03 02:00:03+00:00
1777773605,New York Knicks,20257190540739490630509657713144742134547949967093643458458133445357169845406,0.078,2026-05-03 02:00:05+00:00
1777773606,Boston Celtics,98951343420969493497594761179562691809954416596888138302255086663562042936451,0.0005,2026-05-03 02:00:06+00:00
1777773606,Cleveland Cavaliers,21929863894047830651599085392978377118642353711084157807549430066031384497667,0.033,2026-05-03 02:00:06+00:00
1777773606,Los Angeles Lakers,86297520870744792204751483474339201341298076835836561764334428915355504860913,0.0265,2026-05-03 02:00:06+00:00
1777773606,Orlando Magic,95140346952277551620015228752585531762813913098320669805735291271863965388665,0.0055,2026-05-03 02:00:06+00:00
1777773606,Philadelphia 76ers,5644679982684846699855787022092402984369447277920326773883608030240292167917,0.0275,2026-05-03 02:00:06+00:00
1777773606,Toronto Raptors,111039354521750894925304771773687530394455073318948424656845140321925374032772,0.0055,2026-05-03 02:00:06+00:00
1777773607,Detroit Pistons,59742411602053785892348440048778056320272639465974092140970920277782290781360,0.0325,2026-05-03 02:00:07+00:00
1777773607,Minnesota Timberwolves,5771676627182954113677164857547228277089396639521594262964034606220001939923,0.0125,2026-05-03 02:00:07+00:00
1777773607,Oklahoma City Thunder,49500299856831034491021962156746701298730459370557900271970866855042624695770,0.565,2026-05-03 02:00:07+00:00
1777777203,San Antonio Spurs,102227184035967850089766981958743064457339118173548431660886438726896222843254,0.2095,2026-05-03 03:00:03+00:00
1777777204,Boston Celtics,98951343420969493497594761179562691809954416596888138302255086663562042936451,0.0005,2026-05-03 03:00:04+00:00
1777777204,Cleveland Cavaliers,21929863894047830651599085392978377118642353711084157807549430066031384497667,0.037,2026-05-03 03:00:04+00:00
1777777204,Los Angeles Lakers,86297520870744792204751483474339201341298076835836561764334428915355504860913,0.0305,2026-05-03 03:00:04+00:00
1777777204,New York Knicks,20257190540739490630509657713144742134547949967093643458458133445357169845406,0.0795,2026-05-03 03:00:04+00:00
1777777204,Orlando Magic,95140346952277551620015228752585531762813913098320669805735291271863965388665,0.0075,2026-05-03 03:00:04+00:00
1777777204,Philadelphia 76ers,5644679982684846699855787022092402984369447277920326773883608030240292167917,0.0305,2026-05-03 03:00:04+00:00
1777777204,Toronto Raptors,111039354521750894925304771773687530394455073318948424656845140321925374032772,0.0055,2026-05-03 03:00:04+00:00
1777777205,Detroit Pistons,59742411602053785892348440048778056320272639465974092140970920277782290781360,0.0325,2026-05-03 03:00:05+00:00
1777777205,Minnesota Timberwolves,5771676627182954113677164857547228277089396639521594262964034606220001939923,0.0095,2026-05-03 03:00:05+00:00
1777777205,Oklahoma City Thunder,49500299856831034491021962156746701298730459370557900271970866855042624695770,0.575,2026-05-03 03:00:05+00:00
1777780803,New York Knicks,20257190540739490630509657713144742134547949967093643458458133445357169845406,0.0775,2026-05-03 04:00:03+00:00
1777780803,San Antonio Spurs,102227184035967850089766981958743064457339118173548431660886438726896222843254,0.215,2026-05-03 04:00:03+00:00
1777780804,Boston Celtics,98951343420969493497594761179562691809954416596888138302255086663562042936451,0.0005,2026-05-03 04:00:04+00:00
1777780804,Cleveland Cavaliers,21929863894047830651599085392978377118642353711084157807549430066031384497667,0.0385,2026-05-03 04:00:04+00:00
1777780804,Detroit Pistons,59742411602053785892348440048778056320272639465974092140970920277782290781360,0.0325,2026-05-03 04:00:04+00:00
1777780804,Los Angeles Lakers,86297520870744792204751483474339201341298076835836561764334428915355504860913,0.0275,2026-05-03 04:00:04+00:00
1777780804,Minnesota Timberwolves,5771676627182954113677164857547228277089396639521594262964034606220001939923,0.0105,2026-05-03 04:00:04+00:00
1777780804,Oklahoma City Thunder,49500299856831034491021962156746701298730459370557900271970866855042624695770,0.575,2026-05-03 04:00:04+00:00
1777780804,Orlando Magic,95140346952277551620015228752585531762813913098320669805735291271863965388665,0.0075,2026-05-03 04:00:04+00:00
1777780804,Philadelphia 76ers,5644679982684846699855787022092402984369447277920326773883608030240292167917,0.0325,2026-05-03 04:00:04+00:00
1777780804,Toronto Raptors,111039354521750894925304771773687530394455073318948424656845140321925374032772,0.0055,2026-05-03 04:00:04+00:00
1777784405,San Antonio Spurs,102227184035967850089766981958743064457339118173548431660886438726896222843254,0.209,2026-05-03 05:00:05+00:00
1777784406,Boston Celtics,98951343420969493497594761179562691809954416596888138302255086663562042936451,0.0005,2026-05-03 05:00:06+00:00
1777784406,Cleveland Cavaliers,21929863894047830651599085392978377118642353711084157807549430066031384497667,0.0395,2026-05-03 05:00:06+00:00
1777784406,Detroit Pistons,59742411602053785892348440048778056320272639465974092140970920277782290781360,0.0325,2026-05-03 05:00:06+00:00
1777784406,Los Angeles Lakers,86297520870744792204751483474339201341298076835836561764334428915355504860913,0.0275,2026-05-03 05:00:06+00:00
1777784406,Minnesota Timberwolves,5771676627182954113677164857547228277089396639521594262964034606220001939923,0.012,2026-05-03 05:00:06+00:00
1777784406,New York Knicks,20257190540739490630509657713144742134547949967093643458458133445357169845406,0.08,2026-05-03 05:00:06+00:00
1777784406,Oklahoma City Thunder,49500299856831034491021962156746701298730459370557900271970866855042624695770,0.575,2026-05-03 05:00:06+00:00
1777784406,Orlando Magic,95140346952277551620015228752585531762813913098320669805735291271863965388665,0.0055,2026-05-03 05:00:06+00:00
1777784406,Philadelphia 76ers,5644679982684846699855787022092402984369447277920326773883608030240292167917,0.0315,2026-05-03 05:00:06+00:00
1777784406,Toronto Raptors,111039354521750894925304771773687530394455073318948424656845140321925374032772,0.0065,2026-05-03 05:00:06+00:00
1777788003,San Antonio Spurs,102227184035967850089766981958743064457339118173548431660886438726896222843254,0.214,2026-05-03 06:00:03+00:00
1777788004,Cleveland Cavaliers,21929863894047830651599085392978377118642353711084157807549430066031384497667,0.0365,2026-05-03 06:00:04+00:00
1777788004,Los Angeles Lakers,86297520870744792204751483474339201341298076835836561764334428915355504860913,0.0285,2026-05-03 06:00:04+00:00
1777788004,New York Knicks,20257190540739490630509657713144742134547949967093643458458133445357169845406,0.0765,2026-05-03 06:00:04+00:00
1777788004,Orlando Magic,95140346952277551620015228752585531762813913098320669805735291271863965388665,0.0055,2026-05-03 06:00:04+00:00
1777788004,Philadelphia 76ers,5644679982684846699855787022092402984369447277920326773883608030240292167917,0.0315,2026-05-03 06:00:04+00:00
1777788004,Toronto Raptors,111039354521750894925304771773687530394455073318948424656845140321925374032772,0.0055,2026-05-03 06:00:04+00:00
1777788005,Detroit Pistons,59742411602053785892348440048778056320272639465974092140970920277782290781360,0.0325,2026-05-03 06:00:05+00:00
1777788005,Minnesota Timberwolves,5771676627182954113677164857547228277089396639521594262964034606220001939923,0.0135,2026-05-03 06:00:05+00:00
1777788005,Oklahoma City Thunder,49500299856831034491021962156746701298730459370557900271970866855042624695770,0.575,2026-05-03 06:00:05+00:00
1777791604,San Antonio Spurs,102227184035967850089766981958743064457339118173548431660886438726896222843254,0.2145,2026-05-03 07:00:04+00:00
1777791606,New York Knicks,20257190540739490630509657713144742134547949967093643458458133445357169845406,0.0765,2026-05-03 07:00:06+00:00
1777791608,Cleveland Cavaliers,21929863894047830651599085392978377118642353711084157807549430066031384497667,0.0345,2026-05-03 07:00:08+00:00
1777791608,Los Angeles Lakers,86297520870744792204751483474339201341298076835836561764334428915355504860913,0.0285,2026-05-03 07:00:08+00:00
1777791608,Orlando Magic,95140346952277551620015228752585531762813913098320669805735291271863965388665,0.0055,2026-05-03 07:00:08+00:00
1777791608,Philadelphia 76ers,5644679982684846699855787022092402984369447277920326773883608030240292167917,0.0305,2026-05-03 07:00:08+00:00
1777791608,Toronto Raptors,111039354521750894925304771773687530394455073318948424656845140321925374032772,0.0055,2026-05-03 07:00:08+00:00
1777791610,Detroit Pistons,59742411602053785892348440048778056320272639465974092140970920277782290781360,0.041,2026-05-03 07:00:10+00:00
1777791610,Minnesota Timberwolves,5771676627182954113677164857547228277089396639521594262964034606220001939923,0.013,2026-05-03 07:00:10+00:00
1777791610,Oklahoma City Thunder,49500299856831034491021962156746701298730459370557900271970866855042624695770,0.575,2026-05-03 07:00:10+00:00
1777795203,San Antonio Spurs,102227184035967850089766981958743064457339118173548431660886438726896222843254,0.2095,2026-05-03 08:00:03+00:00
1777795204,Cleveland Cavaliers,21929863894047830651599085392978377118642353711084157807549430066031384497667,0.0335,2026-05-03 08:00:04+00:00
1777795204,Detroit Pistons,59742411602053785892348440048778056320272639465974092140970920277782290781360,0.0385,2026-05-03 08:00:04+00:00
1777795204,Los Angeles Lakers,86297520870744792204751483474339201341298076835836561764334428915355504860913,0.0275,2026-05-03 08:00:04+00:00
1777795204,Minnesota Timberwolves,5771676627182954113677164857547228277089396639521594262964034606220001939923,0.0145,2026-05-03 08:00:04+00:00
1777795204,New York Knicks,20257190540739490630509657713144742134547949967093643458458133445357169845406,0.078,2026-05-03 08:00:04+00:00
1777795204,Oklahoma City Thunder,49500299856831034491021962156746701298730459370557900271970866855042624695770,0.575,2026-05-03 08:00:04+00:00
1777795204,Orlando Magic,95140346952277551620015228752585531762813913098320669805735291271863965388665,0.0065,2026-05-03 08:00:04+00:00
1777795204,Philadelphia 76ers,5644679982684846699855787022092402984369447277920326773883608030240292167917,0.0315,2026-05-03 08:00:04+00:00
1777795204,Toronto Raptors,111039354521750894925304771773687530394455073318948424656845140321925374032772,0.0065,2026-05-03 08:00:04+00:00
1777798805,San Antonio Spurs,102227184035967850089766981958743064457339118173548431660886438726896222843254,0.205,2026-05-03 09:00:05+00:00
1777798806,New York Knicks,20257190540739490630509657713144742134547949967093643458458133445357169845406,0.0795,2026-05-03 09:00:06+00:00
1777798807,Cleveland Cavaliers,21929863894047830651599085392978377118642353711084157807549430066031384497667,0.0345,2026-05-03 09:00:07+00:00
1777798807,Detroit Pistons,59742411602053785892348440048778056320272639465974092140970920277782290781360,0.0385,2026-05-03 09:00:07+00:00
1777798807,Los Angeles Lakers,86297520870744792204751483474339201341298076835836561764334428915355504860913,0.0285,2026-05-03 09:00:07+00:00
1777798807,Minnesota Timberwolves,5771676627182954113677164857547228277089396639521594262964034606220001939923,0.0145,2026-05-03 09:00:07+00:00
1777798807,Oklahoma City Thunder,49500299856831034491021962156746701298730459370557900271970866855042624695770,0.57,2026-05-03 09:00:07+00:00
1777798807,Orlando Magic,95140346952277551620015228752585531762813913098320669805735291271863965388665,0.009,2026-05-03 09:00:07+00:00
1777798807,Philadelphia 76ers,5644679982684846699855787022092402984369447277920326773883608030240292167917,0.031,2026-05-03 09:00:07+00:00
1777798807,Toronto Raptors,111039354521750894925304771773687530394455073318948424656845140321925374032772,0.0065,2026-05-03 09:00:07+00:00
1777802406,San Antonio Spurs,102227184035967850089766981958743064457339118173548431660886438726896222843254,0.2055,2026-05-03 10:00:06+00:00
1777802407,Cleveland Cavaliers,21929863894047830651599085392978377118642353711084157807549430066031384497667,0.0345,2026-05-03 10:00:07+00:00
1777802407,Los Angeles Lakers,86297520870744792204751483474339201341298076835836561764334428915355504860913,0.0285,2026-05-03 10:00:07+00:00
1777802407,New York Knicks,20257190540739490630509657713144742134547949967093643458458133445357169845406,0.0795,2026-05-03 10:00:07+00:00
1777802407,Orlando Magic,95140346952277551620015228752585531762813913098320669805735291271863965388665,0.0095,2026-05-03 10:00:07+00:00
1777802407,Philadelphia 76ers,5644679982684846699855787022092402984369447277920326773883608030240292167917,0.0315,2026-05-03 10:00:07+00:00
1777802407,Toronto Raptors,111039354521750894925304771773687530394455073318948424656845140321925374032772,0.0065,2026-05-03 10:00:07+00:00
1777802408,Detroit Pistons,59742411602053785892348440048778056320272639465974092140970920277782290781360,0.0385,2026-05-03 10:00:08+00:00
1777802408,Minnesota Timberwolves,5771676627182954113677164857547228277089396639521594262964034606220001939923,0.0145,2026-05-03 10:00:08+00:00
1777802408,Oklahoma City Thunder,49500299856831034491021962156746701298730459370557900271970866855042624695770,0.565,2026-05-03 10:00:08+00:00
1777806020,San Antonio Spurs,102227184035967850089766981958743064457339118173548431660886438726896222843254,0.2075,2026-05-03 11:00:20+00:00
1777806021,Cleveland Cavaliers,21929863894047830651599085392978377118642353711084157807549430066031384497667,0.0335,2026-05-03 11:00:21+00:00
1777806021,Los Angeles Lakers,86297520870744792204751483474339201341298076835836561764334428915355504860913,0.0285,2026-05-03 11:00:21+00:00
1777806021,New York Knicks,20257190540739490630509657713144742134547949967093643458458133445357169845406,0.082,2026-05-03 11:00:21+00:00
1777806021,Orlando Magic,95140346952277551620015228752585531762813913098320669805735291271863965388665,0.0095,2026-05-03 11:00:21+00:00
1777806021,Philadelphia 76ers,5644679982684846699855787022092402984369447277920326773883608030240292167917,0.0325,2026-05-03 11:00:21+00:00
1777806021,Toronto Raptors,111039354521750894925304771773687530394455073318948424656845140321925374032772,0.0065,2026-05-03 11:00:21+00:00
1777806022,Detroit Pistons,59742411602053785892348440048778056320272639465974092140970920277782290781360,0.0385,2026-05-03 11:00:22+00:00
1777806022,Minnesota Timberwolves,5771676627182954113677164857547228277089396639521594262964034606220001939923,0.0125,2026-05-03 11:00:22+00:00
1777806022,Oklahoma City Thunder,49500299856831034491021962156746701298730459370557900271970866855042624695770,0.565,2026-05-03 11:00:22+00:00
1777809606,San Antonio Spurs,102227184035967850089766981958743064457339118173548431660886438726896222843254,0.2035,2026-05-03 12:00:06+00:00
1777809608,Cleveland Cavaliers,21929863894047830651599085392978377118642353711084157807549430066031384497667,0.0345,2026-05-03 12:00:08+00:00
1777809608,Los Angeles Lakers,86297520870744792204751483474339201341298076835836561764334428915355504860913,0.0275,2026-05-03 12:00:08+00:00
1777809608,New York Knicks,20257190540739490630509657713144742134547949967093643458458133445357169845406,0.086,2026-05-03 12:00:08+00:00
1777809608,Orlando Magic,95140346952277551620015228752585531762813913098320669805735291271863965388665,0.0095,2026-05-03 12:00:08+00:00
1777809608,Philadelphia 76ers,5644679982684846699855787022092402984369447277920326773883608030240292167917,0.033,2026-05-03 12:00:08+00:00
1777809608,Toronto Raptors,111039354521750894925304771773687530394455073318948424656845140321925374032772,0.0065,2026-05-03 12:00:08+00:00
1777809609,Detroit Pistons,59742411602053785892348440048778056320272639465974092140970920277782290781360,0.0355,2026-05-03 12:00:09+00:00
1777809609,Minnesota Timberwolves,5771676627182954113677164857547228277089396639521594262964034606220001939923,0.0125,2026-05-03 12:00:09+00:00
1777809609,Oklahoma City Thunder,49500299856831034491021962156746701298730459370557900271970866855042624695770,0.565,2026-05-03 12:00:09+00:00
1777813206,New York Knicks,20257190540739490630509657713144742134547949967093643458458133445357169845406,0.0845,2026-05-03 13:00:06+00:00
1777813206,San Antonio Spurs,102227184035967850089766981958743064457339118173548431660886438726896222843254,0.2035,2026-05-03 13:00:06+00:00
1777813207,Cleveland Cavaliers,21929863894047830651599085392978377118642353711084157807549430066031384497667,0.0345,2026-05-03 13:00:07+00:00
1777813207,Los Angeles Lakers,86297520870744792204751483474339201341298076835836561764334428915355504860913,0.0285,2026-05-03 13:00:07+00:00
1777813207,Orlando Magic,95140346952277551620015228752585531762813913098320669805735291271863965388665,0.0085,2026-05-03 13:00:07+00:00
1777813207,Philadelphia 76ers,5644679982684846699855787022092402984369447277920326773883608030240292167917,0.0335,2026-05-03 13:00:07+00:00
1777813207,Toronto Raptors,111039354521750894925304771773687530394455073318948424656845140321925374032772,0.0065,2026-05-03 13:00:07+00:00
1777813208,Detroit Pistons,59742411602053785892348440048778056320272639465974092140970920277782290781360,0.0355,2026-05-03 13:00:08+00:00
1777813208,Minnesota Timberwolves,5771676627182954113677164857547228277089396639521594262964034606220001939923,0.0115,2026-05-03 13:00:08+00:00
1777813208,Oklahoma City Thunder,49500299856831034491021962156746701298730459370557900271970866855042624695770,0.575,2026-05-03 13:00:08+00:00
1777816805,San Antonio Spurs,102227184035967850089766981958743064457339118173548431660886438726896222843254,0.203,2026-05-03 14:00:05+00:00
1777816806,Cleveland Cavaliers,21929863894047830651599085392978377118642353711084157807549430066031384497667,0.0345,2026-05-03 14:00:06+00:00
1777816806,Los Angeles Lakers,86297520870744792204751483474339201341298076835836561764334428915355504860913,0.0295,2026-05-03 14:00:06+00:00
1777816806,New York Knicks,20257190540739490630509657713144742134547949967093643458458133445357169845406,0.0845,2026-05-03 14:00:06+00:00
1777816806,Orlando Magic,95140346952277551620015228752585531762813913098320669805735291271863965388665,0.0085,2026-05-03 14:00:06+00:00
1777816806,Philadelphia 76ers,5644679982684846699855787022092402984369447277920326773883608030240292167917,0.032,2026-05-03 14:00:06+00:00
1777816807,Detroit Pistons,59742411602053785892348440048778056320272639465974092140970920277782290781360,0.0385,2026-05-03 14:00:07+00:00
1777816807,Minnesota Timberwolves,5771676627182954113677164857547228277089396639521594262964034606220001939923,0.0105,2026-05-03 14:00:07+00:00
1777816807,Oklahoma City Thunder,49500299856831034491021962156746701298730459370557900271970866855042624695770,0.575,2026-05-03 14:00:07+00:00
1777816807,Toronto Raptors,111039354521750894925304771773687530394455073318948424656845140321925374032772,0.0065,2026-05-03 14:00:07+00:00
1777820407,San Antonio Spurs,102227184035967850089766981958743064457339118173548431660886438726896222843254,0.2025,2026-05-03 15:00:07+00:00
1777820408,New York Knicks,20257190540739490630509657713144742134547949967093643458458133445357169845406,0.0865,2026-05-03 15:00:08+00:00
1777820409,Cleveland Cavaliers,21929863894047830651599085392978377118642353711084157807549430066031384497667,0.035,2026-05-03 15:00:09+00:00
1777820409,Detroit Pistons,59742411602053785892348440048778056320272639465974092140970920277782290781360,0.037,2026-05-03 15:00:09+00:00
1777820409,Los Angeles Lakers,86297520870744792204751483474339201341298076835836561764334428915355504860913,0.0295,2026-05-03 15:00:09+00:00
1777820409,Minnesota Timberwolves,5771676627182954113677164857547228277089396639521594262964034606220001939923,0.0115,2026-05-03 15:00:09+00:00
1777820409,Oklahoma City Thunder,49500299856831034491021962156746701298730459370557900271970866855042624695770,0.575,2026-05-03 15:00:09+00:00
1777820409,Orlando Magic,95140346952277551620015228752585531762813913098320669805735291271863965388665,0.0085,2026-05-03 15:00:09+00:00
1777820409,Philadelphia 76ers,5644679982684846699855787022092402984369447277920326773883608030240292167917,0.032,2026-05-03 15:00:09+00:00
1777820409,Toronto Raptors,111039354521750894925304771773687530394455073318948424656845140321925374032772,0.0065,2026-05-03 15:00:09+00:00
1777824006,San Antonio Spurs,102227184035967850089766981958743064457339118173548431660886438726896222843254,0.2025,2026-05-03 16:00:06+00:00
1777824007,Cleveland Cavaliers,21929863894047830651599085392978377118642353711084157807549430066031384497667,0.0345,2026-05-03 16:00:07+00:00
1777824007,Los Angeles Lakers,86297520870744792204751483474339201341298076835836561764334428915355504860913,0.0295,2026-05-03 16:00:07+00:00
1777824007,New York Knicks,20257190540739490630509657713144742134547949967093643458458133445357169845406,0.0855,2026-05-03 16:00:07+00:00
1777824007,Orlando Magic,95140346952277551620015228752585531762813913098320669805735291271863965388665,0.0075,2026-05-03 16:00:07+00:00
1777824007,Philadelphia 76ers,5644679982684846699855787022092402984369447277920326773883608030240292167917,0.0315,2026-05-03 16:00:07+00:00
1777824008,Detroit Pistons,59742411602053785892348440048778056320272639465974092140970920277782290781360,0.0375,2026-05-03 16:00:08+00:00
1777824008,Minnesota Timberwolves,5771676627182954113677164857547228277089396639521594262964034606220001939923,0.0105,2026-05-03 16:00:08+00:00
1777824008,Oklahoma City Thunder,49500299856831034491021962156746701298730459370557900271970866855042624695770,0.575,2026-05-03 16:00:08+00:00
1777824008,Toronto Raptors,111039354521750894925304771773687530394455073318948424656845140321925374032772,0.0065,2026-05-03 16:00:08+00:00
1777827606,San Antonio Spurs,102227184035967850089766981958743064457339118173548431660886438726896222843254,0.207,2026-05-03 17:00:06+00:00
1777827609,New York Knicks,20257190540739490630509657713144742134547949967093643458458133445357169845406,0.087,2026-05-03 17:00:09+00:00
1777827610,Cleveland Cavaliers,21929863894047830651599085392978377118642353711084157807549430066031384497667,0.035,2026-05-03 17:00:10+00:00
1777827610,Los Angeles Lakers,86297520870744792204751483474339201341298076835836561764334428915355504860913,0.0315,2026-05-03 17:00:10+00:00
1777827610,Orlando Magic,95140346952277551620015228752585531762813913098320669805735291271863965388665,0.0065,2026-05-03 17:00:10+00:00
1777827610,Philadelphia 76ers,5644679982684846699855787022092402984369447277920326773883608030240292167917,0.0315,2026-05-03 17:00:10+00:00
1777827611,Detroit Pistons,59742411602053785892348440048778056320272639465974092140970920277782290781360,0.036,2026-05-03 17:00:11+00:00
1777827611,Minnesota Timberwolves,5771676627182954113677164857547228277089396639521594262964034606220001939923,0.011,2026-05-03 17:00:11+00:00
1777827611,Oklahoma City Thunder,49500299856831034491021962156746701298730459370557900271970866855042624695770,0.565,2026-05-03 17:00:11+00:00
1777827611,Toronto Raptors,111039354521750894925304771773687530394455073318948424656845140321925374032772,0.007,2026-05-03 17:00:11+00:00
1777831206,San Antonio Spurs,102227184035967850089766981958743064457339118173548431660886438726896222843254,0.207,2026-05-03 18:00:06+00:00
1777831207,New York Knicks,20257190540739490630509657713144742134547949967093643458458133445357169845406,0.087,2026-05-03 18:00:07+00:00
1777831208,Cleveland Cavaliers,21929863894047830651599085392978377118642353711084157807549430066031384497667,0.0365,2026-05-03 18:00:08+00:00
1777831208,Detroit Pistons,59742411602053785892348440048778056320272639465974092140970920277782290781360,0.0385,2026-05-03 18:00:08+00:00
1777831208,Los Angeles Lakers,86297520870744792204751483474339201341298076835836561764334428915355504860913,0.0335,2026-05-03 18:00:08+00:00
1777831208,Minnesota Timberwolves,5771676627182954113677164857547228277089396639521594262964034606220001939923,0.0115,2026-05-03 18:00:08+00:00
1777831208,Oklahoma City Thunder,49500299856831034491021962156746701298730459370557900271970866855042624695770,0.565,2026-05-03 18:00:08+00:00
1777831208,Orlando Magic,95140346952277551620015228752585531762813913098320669805735291271863965388665,0.0045,2026-05-03 18:00:08+00:00
1777831208,Philadelphia 76ers,5644679982684846699855787022092402984369447277920326773883608030240292167917,0.0345,2026-05-03 18:00:08+00:00
1777831208,Toronto Raptors,111039354521750894925304771773687530394455073318948424656845140321925374032772,0.0065,2026-05-03 18:00:08+00:00
1777834805,San Antonio Spurs,102227184035967850089766981958743064457339118173548431660886438726896222843254,0.2085,2026-05-03 19:00:05+00:00
1777834806,Cleveland Cavaliers,21929863894047830651599085392978377118642353711084157807549430066031384497667,0.0345,2026-05-03 19:00:06+00:00
1777834806,Los Angeles Lakers,86297520870744792204751483474339201341298076835836561764334428915355504860913,0.0305,2026-05-03 19:00:06+00:00
1777834806,New York Knicks,20257190540739490630509657713144742134547949967093643458458133445357169845406,0.0855,2026-05-03 19:00:06+00:00
1777834806,Orlando Magic,95140346952277551620015228752585531762813913098320669805735291271863965388665,0.006,2026-05-03 19:00:06+00:00
1777834806,Philadelphia 76ers,5644679982684846699855787022092402984369447277920326773883608030240292167917,0.032,2026-05-03 19:00:06+00:00
1777834806,Toronto Raptors,111039354521750894925304771773687530394455073318948424656845140321925374032772,0.0045,2026-05-03 19:00:06+00:00
1777834807,Detroit Pistons,59742411602053785892348440048778056320272639465974092140970920277782290781360,0.0355,2026-05-03 19:00:07+00:00
1777834807,Minnesota Timberwolves,5771676627182954113677164857547228277089396639521594262964034606220001939923,0.011,2026-05-03 19:00:07+00:00
1777834807,Oklahoma City Thunder,49500299856831034491021962156746701298730459370557900271970866855042624695770,0.575,2026-05-03 19:00:07+00:00
1777838404,San Antonio Spurs,102227184035967850089766981958743064457339118173548431660886438726896222843254,0.207,2026-05-03 20:00:04+00:00
1777838405,New York Knicks,20257190540739490630509657713144742134547949967093643458458133445357169845406,0.0855,2026-05-03 20:00:05+00:00
1777838406,Cleveland Cavaliers,21929863894047830651599085392978377118642353711084157807549430066031384497667,0.0355,2026-05-03 20:00:06+00:00
1777838406,Los Angeles Lakers,86297520870744792204751483474339201341298076835836561764334428915355504860913,0.0295,2026-05-03 20:00:06+00:00
1777838406,Orlando Magic,95140346952277551620015228752585531762813913098320669805735291271863965388665,0.008,2026-05-03 20:00:06+00:00
1777838406,Philadelphia 76ers,5644679982684846699855787022092402984369447277920326773883608030240292167917,0.0315,2026-05-03 20:00:06+00:00
1777838406,Toronto Raptors,111039354521750894925304771773687530394455073318948424656845140321925374032772,0.0055,2026-05-03 20:00:06+00:00
1777838407,Detroit Pistons,59742411602053785892348440048778056320272639465974092140970920277782290781360,0.0365,2026-05-03 20:00:07+00:00
1777838407,Minnesota Timberwolves,5771676627182954113677164857547228277089396639521594262964034606220001939923,0.011,2026-05-03 20:00:07+00:00
1777838407,Oklahoma City Thunder,49500299856831034491021962156746701298730459370557900271970866855042624695770,0.575,2026-05-03 20:00:07+00:00
1777842004,San Antonio Spurs,102227184035967850089766981958743064457339118173548431660886438726896222843254,0.2065,2026-05-03 21:00:04+00:00
1777842005,New York Knicks,20257190540739490630509657713144742134547949967093643458458133445357169845406,0.084,2026-05-03 21:00:05+00:00
1777842006,Cleveland Cavaliers,21929863894047830651599085392978377118642353711084157807549430066031384497667,0.035,2026-05-03 21:00:06+00:00
1777842006,Los Angeles Lakers,86297520870744792204751483474339201341298076835836561764334428915355504860913,0.0305,2026-05-03 21:00:06+00:00
1777842006,Orlando Magic,95140346952277551620015228752585531762813913098320669805735291271863965388665,0.0035,2026-05-03 21:00:06+00:00
1777842006,Philadelphia 76ers,5644679982684846699855787022092402984369447277920326773883608030240292167917,0.0305,2026-05-03 21:00:06+00:00
1777842006,Toronto Raptors,111039354521750894925304771773687530394455073318948424656845140321925374032772,0.0055,2026-05-03 21:00:06+00:00
1777842007,Detroit Pistons,59742411602053785892348440048778056320272639465974092140970920277782290781360,0.0405,2026-05-03 21:00:07+00:00
1777842007,Minnesota Timberwolves,5771676627182954113677164857547228277089396639521594262964034606220001939923,0.0115,2026-05-03 21:00:07+00:00
1777842007,Oklahoma City Thunder,49500299856831034491021962156746701298730459370557900271970866855042624695770,0.575,2026-05-03 21:00:07+00:00
1777845606,San Antonio Spurs,102227184035967850089766981958743064457339118173548431660886438726896222843254,0.2035,2026-05-03 22:00:06+00:00
1777845608,Cleveland Cavaliers,21929863894047830651599085392978377118642353711084157807549430066031384497667,0.0325,2026-05-03 22:00:08+00:00
1777845608,Los Angeles Lakers,86297520870744792204751483474339201341298076835836561764334428915355504860913,0.0295,2026-05-03 22:00:08+00:00
1777845608,New York Knicks,20257190540739490630509657713144742134547949967093643458458133445357169845406,0.0825,2026-05-03 22:00:08+00:00
1777845608,Orlando Magic,95140346952277551620015228752585531762813913098320669805735291271863965388665,0.0005,2026-05-03 22:00:08+00:00
1777845609,Detroit Pistons,59742411602053785892348440048778056320272639465974092140970920277782290781360,0.0565,2026-05-03 22:00:09+00:00
1777845609,Minnesota Timberwolves,5771676627182954113677164857547228277089396639521594262964034606220001939923,0.0085,2026-05-03 22:00:09+00:00
1777845609,Oklahoma City Thunder,49500299856831034491021962156746701298730459370557900271970866855042624695770,0.575,2026-05-03 22:00:09+00:00
1777845609,Philadelphia 76ers,5644679982684846699855787022092402984369447277920326773883608030240292167917,0.0325,2026-05-03 22:00:09+00:00
1777845609,Toronto Raptors,111039354521750894925304771773687530394455073318948424656845140321925374032772,0.0045,2026-05-03 22:00:09+00:00
1777849203,San Antonio Spurs,102227184035967850089766981958743064457339118173548431660886438726896222843254,0.2045,2026-05-03 23:00:03+00:00
1777849204,Cleveland Cavaliers,21929863894047830651599085392978377118642353711084157807549430066031384497667,0.0355,2026-05-03 23:00:04+00:00
1777849204,Los Angeles Lakers,86297520870744792204751483474339201341298076835836561764334428915355504860913,0.0295,2026-05-03 23:00:04+00:00
1777849204,New York Knicks,20257190540739490630509657713144742134547949967093643458458133445357169845406,0.0805,2026-05-03 23:00:04+00:00
1777849204,Orlando Magic,95140346952277551620015228752585531762813913098320669805735291271863965388665,0.0005,2026-05-03 23:00:04+00:00
1777849204,Philadelphia 76ers,5644679982684846699855787022092402984369447277920326773883608030240292167917,0.0305,2026-05-03 23:00:04+00:00
1777849204,Toronto Raptors,111039354521750894925304771773687530394455073318948424656845140321925374032772,0.0035,2026-05-03 23:00:04+00:00
1777849205,Detroit Pistons,59742411602053785892348440048778056320272639465974092140970920277782290781360,0.0525,2026-05-03 23:00:05+00:00
1777849205,Minnesota Timberwolves,5771676627182954113677164857547228277089396639521594262964034606220001939923,0.0105,2026-05-03 23:00:05+00:00
1777849205,Oklahoma City Thunder,49500299856831034491021962156746701298730459370557900271970866855042624695770,0.575,2026-05-03 23:00:05+00:00
1777852804,San Antonio Spurs,102227184035967850089766981958743064457339118173548431660886438726896222843254,0.205,2026-05-04 00:00:04+00:00
1777852805,New York Knicks,20257190540739490630509657713144742134547949967093643458458133445357169845406,0.0845,2026-05-04 00:00:05+00:00
1777852806,Cleveland Cavaliers,21929863894047830651599085392978377118642353711084157807549430066031384497667,0.0325,2026-05-04 00:00:06+00:00
1777852806,Los Angeles Lakers,86297520870744792204751483474339201341298076835836561764334428915355504860913,0.0295,2026-05-04 00:00:06+00:00
1777852806,Orlando Magic,95140346952277551620015228752585531762813913098320669805735291271863965388665,0.0005,2026-05-04 00:00:06+00:00
1777852806,Philadelphia 76ers,5644679982684846699855787022092402984369447277920326773883608030240292167917,0.0315,2026-05-04 00:00:06+00:00
1777852806,Toronto Raptors,111039354521750894925304771773687530394455073318948424656845140321925374032772,0.0075,2026-05-04 00:00:06+00:00
1777852807,Detroit Pistons,59742411602053785892348440048778056320272639465974092140970920277782290781360,0.0525,2026-05-04 00:00:07+00:00
1777852807,Minnesota Timberwolves,5771676627182954113677164857547228277089396639521594262964034606220001939923,0.0105,2026-05-04 00:00:07+00:00
1777852807,Oklahoma City Thunder,49500299856831034491021962156746701298730459370557900271970866855042624695770,0.565,2026-05-04 00:00:07+00:00
1777856403,Cleveland Cavaliers,21929863894047830651599085392978377118642353711084157807549430066031384497667,0.03,2026-05-04 01:00:03+00:00
1777856403,New York Knicks,20257190540739490630509657713144742134547949967093643458458133445357169845406,0.0865,2026-05-04 01:00:03+00:00
1777856403,San Antonio Spurs,102227184035967850089766981958743064457339118173548431660886438726896222843254,0.2035,2026-05-04 01:00:03+00:00
1777856404,Detroit Pistons,59742411602053785892348440048778056320272639465974092140970920277782290781360,0.054,2026-05-04 01:00:04+00:00
1777856404,Los Angeles Lakers,86297520870744792204751483474339201341298076835836561764334428915355504860913,0.0295,2026-05-04 01:00:04+00:00
1777856404,Minnesota Timberwolves,5771676627182954113677164857547228277089396639521594262964034606220001939923,0.0105,2026-05-04 01:00:04+00:00
1777856404,Oklahoma City Thunder,49500299856831034491021962156746701298730459370557900271970866855042624695770,0.565,2026-05-04 01:00:04+00:00
1777856404,Orlando Magic,95140346952277551620015228752585531762813913098320669805735291271863965388665,0.0005,2026-05-04 01:00:04+00:00
1777856404,Philadelphia 76ers,5644679982684846699855787022092402984369447277920326773883608030240292167917,0.0295,2026-05-04 01:00:04+00:00
1777856404,Toronto Raptors,111039354521750894925304771773687530394455073318948424656845140321925374032772,0.0105,2026-05-04 01:00:04+00:00
1777860004,New York Knicks,20257190540739490630509657713144742134547949967093643458458133445357169845406,0.0805,2026-05-04 02:00:04+00:00
1777860004,San Antonio Spurs,102227184035967850089766981958743064457339118173548431660886438726896222843254,0.2065,2026-05-04 02:00:04+00:00
1777860005,Cleveland Cavaliers,21929863894047830651599085392978377118642353711084157807549430066031384497667,0.0465,2026-05-04 02:00:05+00:00
1777860005,Los Angeles Lakers,86297520870744792204751483474339201341298076835836561764334428915355504860913,0.0305,2026-05-04 02:00:05+00:00
1777860005,Orlando Magic,95140346952277551620015228752585531762813913098320669805735291271863965388665,0.0005,2026-05-04 02:00:05+00:00
1777860005,Philadelphia 76ers,5644679982684846699855787022092402984369447277920326773883608030240292167917,0.031,2026-05-04 02:00:05+00:00
1777860005,Toronto Raptors,111039354521750894925304771773687530394455073318948424656845140321925374032772,0.0005,2026-05-04 02:00:05+00:00
1777860006,Detroit Pistons,59742411602053785892348440048778056320272639465974092140970920277782290781360,0.053,2026-05-04 02:00:06+00:00
1777860006,Minnesota Timberwolves,5771676627182954113677164857547228277089396639521594262964034606220001939923,0.0105,2026-05-04 02:00:06+00:00
1777860006,Oklahoma City Thunder,49500299856831034491021962156746701298730459370557900271970866855042624695770,0.565,2026-05-04 02:00:06+00:00
1777863618,San Antonio Spurs,102227184035967850089766981958743064457339118173548431660886438726896222843254,0.2055,2026-05-04 03:00:18+00:00
1777863620,New York Knicks,20257190540739490630509657713144742134547949967093643458458133445357169845406,0.0825,2026-05-04 03:00:20+00:00
1777863621,Cleveland Cavaliers,21929863894047830651599085392978377118642353711084157807549430066031384497667,0.0475,2026-05-04 03:00:21+00:00
1777863621,Detroit Pistons,59742411602053785892348440048778056320272639465974092140970920277782290781360,0.0535,2026-05-04 03:00:21+00:00
1777863621,Los Angeles Lakers,86297520870744792204751483474339201341298076835836561764334428915355504860913,0.0295,2026-05-04 03:00:21+00:00
1777863621,Minnesota Timberwolves,5771676627182954113677164857547228277089396639521594262964034606220001939923,0.0115,2026-05-04 03:00:21+00:00
1777863621,Oklahoma City Thunder,49500299856831034491021962156746701298730459370557900271970866855042624695770,0.565,2026-05-04 03:00:21+00:00
1777863621,Philadelphia 76ers,5644679982684846699855787022092402984369447277920326773883608030240292167917,0.0285,2026-05-04 03:00:21+00:00
1777863621,Toronto Raptors,111039354521750894925304771773687530394455073318948424656845140321925374032772,0.0005,2026-05-04 03:00:21+00:00
1777867204,San Antonio Spurs,102227184035967850089766981958743064457339118173548431660886438726896222843254,0.1985,2026-05-04 04:00:04+00:00
1777867205,Cleveland Cavaliers,21929863894047830651599085392978377118642353711084157807549430066031384497667,0.047,2026-05-04 04:00:05+00:00
1777867205,Los Angeles Lakers,86297520870744792204751483474339201341298076835836561764334428915355504860913,0.0275,2026-05-04 04:00:05+00:00
1777867205,New York Knicks,20257190540739490630509657713144742134547949967093643458458133445357169845406,0.0745,2026-05-04 04:00:05+00:00
1777867206,Detroit Pistons,59742411602053785892348440048778056320272639465974092140970920277782290781360,0.0675,2026-05-04 04:00:06+00:00
1777867206,Minnesota Timberwolves,5771676627182954113677164857547228277089396639521594262964034606220001939923,0.0115,2026-05-04 04:00:06+00:00
1777867206,Oklahoma City Thunder,49500299856831034491021962156746701298730459370557900271970866855042624695770,0.565,2026-05-04 04:00:06+00:00
1777867206,Philadelphia 76ers,5644679982684846699855787022092402984369447277920326773883608030240292167917,0.0275,2026-05-04 04:00:06+00:00
1777867206,Toronto Raptors,111039354521750894925304771773687530394455073318948424656845140321925374032772,0.0005,2026-05-04 04:00:06+00:00
1777870804,San Antonio Spurs,102227184035967850089766981958743064457339118173548431660886438726896222843254,0.2065,2026-05-04 05:00:04+00:00
1777870805,Cleveland Cavaliers,21929863894047830651599085392978377118642353711084157807549430066031384497667,0.044,2026-05-04 05:00:05+00:00
1777870805,New York Knicks,20257190540739490630509657713144742134547949967093643458458133445357169845406,0.0745,2026-05-04 05:00:05+00:00
1777870806,Detroit Pistons,59742411602053785892348440048778056320272639465974092140970920277782290781360,0.063,2026-05-04 05:00:06+00:00
1777870806,Los Angeles Lakers,86297520870744792204751483474339201341298076835836561764334428915355504860913,0.0275,2026-05-04 05:00:06+00:00
1777870806,Minnesota Timberwolves,5771676627182954113677164857547228277089396639521594262964034606220001939923,0.012,2026-05-04 05:00:06+00:00
1777870806,Oklahoma City Thunder,49500299856831034491021962156746701298730459370557900271970866855042624695770,0.565,2026-05-04 05:00:06+00:00
1777870806,Philadelphia 76ers,5644679982684846699855787022092402984369447277920326773883608030240292167917,0.0265,2026-05-04 05:00:06+00:00
1777870806,Toronto Raptors,111039354521750894925304771773687530394455073318948424656845140321925374032772,0.0005,2026-05-04 05:00:06+00:00
1777874404,San Antonio Spurs,102227184035967850089766981958743064457339118173548431660886438726896222843254,0.2065,2026-05-04 06:00:04+00:00
1777874405,New York Knicks,20257190540739490630509657713144742134547949967093643458458133445357169845406,0.0755,2026-05-04 06:00:05+00:00
1777874406,Cleveland Cavaliers,21929863894047830651599085392978377118642353711084157807549430066031384497667,0.0455,2026-05-04 06:00:06+00:00
1777874406,Los Angeles Lakers,86297520870744792204751483474339201341298076835836561764334428915355504860913,0.0265,2026-05-04 06:00:06+00:00
1777874406,Philadelphia 76ers,5644679982684846699855787022092402984369447277920326773883608030240292167917,0.0265,2026-05-04 06:00:06+00:00
1777874407,Detroit Pistons,59742411602053785892348440048778056320272639465974092140970920277782290781360,0.062,2026-05-04 06:00:07+00:00
1777874407,Minnesota Timberwolves,5771676627182954113677164857547228277089396639521594262964034606220001939923,0.0145,2026-05-04 06:00:07+00:00
1777874407,Oklahoma City Thunder,49500299856831034491021962156746701298730459370557900271970866855042624695770,0.565,2026-05-04 06:00:07+00:00
1777878004,San Antonio Spurs,102227184035967850089766981958743064457339118173548431660886438726896222843254,0.2065,2026-05-04 07:00:04+00:00
1777878005,Cleveland Cavaliers,21929863894047830651599085392978377118642353711084157807549430066031384497667,0.0415,2026-05-04 07:00:05+00:00
1777878005,Los Angeles Lakers,86297520870744792204751483474339201341298076835836561764334428915355504860913,0.0265,2026-05-04 07:00:05+00:00
1777878005,New York Knicks,20257190540739490630509657713144742134547949967093643458458133445357169845406,0.0765,2026-05-04 07:00:05+00:00
1777878005,Philadelphia 76ers,5644679982684846699855787022092402984369447277920326773883608030240292167917,0.0265,2026-05-04 07:00:05+00:00
1777878006,Detroit Pistons,59742411602053785892348440048778056320272639465974092140970920277782290781360,0.063,2026-05-04 07:00:06+00:00
1777878006,Minnesota Timberwolves,5771676627182954113677164857547228277089396639521594262964034606220001939923,0.0145,2026-05-04 07:00:06+00:00
1777878006,Oklahoma City Thunder,49500299856831034491021962156746701298730459370557900271970866855042624695770,0.565,2026-05-04 07:00:06+00:00
1777881604,San Antonio Spurs,102227184035967850089766981958743064457339118173548431660886438726896222843254,0.2055,2026-05-04 08:00:04+00:00
1777881605,Cleveland Cavaliers,21929863894047830651599085392978377118642353711084157807549430066031384497667,0.0425,2026-05-04 08:00:05+00:00
1777881605,Los Angeles Lakers,86297520870744792204751483474339201341298076835836561764334428915355504860913,0.0305,2026-05-04 08:00:05+00:00
1777881605,New York Knicks,20257190540739490630509657713144742134547949967093643458458133445357169845406,0.0815,2026-05-04 08:00:05+00:00
1777881605,Philadelphia 76ers,5644679982684846699855787022092402984369447277920326773883608030240292167917,0.0245,2026-05-04 08:00:05+00:00
1777881606,Detroit Pistons,59742411602053785892348440048778056320272639465974092140970920277782290781360,0.061,2026-05-04 08:00:06+00:00
1777881606,Minnesota Timberwolves,5771676627182954113677164857547228277089396639521594262964034606220001939923,0.0145,2026-05-04 08:00:06+00:00
1777881606,Oklahoma City Thunder,49500299856831034491021962156746701298730459370557900271970866855042624695770,0.565,2026-05-04 08:00:06+00:00
1777885204,San Antonio Spurs,102227184035967850089766981958743064457339118173548431660886438726896222843254,0.2035,2026-05-04 09:00:04+00:00
1777885205,Cleveland Cavaliers,21929863894047830651599085392978377118642353711084157807549430066031384497667,0.0415,2026-05-04 09:00:05+00:00
1777885205,Los Angeles Lakers,86297520870744792204751483474339201341298076835836561764334428915355504860913,0.0305,2026-05-04 09:00:05+00:00
1777885205,New York Knicks,20257190540739490630509657713144742134547949967093643458458133445357169845406,0.0795,2026-05-04 09:00:05+00:00
1777885205,Philadelphia 76ers,5644679982684846699855787022092402984369447277920326773883608030240292167917,0.0255,2026-05-04 09:00:05+00:00
1777885206,Detroit Pistons,59742411602053785892348440048778056320272639465974092140970920277782290781360,0.06,2026-05-04 09:00:06+00:00
1777885206,Minnesota Timberwolves,5771676627182954113677164857547228277089396639521594262964034606220001939923,0.014,2026-05-04 09:00:06+00:00
1777885206,Oklahoma City Thunder,49500299856831034491021962156746701298730459370557900271970866855042624695770,0.565,2026-05-04 09:00:06+00:00
1777888805,San Antonio Spurs,102227184035967850089766981958743064457339118173548431660886438726896222843254,0.205,2026-05-04 10:00:05+00:00
1777888806,Cleveland Cavaliers,21929863894047830651599085392978377118642353711084157807549430066031384497667,0.042,2026-05-04 10:00:06+00:00
1777888806,Los Angeles Lakers,86297520870744792204751483474339201341298076835836561764334428915355504860913,0.0275,2026-05-04 10:00:06+00:00
1777888806,New York Knicks,20257190540739490630509657713144742134547949967093643458458133445357169845406,0.0825,2026-05-04 10:00:06+00:00
1777888806,Philadelphia 76ers,5644679982684846699855787022092402984369447277920326773883608030240292167917,0.026,2026-05-04 10:00:06+00:00
1777888807,Detroit Pistons,59742411602053785892348440048778056320272639465974092140970920277782290781360,0.0605,2026-05-04 10:00:07+00:00
1777888807,Minnesota Timberwolves,5771676627182954113677164857547228277089396639521594262964034606220001939923,0.014,2026-05-04 10:00:07+00:00
1777888807,Oklahoma City Thunder,49500299856831034491021962156746701298730459370557900271970866855042624695770,0.565,2026-05-04 10:00:07+00:00
1777892404,San Antonio Spurs,102227184035967850089766981958743064457339118173548431660886438726896222843254,0.204,2026-05-04 11:00:04+00:00
1777892405,Cleveland Cavaliers,21929863894047830651599085392978377118642353711084157807549430066031384497667,0.0415,2026-05-04 11:00:05+00:00
1777892405,Los Angeles Lakers,86297520870744792204751483474339201341298076835836561764334428915355504860913,0.0285,2026-05-04 11:00:05+00:00
1777892405,New York Knicks,20257190540739490630509657713144742134547949967093643458458133445357169845406,0.084,2026-05-04 11:00:05+00:00
1777892405,Philadelphia 76ers,5644679982684846699855787022092402984369447277920326773883608030240292167917,0.0275,2026-05-04 11:00:05+00:00
1777892406,Detroit Pistons,59742411602053785892348440048778056320272639465974092140970920277782290781360,0.059,2026-05-04 11:00:06+00:00
1777892406,Minnesota Timberwolves,5771676627182954113677164857547228277089396639521594262964034606220001939923,0.0135,2026-05-04 11:00:06+00:00
1777892406,Oklahoma City Thunder,49500299856831034491021962156746701298730459370557900271970866855042624695770,0.565,2026-05-04 11:00:06+00:00
1777896003,San Antonio Spurs,102227184035967850089766981958743064457339118173548431660886438726896222843254,0.2025,2026-05-04 12:00:03+00:00
1777896005,New York Knicks,20257190540739490630509657713144742134547949967093643458458133445357169845406,0.086,2026-05-04 12:00:05+00:00
1777896006,Cleveland Cavaliers,21929863894047830651599085392978377118642353711084157807549430066031384497667,0.039,2026-05-04 12:00:06+00:00
1777896006,Los Angeles Lakers,86297520870744792204751483474339201341298076835836561764334428915355504860913,0.0275,2026-05-04 12:00:06+00:00
1777896006,Oklahoma City Thunder,49500299856831034491021962156746701298730459370557900271970866855042624695770,0.565,2026-05-04 12:00:06+00:00
1777896006,Philadelphia 76ers,5644679982684846699855787022092402984369447277920326773883608030240292167917,0.0275,2026-05-04 12:00:06+00:00
1777896007,Detroit Pistons,59742411602053785892348440048778056320272639465974092140970920277782290781360,0.0545,2026-05-04 12:00:07+00:00
1777896007,Minnesota Timberwolves,5771676627182954113677164857547228277089396639521594262964034606220001939923,0.0135,2026-05-04 12:00:07+00:00
1777899603,San Antonio Spurs,102227184035967850089766981958743064457339118173548431660886438726896222843254,0.2025,2026-05-04 13:00:03+00:00
1777899605,New York Knicks,20257190540739490630509657713144742134547949967093643458458133445357169845406,0.0855,2026-05-04 13:00:05+00:00
1777899606,Cleveland Cavaliers,21929863894047830651599085392978377118642353711084157807549430066031384497667,0.0395,2026-05-04 13:00:06+00:00
1777899606,Los Angeles Lakers,86297520870744792204751483474339201341298076835836561764334428915355504860913,0.0285,2026-05-04 13:00:06+00:00
1777899607,Philadelphia 76ers,5644679982684846699855787022092402984369447277920326773883608030240292167917,0.0275,2026-05-04 13:00:07+00:00
1777899608,Oklahoma City Thunder,49500299856831034491021962156746701298730459370557900271970866855042624695770,0.565,2026-05-04 13:00:08+00:00
1777899609,Detroit Pistons,59742411602053785892348440048778056320272639465974092140970920277782290781360,0.055,2026-05-04 13:00:09+00:00
1777899609,Minnesota Timberwolves,5771676627182954113677164857547228277089396639521594262964034606220001939923,0.0135,2026-05-04 13:00:09+00:00
1777903204,San Antonio Spurs,102227184035967850089766981958743064457339118173548431660886438726896222843254,0.2005,2026-05-04 14:00:04+00:00
1777903205,New York Knicks,20257190540739490630509657713144742134547949967093643458458133445357169845406,0.0855,2026-05-04 14:00:05+00:00
1777903206,Cleveland Cavaliers,21929863894047830651599085392978377118642353711084157807549430066031384497667,0.0395,2026-05-04 14:00:06+00:00
1777903206,Detroit Pistons,59742411602053785892348440048778056320272639465974092140970920277782290781360,0.058,2026-05-04 14:00:06+00:00
1777903206,Los Angeles Lakers,86297520870744792204751483474339201341298076835836561764334428915355504860913,0.0285,2026-05-04 14:00:06+00:00
1777903206,Minnesota Timberwolves,5771676627182954113677164857547228277089396639521594262964034606220001939923,0.0135,2026-05-04 14:00:06+00:00
1777903206,Oklahoma City Thunder,49500299856831034491021962156746701298730459370557900271970866855042624695770,0.565,2026-05-04 14:00:06+00:00
1777903206,Philadelphia 76ers,5644679982684846699855787022092402984369447277920326773883608030240292167917,0.0285,2026-05-04 14:00:06+00:00
1777906805,San Antonio Spurs,102227184035967850089766981958743064457339118173548431660886438726896222843254,0.2005,2026-05-04 15:00:05+00:00
1777906807,Cleveland Cavaliers,21929863894047830651599085392978377118642353711084157807549430066031384497667,0.0395,2026-05-04 15:00:07+00:00
1777906807,Los Angeles Lakers,86297520870744792204751483474339201341298076835836561764334428915355504860913,0.0285,2026-05-04 15:00:07+00:00
1777906807,New York Knicks,20257190540739490630509657713144742134547949967093643458458133445357169845406,0.0875,2026-05-04 15:00:07+00:00
1777906808,Oklahoma City Thunder,49500299856831034491021962156746701298730459370557900271970866855042624695770,0.565,2026-05-04 15:00:08+00:00
1777906808,Philadelphia 76ers,5644679982684846699855787022092402984369447277920326773883608030240292167917,0.0285,2026-05-04 15:00:08+00:00
1777906809,Detroit Pistons,59742411602053785892348440048778056320272639465974092140970920277782290781360,0.057,2026-05-04 15:00:09+00:00
1777906809,Minnesota Timberwolves,5771676627182954113677164857547228277089396639521594262964034606220001939923,0.0135,2026-05-04 15:00:09+00:00
1777910403,San Antonio Spurs,102227184035967850089766981958743064457339118173548431660886438726896222843254,0.2005,2026-05-04 16:00:03+00:00
1777910404,New York Knicks,20257190540739490630509657713144742134547949967093643458458133445357169845406,0.0875,2026-05-04 16:00:04+00:00
1777910405,Cleveland Cavaliers,21929863894047830651599085392978377118642353711084157807549430066031384497667,0.0385,2026-05-04 16:00:05+00:00
1777910405,Detroit Pistons,59742411602053785892348440048778056320272639465974092140970920277782290781360,0.057,2026-05-04 16:00:05+00:00
1777910405,Los Angeles Lakers,86297520870744792204751483474339201341298076835836561764334428915355504860913,0.0285,2026-05-04 16:00:05+00:00
1777910405,Minnesota Timberwolves,5771676627182954113677164857547228277089396639521594262964034606220001939923,0.0115,2026-05-04 16:00:05+00:00
1777910405,Oklahoma City Thunder,49500299856831034491021962156746701298730459370557900271970866855042624695770,0.565,2026-05-04 16:00:05+00:00
1777910405,Philadelphia 76ers,5644679982684846699855787022092402984369447277920326773883608030240292167917,0.029,2026-05-04 16:00:05+00:00
1777914006,San Antonio Spurs,102227184035967850089766981958743064457339118173548431660886438726896222843254,0.2005,2026-05-04 17:00:06+00:00
1777914007,Cleveland Cavaliers,21929863894047830651599085392978377118642353711084157807549430066031384497667,0.0375,2026-05-04 17:00:07+00:00
1777914007,Los Angeles Lakers,86297520870744792204751483474339201341298076835836561764334428915355504860913,0.0285,2026-05-04 17:00:07+00:00
1777914007,New York Knicks,20257190540739490630509657713144742134547949967093643458458133445357169845406,0.0875,2026-05-04 17:00:07+00:00
1777914007,Philadelphia 76ers,5644679982684846699855787022092402984369447277920326773883608030240292167917,0.0295,2026-05-04 17:00:07+00:00
1777914008,Detroit Pistons,59742411602053785892348440048778056320272639465974092140970920277782290781360,0.059,2026-05-04 17:00:08+00:00
1777914008,Minnesota Timberwolves,5771676627182954113677164857547228277089396639521594262964034606220001939923,0.0135,2026-05-04 17:00:08+00:00
1777914008,Oklahoma City Thunder,49500299856831034491021962156746701298730459370557900271970866855042624695770,0.565,2026-05-04 17:00:08+00:00
1777917605,San Antonio Spurs,102227184035967850089766981958743064457339118173548431660886438726896222843254,0.2005,2026-05-04 18:00:05+00:00
1777917607,Cleveland Cavaliers,21929863894047830651599085392978377118642353711084157807549430066031384497667,0.0365,2026-05-04 18:00:07+00:00
1777917607,Los Angeles Lakers,86297520870744792204751483474339201341298076835836561764334428915355504860913,0.0285,2026-05-04 18:00:07+00:00
1777917607,New York Knicks,20257190540739490630509657713144742134547949967093643458458133445357169845406,0.088,2026-05-04 18:00:07+00:00
1777917607,Philadelphia 76ers,5644679982684846699855787022092402984369447277920326773883608030240292167917,0.0295,2026-05-04 18:00:07+00:00
1777917608,Detroit Pistons,59742411602053785892348440048778056320272639465974092140970920277782290781360,0.059,2026-05-04 18:00:08+00:00
1777917608,Minnesota Timberwolves,5771676627182954113677164857547228277089396639521594262964034606220001939923,0.0135,2026-05-04 18:00:08+00:00
1777917608,Oklahoma City Thunder,49500299856831034491021962156746701298730459370557900271970866855042624695770,0.565,2026-05-04 18:00:08+00:00
1777921206,San Antonio Spurs,102227184035967850089766981958743064457339118173548431660886438726896222843254,0.1995,2026-05-04 19:00:06+00:00
1777921207,New York Knicks,20257190540739490630509657713144742134547949967093643458458133445357169845406,0.0875,2026-05-04 19:00:07+00:00
1777921209,Cleveland Cavaliers,21929863894047830651599085392978377118642353711084157807549430066031384497667,0.0355,2026-05-04 19:00:09+00:00
1777921209,Detroit Pistons,59742411602053785892348440048778056320272639465974092140970920277782290781360,0.0595,2026-05-04 19:00:09+00:00
1777921209,Los Angeles Lakers,86297520870744792204751483474339201341298076835836561764334428915355504860913,0.0275,2026-05-04 19:00:09+00:00
1777921209,Minnesota Timberwolves,5771676627182954113677164857547228277089396639521594262964034606220001939923,0.0145,2026-05-04 19:00:09+00:00
1777921209,Oklahoma City Thunder,49500299856831034491021962156746701298730459370557900271970866855042624695770,0.565,2026-05-04 19:00:09+00:00
1777921209,Philadelphia 76ers,5644679982684846699855787022092402984369447277920326773883608030240292167917,0.0255,2026-05-04 19:00:09+00:00
1777924807,San Antonio Spurs,102227184035967850089766981958743064457339118173548431660886438726896222843254,0.1995,2026-05-04 20:00:07+00:00
1777924808,New York Knicks,20257190540739490630509657713144742134547949967093643458458133445357169845406,0.093,2026-05-04 20:00:08+00:00
1777924809,Cleveland Cavaliers,21929863894047830651599085392978377118642353711084157807549430066031384497667,0.035,2026-05-04 20:00:09+00:00
1777924809,Los Angeles Lakers,86297520870744792204751483474339201341298076835836561764334428915355504860913,0.0275,2026-05-04 20:00:09+00:00
1777924809,Philadelphia 76ers,5644679982684846699855787022092402984369447277920326773883608030240292167917,0.025,2026-05-04 20:00:09+00:00
1777924810,Detroit Pistons,59742411602053785892348440048778056320272639465974092140970920277782290781360,0.0585,2026-05-04 20:00:10+00:00
1777924810,Minnesota Timberwolves,5771676627182954113677164857547228277089396639521594262964034606220001939923,0.0185,2026-05-04 20:00:10+00:00
1777924810,Oklahoma City Thunder,49500299856831034491021962156746701298730459370557900271970866855042624695770,0.565,2026-05-04 20:00:10+00:00
1777928406,San Antonio Spurs,102227184035967850089766981958743064457339118173548431660886438726896222843254,0.1995,2026-05-04 21:00:06+00:00
1777928407,New York Knicks,20257190540739490630509657713144742134547949967093643458458133445357169845406,0.0915,2026-05-04 21:00:07+00:00
1777928408,Cleveland Cavaliers,21929863894047830651599085392978377118642353711084157807549430066031384497667,0.0345,2026-05-04 21:00:08+00:00
1777928408,Los Angeles Lakers,86297520870744792204751483474339201341298076835836561764334428915355504860913,0.0265,2026-05-04 21:00:08+00:00
1777928408,Philadelphia 76ers,5644679982684846699855787022092402984369447277920326773883608030240292167917,0.0255,2026-05-04 21:00:08+00:00
1777928409,Detroit Pistons,59742411602053785892348440048778056320272639465974092140970920277782290781360,0.0545,2026-05-04 21:00:09+00:00
1777928409,Minnesota Timberwolves,5771676627182954113677164857547228277089396639521594262964034606220001939923,0.021,2026-05-04 21:00:09+00:00
1777928409,Oklahoma City Thunder,49500299856831034491021962156746701298730459370557900271970866855042624695770,0.565,2026-05-04 21:00:09+00:00
1777932004,San Antonio Spurs,102227184035967850089766981958743064457339118173548431660886438726896222843254,0.1985,2026-05-04 22:00:04+00:00
1777932006,New York Knicks,20257190540739490630509657713144742134547949967093643458458133445357169845406,0.0915,2026-05-04 22:00:06+00:00
1777932007,Cleveland Cavaliers,21929863894047830651599085392978377118642353711084157807549430066031384497667,0.0325,2026-05-04 22:00:07+00:00
1777932007,Los Angeles Lakers,86297520870744792204751483474339201341298076835836561764334428915355504860913,0.0255,2026-05-04 22:00:07+00:00
1777932007,Philadelphia 76ers,5644679982684846699855787022092402984369447277920326773883608030240292167917,0.025,2026-05-04 22:00:07+00:00
1777932008,Detroit Pistons,59742411602053785892348440048778056320272639465974092140970920277782290781360,0.054,2026-05-04 22:00:08+00:00
1777932008,Minnesota Timberwolves,5771676627182954113677164857547228277089396639521594262964034606220001939923,0.0205,2026-05-04 22:00:08+00:00
1777932008,Oklahoma City Thunder,49500299856831034491021962156746701298730459370557900271970866855042624695770,0.565,2026-05-04 22:00:08+00:00
1777935604,San Antonio Spurs,102227184035967850089766981958743064457339118173548431660886438726896222843254,0.1985,2026-05-04 23:00:04+00:00
1777935605,New York Knicks,20257190540739490630509657713144742134547949967093643458458133445357169845406,0.0915,2026-05-04 23:00:05+00:00
1777935606,Cleveland Cavaliers,21929863894047830651599085392978377118642353711084157807549430066031384497667,0.0325,2026-05-04 23:00:06+00:00
1777935606,Los Angeles Lakers,86297520870744792204751483474339201341298076835836561764334428915355504860913,0.0255,2026-05-04 23:00:06+00:00
1777935606,Minnesota Timberwolves,5771676627182954113677164857547228277089396639521594262964034606220001939923,0.0185,2026-05-04 23:00:06+00:00
1777935606,Oklahoma City Thunder,49500299856831034491021962156746701298730459370557900271970866855042624695770,0.565,2026-05-04 23:00:06+00:00
1777935606,Philadelphia 76ers,5644679982684846699855787022092402984369447277920326773883608030240292167917,0.0245,2026-05-04 23:00:06+00:00
1777935607,Detroit Pistons,59742411602053785892348440048778056320272639465974092140970920277782290781360,0.0475,2026-05-04 23:00:07+00:00
1777939217,San Antonio Spurs,102227184035967850089766981958743064457339118173548431660886438726896222843254,0.1985,2026-05-05 00:00:17+00:00
1777939219,New York Knicks,20257190540739490630509657713144742134547949967093643458458133445357169845406,0.0875,2026-05-05 00:00:19+00:00
1777939220,Cleveland Cavaliers,21929863894047830651599085392978377118642353711084157807549430066031384497667,0.0315,2026-05-05 00:00:20+00:00
1777939220,Detroit Pistons,59742411602053785892348440048778056320272639465974092140970920277782290781360,0.0475,2026-05-05 00:00:20+00:00
1777939220,Los Angeles Lakers,86297520870744792204751483474339201341298076835836561764334428915355504860913,0.0265,2026-05-05 00:00:20+00:00
1777939220,Minnesota Timberwolves,5771676627182954113677164857547228277089396639521594262964034606220001939923,0.019,2026-05-05 00:00:20+00:00
1777939220,Oklahoma City Thunder,49500299856831034491021962156746701298730459370557900271970866855042624695770,0.565,2026-05-05 00:00:20+00:00
1777939220,Philadelphia 76ers,5644679982684846699855787022092402984369447277920326773883608030240292167917,0.0255,2026-05-05 00:00:20+00:00
1777942806,San Antonio Spurs,102227184035967850089766981958743064457339118173548431660886438726896222843254,0.1985,2026-05-05 01:00:06+00:00
1777942807,Cleveland Cavaliers,21929863894047830651599085392978377118642353711084157807549430066031384497667,0.0315,2026-05-05 01:00:07+00:00
1777942807,Los Angeles Lakers,86297520870744792204751483474339201341298076835836561764334428915355504860913,0.0265,2026-05-05 01:00:07+00:00
1777942807,New York Knicks,20257190540739490630509657713144742134547949967093643458458133445357169845406,0.092,2026-05-05 01:00:07+00:00
1777942807,Philadelphia 76ers,5644679982684846699855787022092402984369447277920326773883608030240292167917,0.0245,2026-05-05 01:00:07+00:00
1777942808,Detroit Pistons,59742411602053785892348440048778056320272639465974092140970920277782290781360,0.0515,2026-05-05 01:00:08+00:00
1777942808,Minnesota Timberwolves,5771676627182954113677164857547228277089396639521594262964034606220001939923,0.0185,2026-05-05 01:00:08+00:00
1777942808,Oklahoma City Thunder,49500299856831034491021962156746701298730459370557900271970866855042624695770,0.575,2026-05-05 01:00:08+00:00
1777946406,San Antonio Spurs,102227184035967850089766981958743064457339118173548431660886438726896222843254,0.1985,2026-05-05 02:00:06+00:00
1777946407,Cleveland Cavaliers,21929863894047830651599085392978377118642353711084157807549430066031384497667,0.034,2026-05-05 02:00:07+00:00
1777946407,Los Angeles Lakers,86297520870744792204751483474339201341298076835836561764334428915355504860913,0.0265,2026-05-05 02:00:07+00:00
1777946407,New York Knicks,20257190540739490630509657713144742134547949967093643458458133445357169845406,0.097,2026-05-05 02:00:07+00:00
1777946407,Philadelphia 76ers,5644679982684846699855787022092402984369447277920326773883608030240292167917,0.0145,2026-05-05 02:00:07+00:00
1777946408,Detroit Pistons,59742411602053785892348440048778056320272639465974092140970920277782290781360,0.0525,2026-05-05 02:00:08+00:00
1777946408,Minnesota Timberwolves,5771676627182954113677164857547228277089396639521594262964034606220001939923,0.0205,2026-05-05 02:00:08+00:00
1777946408,Oklahoma City Thunder,49500299856831034491021962156746701298730459370557900271970866855042624695770,0.575,2026-05-05 02:00:08+00:00
1777950006,San Antonio Spurs,102227184035967850089766981958743064457339118173548431660886438726896222843254,0.1985,2026-05-05 03:00:06+00:00
1777950008,New York Knicks,20257190540739490630509657713144742134547949967093643458458133445357169845406,0.1005,2026-05-05 03:00:08+00:00
1777950009,Cleveland Cavaliers,21929863894047830651599085392978377118642353711084157807549430066031384497667,0.0335,2026-05-05 03:00:09+00:00
1777950009,Los Angeles Lakers,86297520870744792204751483474339201341298076835836561764334428915355504860913,0.0265,2026-05-05 03:00:09+00:00
1777950009,Philadelphia 76ers,5644679982684846699855787022092402984369447277920326773883608030240292167917,0.0105,2026-05-05 03:00:09+00:00
1777950010,Detroit Pistons,59742411602053785892348440048778056320272639465974092140970920277782290781360,0.0525,2026-05-05 03:00:10+00:00
1777950010,Minnesota Timberwolves,5771676627182954113677164857547228277089396639521594262964034606220001939923,0.0235,2026-05-05 03:00:10+00:00
1777950010,Oklahoma City Thunder,49500299856831034491021962156746701298730459370557900271970866855042624695770,0.565,2026-05-05 03:00:10+00:00
1777953605,San Antonio Spurs,102227184035967850089766981958743064457339118173548431660886438726896222843254,0.1715,2026-05-05 04:00:05+00:00
1777953607,New York Knicks,20257190540739490630509657713144742134547949967093643458458133445357169845406,0.0925,2026-05-05 04:00:07+00:00
1777953608,Cleveland Cavaliers,21929863894047830651599085392978377118642353711084157807549430066031384497667,0.0325,2026-05-05 04:00:08+00:00
1777953608,Los Angeles Lakers,86297520870744792204751483474339201341298076835836561764334428915355504860913,0.0245,2026-05-05 04:00:08+00:00
1777953608,Philadelphia 76ers,5644679982684846699855787022092402984369447277920326773883608030240292167917,0.0075,2026-05-05 04:00:08+00:00
1777953610,Detroit Pistons,59742411602053785892348440048778056320272639465974092140970920277782290781360,0.0525,2026-05-05 04:00:10+00:00
1777953610,Minnesota Timberwolves,5771676627182954113677164857547228277089396639521594262964034606220001939923,0.0375,2026-05-05 04:00:10+00:00
1777953610,Oklahoma City Thunder,49500299856831034491021962156746701298730459370557900271970866855042624695770,0.605,2026-05-05 04:00:10+00:00
1777957206,San Antonio Spurs,102227184035967850089766981958743064457339118173548431660886438726896222843254,0.159,2026-05-05 05:00:06+00:00
1777957207,New York Knicks,20257190540739490630509657713144742134547949967093643458458133445357169845406,0.0915,2026-05-05 05:00:07+00:00
1777957208,Cleveland Cavaliers,21929863894047830651599085392978377118642353711084157807549430066031384497667,0.0325,2026-05-05 05:00:08+00:00
1777957208,Detroit Pistons,59742411602053785892348440048778056320272639465974092140970920277782290781360,0.0525,2026-05-05 05:00:08+00:00
1777957208,Los Angeles Lakers,86297520870744792204751483474339201341298076835836561764334428915355504860913,0.0235,2026-05-05 05:00:08+00:00
1777957208,Minnesota Timberwolves,5771676627182954113677164857547228277089396639521594262964034606220001939923,0.0375,2026-05-05 05:00:08+00:00
1777957208,Oklahoma City Thunder,49500299856831034491021962156746701298730459370557900271970866855042624695770,0.615,2026-05-05 05:00:08+00:00
1777957208,Philadelphia 76ers,5644679982684846699855787022092402984369447277920326773883608030240292167917,0.0085,2026-05-05 05:00:08+00:00
1777960815,San Antonio Spurs,102227184035967850089766981958743064457339118173548431660886438726896222843254,0.1545,2026-05-05 06:00:15+00:00
1777960817,Cleveland Cavaliers,21929863894047830651599085392978377118642353711084157807549430066031384497667,0.0395,2026-05-05 06:00:17+00:00
1777960817,Los Angeles Lakers,86297520870744792204751483474339201341298076835836561764334428915355504860913,0.0235,2026-05-05 06:00:17+00:00
1777960817,New York Knicks,20257190540739490630509657713144742134547949967093643458458133445357169845406,0.0965,2026-05-05 06:00:17+00:00
1777960817,Philadelphia 76ers,5644679982684846699855787022092402984369447277920326773883608030240292167917,0.0085,2026-05-05 06:00:17+00:00
1777960818,Detroit Pistons,59742411602053785892348440048778056320272639465974092140970920277782290781360,0.0535,2026-05-05 06:00:18+00:00
1777960818,Minnesota Timberwolves,5771676627182954113677164857547228277089396639521594262964034606220001939923,0.039,2026-05-05 06:00:18+00:00
1777960818,Oklahoma City Thunder,49500299856831034491021962156746701298730459370557900271970866855042624695770,0.605,2026-05-05 06:00:18+00:00
1777964404,San Antonio Spurs,102227184035967850089766981958743064457339118173548431660886438726896222843254,0.1545,2026-05-05 07:00:04+00:00
1777964406,New York Knicks,20257190540739490630509657713144742134547949967093643458458133445357169845406,0.096,2026-05-05 07:00:06+00:00
1777964407,Cleveland Cavaliers,21929863894047830651599085392978377118642353711084157807549430066031384497667,0.0335,2026-05-05 07:00:07+00:00
1777964407,Los Angeles Lakers,86297520870744792204751483474339201341298076835836561764334428915355504860913,0.0275,2026-05-05 07:00:07+00:00
1777964408,Philadelphia 76ers,5644679982684846699855787022092402984369447277920326773883608030240292167917,0.0085,2026-05-05 07:00:08+00:00
1777964409,Detroit Pistons,59742411602053785892348440048778056320272639465974092140970920277782290781360,0.0535,2026-05-05 07:00:09+00:00
1777964409,Minnesota Timberwolves,5771676627182954113677164857547228277089396639521594262964034606220001939923,0.0435,2026-05-05 07:00:09+00:00
1777964409,Oklahoma City Thunder,49500299856831034491021962156746701298730459370557900271970866855042624695770,0.605,2026-05-05 07:00:09+00:00
1777968003,San Antonio Spurs,102227184035967850089766981958743064457339118173548431660886438726896222843254,0.1545,2026-05-05 08:00:03+00:00
1777968004,New York Knicks,20257190540739490630509657713144742134547949967093643458458133445357169845406,0.0985,2026-05-05 08:00:04+00:00
1777968005,Cleveland Cavaliers,21929863894047830651599085392978377118642353711084157807549430066031384497667,0.0345,2026-05-05 08:00:05+00:00
1777968005,Detroit Pistons,59742411602053785892348440048778056320272639465974092140970920277782290781360,0.0575,2026-05-05 08:00:05+00:00
1777968005,Los Angeles Lakers,86297520870744792204751483474339201341298076835836561764334428915355504860913,0.0275,2026-05-05 08:00:05+00:00
1777968005,Minnesota Timberwolves,5771676627182954113677164857547228277089396639521594262964034606220001939923,0.0445,2026-05-05 08:00:05+00:00
1777968005,Oklahoma City Thunder,49500299856831034491021962156746701298730459370557900271970866855042624695770,0.595,2026-05-05 08:00:05+00:00
1777968005,Philadelphia 76ers,5644679982684846699855787022092402984369447277920326773883608030240292167917,0.0085,2026-05-05 08:00:05+00:00
1777971605,San Antonio Spurs,102227184035967850089766981958743064457339118173548431660886438726896222843254,0.1555,2026-05-05 09:00:05+00:00
1777971606,New York Knicks,20257190540739490630509657713144742134547949967093643458458133445357169845406,0.099,2026-05-05 09:00:06+00:00
1777971607,Cleveland Cavaliers,21929863894047830651599085392978377118642353711084157807549430066031384497667,0.0365,2026-05-05 09:00:07+00:00
1777971607,Los Angeles Lakers,86297520870744792204751483474339201341298076835836561764334428915355504860913,0.0285,2026-05-05 09:00:07+00:00
1777971607,Oklahoma City Thunder,49500299856831034491021962156746701298730459370557900271970866855042624695770,0.595,2026-05-05 09:00:07+00:00
1777971607,Philadelphia 76ers,5644679982684846699855787022092402984369447277920326773883608030240292167917,0.0085,2026-05-05 09:00:07+00:00
1777971608,Detroit Pistons,59742411602053785892348440048778056320272639465974092140970920277782290781360,0.0565,2026-05-05 09:00:08+00:00
1777971608,Minnesota Timberwolves,5771676627182954113677164857547228277089396639521594262964034606220001939923,0.044,2026-05-05 09:00:08+00:00
1777975204,San Antonio Spurs,102227184035967850089766981958743064457339118173548431660886438726896222843254,0.1555,2026-05-05 10:00:04+00:00
1777975205,Cleveland Cavaliers,21929863894047830651599085392978377118642353711084157807549430066031384497667,0.038,2026-05-05 10:00:05+00:00
1777975205,Los Angeles Lakers,86297520870744792204751483474339201341298076835836561764334428915355504860913,0.0285,2026-05-05 10:00:05+00:00
1777975205,New York Knicks,20257190540739490630509657713144742134547949967093643458458133445357169845406,0.1,2026-05-05 10:00:05+00:00
1777975206,Detroit Pistons,59742411602053785892348440048778056320272639465974092140970920277782290781360,0.0535,2026-05-05 10:00:06+00:00
1777975206,Minnesota Timberwolves,5771676627182954113677164857547228277089396639521594262964034606220001939923,0.0445,2026-05-05 10:00:06+00:00
1777975206,Oklahoma City Thunder,49500299856831034491021962156746701298730459370557900271970866855042624695770,0.595,2026-05-05 10:00:06+00:00
1777975206,Philadelphia 76ers,5644679982684846699855787022092402984369447277920326773883608030240292167917,0.0085,2026-05-05 10:00:06+00:00
1777978805,New York Knicks,20257190540739490630509657713144742134547949967093643458458133445357169845406,0.0985,2026-05-05 11:00:05+00:00
1777978805,San Antonio Spurs,102227184035967850089766981958743064457339118173548431660886438726896222843254,0.1545,2026-05-05 11:00:05+00:00
1777978806,Cleveland Cavaliers,21929863894047830651599085392978377118642353711084157807549430066031384497667,0.038,2026-05-05 11:00:06+00:00
1777978806,Detroit Pistons,59742411602053785892348440048778056320272639465974092140970920277782290781360,0.055,2026-05-05 11:00:06+00:00
1777978806,Los Angeles Lakers,86297520870744792204751483474339201341298076835836561764334428915355504860913,0.0265,2026-05-05 11:00:06+00:00
1777978806,Minnesota Timberwolves,5771676627182954113677164857547228277089396639521594262964034606220001939923,0.0475,2026-05-05 11:00:06+00:00
1777978806,Oklahoma City Thunder,49500299856831034491021962156746701298730459370557900271970866855042624695770,0.595,2026-05-05 11:00:06+00:00
1777978806,Philadelphia 76ers,5644679982684846699855787022092402984369447277920326773883608030240292167917,0.0085,2026-05-05 11:00:06+00:00
1777982404,San Antonio Spurs,102227184035967850089766981958743064457339118173548431660886438726896222843254,0.154,2026-05-05 12:00:04+00:00
1777982408,New York Knicks,20257190540739490630509657713144742134547949967093643458458133445357169845406,0.0985,2026-05-05 12:00:08+00:00
1777982410,Cleveland Cavaliers,21929863894047830651599085392978377118642353711084157807549430066031384497667,0.0385,2026-05-05 12:00:10+00:00
1777982410,Los Angeles Lakers,86297520870744792204751483474339201341298076835836561764334428915355504860913,0.0275,2026-05-05 12:00:10+00:00
1777982410,Philadelphia 76ers,5644679982684846699855787022092402984369447277920326773883608030240292167917,0.0085,2026-05-05 12:00:10+00:00
1777982411,Detroit Pistons,59742411602053785892348440048778056320272639465974092140970920277782290781360,0.055,2026-05-05 12:00:11+00:00
1777982411,Minnesota Timberwolves,5771676627182954113677164857547228277089396639521594262964034606220001939923,0.046,2026-05-05 12:00:11+00:00
1777982411,Oklahoma City Thunder,49500299856831034491021962156746701298730459370557900271970866855042624695770,0.595,2026-05-05 12:00:11+00:00
1777986006,San Antonio Spurs,102227184035967850089766981958743064457339118173548431660886438726896222843254,0.157,2026-05-05 13:00:06+00:00
1777986007,Cleveland Cavaliers,21929863894047830651599085392978377118642353711084157807549430066031384497667,0.0375,2026-05-05 13:00:07+00:00
1777986007,Los Angeles Lakers,86297520870744792204751483474339201341298076835836561764334428915355504860913,0.0275,2026-05-05 13:00:07+00:00
1777986007,New York Knicks,20257190540739490630509657713144742134547949967093643458458133445357169845406,0.0985,2026-05-05 13:00:07+00:00
1777986007,Philadelphia 76ers,5644679982684846699855787022092402984369447277920326773883608030240292167917,0.0095,2026-05-05 13:00:07+00:00
1777986008,Detroit Pistons,59742411602053785892348440048778056320272639465974092140970920277782290781360,0.054,2026-05-05 13:00:08+00:00
1777986008,Minnesota Timberwolves,5771676627182954113677164857547228277089396639521594262964034606220001939923,0.0435,2026-05-05 13:00:08+00:00
1777986008,Oklahoma City Thunder,49500299856831034491021962156746701298730459370557900271970866855042624695770,0.595,2026-05-05 13:00:08+00:00
1777989607,San Antonio Spurs,102227184035967850089766981958743064457339118173548431660886438726896222843254,0.1625,2026-05-05 14:00:07+00:00
1777989608,New York Knicks,20257190540739490630509657713144742134547949967093643458458133445357169845406,0.0915,2026-05-05 14:00:08+00:00
1777989609,Cleveland Cavaliers,21929863894047830651599085392978377118642353711084157807549430066031384497667,0.0385,2026-05-05 14:00:09+00:00
1777989609,Los Angeles Lakers,86297520870744792204751483474339201341298076835836561764334428915355504860913,0.0275,2026-05-05 14:00:09+00:00
1777989609,Oklahoma City Thunder,49500299856831034491021962156746701298730459370557900271970866855042624695770,0.595,2026-05-05 14:00:09+00:00
1777989609,Philadelphia 76ers,5644679982684846699855787022092402984369447277920326773883608030240292167917,0.0095,2026-05-05 14:00:09+00:00
1777989610,Detroit Pistons,59742411602053785892348440048778056320272639465974092140970920277782290781360,0.0545,2026-05-05 14:00:10+00:00
1777989610,Minnesota Timberwolves,5771676627182954113677164857547228277089396639521594262964034606220001939923,0.0415,2026-05-05 14:00:10+00:00
1777993206,San Antonio Spurs,102227184035967850089766981958743064457339118173548431660886438726896222843254,0.1615,2026-05-05 15:00:06+00:00
1777993207,New York Knicks,20257190540739490630509657713144742134547949967093643458458133445357169845406,0.0945,2026-05-05 15:00:07+00:00
1777993208,Cleveland Cavaliers,21929863894047830651599085392978377118642353711084157807549430066031384497667,0.0385,2026-05-05 15:00:08+00:00
1777993208,Los Angeles Lakers,86297520870744792204751483474339201341298076835836561764334428915355504860913,0.0275,2026-05-05 15:00:08+00:00
1777993208,Philadelphia 76ers,5644679982684846699855787022092402984369447277920326773883608030240292167917,0.0105,2026-05-05 15:00:08+00:00
1777993209,Detroit Pistons,59742411602053785892348440048778056320272639465974092140970920277782290781360,0.0545,2026-05-05 15:00:09+00:00
1777993209,Minnesota Timberwolves,5771676627182954113677164857547228277089396639521594262964034606220001939923,0.0425,2026-05-05 15:00:09+00:00
1777993209,Oklahoma City Thunder,49500299856831034491021962156746701298730459370557900271970866855042624695770,0.595,2026-05-05 15:00:09+00:00
1777996816,San Antonio Spurs,102227184035967850089766981958743064457339118173548431660886438726896222843254,0.1565,2026-05-05 16:00:16+00:00
1777996817,New York Knicks,20257190540739490630509657713144742134547949967093643458458133445357169845406,0.1,2026-05-05 16:00:17+00:00
1777996818,Cleveland Cavaliers,21929863894047830651599085392978377118642353711084157807549430066031384497667,0.038,2026-05-05 16:00:18+00:00
1777996818,Los Angeles Lakers,86297520870744792204751483474339201341298076835836561764334428915355504860913,0.0245,2026-05-05 16:00:18+00:00
1777996818,Philadelphia 76ers,5644679982684846699855787022092402984369447277920326773883608030240292167917,0.0105,2026-05-05 16:00:18+00:00
1777996819,Detroit Pistons,59742411602053785892348440048778056320272639465974092140970920277782290781360,0.055,2026-05-05 16:00:19+00:00
1777996819,Minnesota Timberwolves,5771676627182954113677164857547228277089396639521594262964034606220001939923,0.042,2026-05-05 16:00:19+00:00
1777996819,Oklahoma City Thunder,49500299856831034491021962156746701298730459370557900271970866855042624695770,0.595,2026-05-05 16:00:19+00:00
1778000403,San Antonio Spurs,102227184035967850089766981958743064457339118173548431660886438726896222843254,0.1555,2026-05-05 17:00:03+00:00
1778000406,New York Knicks,20257190540739490630509657713144742134547949967093643458458133445357169845406,0.099,2026-05-05 17:00:06+00:00
1778000408,Cleveland Cavaliers,21929863894047830651599085392978377118642353711084157807549430066031384497667,0.037,2026-05-05 17:00:08+00:00
1778000408,Los Angeles Lakers,86297520870744792204751483474339201341298076835836561764334428915355504860913,0.0265,2026-05-05 17:00:08+00:00
1778000409,Philadelphia 76ers,5644679982684846699855787022092402984369447277920326773883608030240292167917,0.0115,2026-05-05 17:00:09+00:00
1778000410,Oklahoma City Thunder,49500299856831034491021962156746701298730459370557900271970866855042624695770,0.595,2026-05-05 17:00:10+00:00
1778000411,Minnesota Timberwolves,5771676627182954113677164857547228277089396639521594262964034606220001939923,0.0405,2026-05-05 17:00:11+00:00
1778000414,Detroit Pistons,59742411602053785892348440048778056320272639465974092140970920277782290781360,0.0545,2026-05-05 17:00:14+00:00
1778004003,San Antonio Spurs,102227184035967850089766981958743064457339118173548431660886438726896222843254,0.1535,2026-05-05 18:00:03+00:00
1778004005,New York Knicks,20257190540739490630509657713144742134547949967093643458458133445357169845406,0.0945,2026-05-05 18:00:05+00:00
1778004006,Cleveland Cavaliers,21929863894047830651599085392978377118642353711084157807549430066031384497667,0.0335,2026-05-05 18:00:06+00:00
1778004006,Los Angeles Lakers,86297520870744792204751483474339201341298076835836561764334428915355504860913,0.0315,2026-05-05 18:00:06+00:00
1778004006,Philadelphia 76ers,5644679982684846699855787022092402984369447277920326773883608030240292167917,0.0115,2026-05-05 18:00:06+00:00
1778004007,Detroit Pistons,59742411602053785892348440048778056320272639465974092140970920277782290781360,0.0525,2026-05-05 18:00:07+00:00
1778004007,Minnesota Timberwolves,5771676627182954113677164857547228277089396639521594262964034606220001939923,0.043,2026-05-05 18:00:07+00:00
1778004007,Oklahoma City Thunder,49500299856831034491021962156746701298730459370557900271970866855042624695770,0.595,2026-05-05 18:00:07+00:00
1778007603,San Antonio Spurs,102227184035967850089766981958743064457339118173548431660886438726896222843254,0.1535,2026-05-05 19:00:03+00:00
1778007605,New York Knicks,20257190540739490630509657713144742134547949967093643458458133445357169845406,0.0955,2026-05-05 19:00:05+00:00
1778007606,Cleveland Cavaliers,21929863894047830651599085392978377118642353711084157807549430066031384497667,0.0335,2026-05-05 19:00:06+00:00
1778007606,Los Angeles Lakers,86297520870744792204751483474339201341298076835836561764334428915355504860913,0.0255,2026-05-05 19:00:06+00:00
1778007606,Philadelphia 76ers,5644679982684846699855787022092402984369447277920326773883608030240292167917,0.0115,2026-05-05 19:00:06+00:00
1778007607,Detroit Pistons,59742411602053785892348440048778056320272639465974092140970920277782290781360,0.0525,2026-05-05 19:00:07+00:00
1778007607,Minnesota Timberwolves,5771676627182954113677164857547228277089396639521594262964034606220001939923,0.04,2026-05-05 19:00:07+00:00
1778007607,Oklahoma City Thunder,49500299856831034491021962156746701298730459370557900271970866855042624695770,0.595,2026-05-05 19:00:07+00:00
1778011205,San Antonio Spurs,102227184035967850089766981958743064457339118173548431660886438726896222843254,0.152,2026-05-05 20:00:05+00:00
1778011206,New York Knicks,20257190540739490630509657713144742134547949967093643458458133445357169845406,0.0945,2026-05-05 20:00:06+00:00
1778011207,Cleveland Cavaliers,21929863894047830651599085392978377118642353711084157807549430066031384497667,0.0335,2026-05-05 20:00:07+00:00
1778011207,Los Angeles Lakers,86297520870744792204751483474339201341298076835836561764334428915355504860913,0.0255,2026-05-05 20:00:07+00:00
1778011207,Philadelphia 76ers,5644679982684846699855787022092402984369447277920326773883608030240292167917,0.0115,2026-05-05 20:00:07+00:00
1778011209,Detroit Pistons,59742411602053785892348440048778056320272639465974092140970920277782290781360,0.051,2026-05-05 20:00:09+00:00
1778011209,Minnesota Timberwolves,5771676627182954113677164857547228277089396639521594262964034606220001939923,0.0385,2026-05-05 20:00:09+00:00
1778011209,Oklahoma City Thunder,49500299856831034491021962156746701298730459370557900271970866855042624695770,0.595,2026-05-05 20:00:09+00:00
1778014803,San Antonio Spurs,102227184035967850089766981958743064457339118173548431660886438726896222843254,0.1515,2026-05-05 21:00:03+00:00
1778014805,New York Knicks,20257190540739490630509657713144742134547949967093643458458133445357169845406,0.0925,2026-05-05 21:00:05+00:00
1778014806,Cleveland Cavaliers,21929863894047830651599085392978377118642353711084157807549430066031384497667,0.0405,2026-05-05 21:00:06+00:00
1778014806,Los Angeles Lakers,86297520870744792204751483474339201341298076835836561764334428915355504860913,0.0265,2026-05-05 21:00:06+00:00
1778014806,Oklahoma City Thunder,49500299856831034491021962156746701298730459370557900271970866855042624695770,0.595,2026-05-05 21:00:06+00:00
1778014806,Philadelphia 76ers,5644679982684846699855787022092402984369447277920326773883608030240292167917,0.0115,2026-05-05 21:00:06+00:00
1778014807,Detroit Pistons,59742411602053785892348440048778056320272639465974092140970920277782290781360,0.0505,2026-05-05 21:00:07+00:00
1778014807,Minnesota Timberwolves,5771676627182954113677164857547228277089396639521594262964034606220001939923,0.0385,2026-05-05 21:00:07+00:00
1778018416,San Antonio Spurs,102227184035967850089766981958743064457339118173548431660886438726896222843254,0.1515,2026-05-05 22:00:16+00:00
1778018417,New York Knicks,20257190540739490630509657713144742134547949967093643458458133445357169845406,0.0925,2026-05-05 22:00:17+00:00
1778018418,Cleveland Cavaliers,21929863894047830651599085392978377118642353711084157807549430066031384497667,0.0405,2026-05-05 22:00:18+00:00
1778018418,Los Angeles Lakers,86297520870744792204751483474339201341298076835836561764334428915355504860913,0.0265,2026-05-05 22:00:18+00:00
1778018419,Detroit Pistons,59742411602053785892348440048778056320272639465974092140970920277782290781360,0.0505,2026-05-05 22:00:19+00:00
1778018419,Minnesota Timberwolves,5771676627182954113677164857547228277089396639521594262964034606220001939923,0.04,2026-05-05 22:00:19+00:00
1778018419,Oklahoma City Thunder,49500299856831034491021962156746701298730459370557900271970866855042624695770,0.605,2026-05-05 22:00:19+00:00
1778018419,Philadelphia 76ers,5644679982684846699855787022092402984369447277920326773883608030240292167917,0.0115,2026-05-05 22:00:19+00:00
1778022003,San Antonio Spurs,102227184035967850089766981958743064457339118173548431660886438726896222843254,0.1515,2026-05-05 23:00:03+00:00
1778022004,New York Knicks,20257190540739490630509657713144742134547949967093643458458133445357169845406,0.0925,2026-05-05 23:00:04+00:00
1778022005,Cleveland Cavaliers,21929863894047830651599085392978377118642353711084157807549430066031384497667,0.04,2026-05-05 23:00:05+00:00
1778022005,Los Angeles Lakers,86297520870744792204751483474339201341298076835836561764334428915355504860913,0.0275,2026-05-05 23:00:05+00:00
1778022005,Philadelphia 76ers,5644679982684846699855787022092402984369447277920326773883608030240292167917,0.0115,2026-05-05 23:00:05+00:00
1778022006,Detroit Pistons,59742411602053785892348440048778056320272639465974092140970920277782290781360,0.0525,2026-05-05 23:00:06+00:00
1778022006,Minnesota Timberwolves,5771676627182954113677164857547228277089396639521594262964034606220001939923,0.038,2026-05-05 23:00:06+00:00
1778022006,Oklahoma City Thunder,49500299856831034491021962156746701298730459370557900271970866855042624695770,0.605,2026-05-05 23:00:06+00:00
1778025606,San Antonio Spurs,102227184035967850089766981958743064457339118173548431660886438726896222843254,0.1515,2026-05-06 00:00:06+00:00
1778025609,New York Knicks,20257190540739490630509657713144742134547949967093643458458133445357169845406,0.0925,2026-05-06 00:00:09+00:00
1778025610,Cleveland Cavaliers,21929863894047830651599085392978377118642353711084157807549430066031384497667,0.0295,2026-05-06 00:00:10+00:00
1778025610,Los Angeles Lakers,86297520870744792204751483474339201341298076835836561764334428915355504860913,0.0265,2026-05-06 00:00:10+00:00
1778025610,Philadelphia 76ers,5644679982684846699855787022092402984369447277920326773883608030240292167917,0.0115,2026-05-06 00:00:10+00:00
1778025611,Minnesota Timberwolves,5771676627182954113677164857547228277089396639521594262964034606220001939923,0.0375,2026-05-06 00:00:11+00:00
1778025611,Oklahoma City Thunder,49500299856831034491021962156746701298730459370557900271970866855042624695770,0.605,2026-05-06 00:00:11+00:00
1778025612,Detroit Pistons,59742411602053785892348440048778056320272639465974092140970920277782290781360,0.061,2026-05-06 00:00:12+00:00
1778029206,San Antonio Spurs,102227184035967850089766981958743064457339118173548431660886438726896222843254,0.1515,2026-05-06 01:00:06+00:00
1778029207,New York Knicks,20257190540739490630509657713144742134547949967093643458458133445357169845406,0.0885,2026-05-06 01:00:07+00:00
1778029208,Cleveland Cavaliers,21929863894047830651599085392978377118642353711084157807549430066031384497667,0.0335,2026-05-06 01:00:08+00:00
1778029208,Los Angeles Lakers,86297520870744792204751483474339201341298076835836561764334428915355504860913,0.0325,2026-05-06 01:00:08+00:00
1778029208,Philadelphia 76ers,5644679982684846699855787022092402984369447277920326773883608030240292167917,0.0115,2026-05-06 01:00:08+00:00
1778029209,Detroit Pistons,59742411602053785892348440048778056320272639465974092140970920277782290781360,0.061,2026-05-06 01:00:09+00:00
1778029209,Minnesota Timberwolves,5771676627182954113677164857547228277089396639521594262964034606220001939923,0.0375,2026-05-06 01:00:09+00:00
1778029209,Oklahoma City Thunder,49500299856831034491021962156746701298730459370557900271970866855042624695770,0.605,2026-05-06 01:00:09+00:00
1778032804,San Antonio Spurs,102227184035967850089766981958743064457339118173548431660886438726896222843254,0.1525,2026-05-06 02:00:04+00:00
1778032805,New York Knicks,20257190540739490630509657713144742134547949967093643458458133445357169845406,0.0885,2026-05-06 02:00:05+00:00
1778032806,Cleveland Cavaliers,21929863894047830651599085392978377118642353711084157807549430066031384497667,0.0285,2026-05-06 02:00:06+00:00
1778032806,Los Angeles Lakers,86297520870744792204751483474339201341298076835836561764334428915355504860913,0.0255,2026-05-06 02:00:06+00:00
1778032806,Philadelphia 76ers,5644679982684846699855787022092402984369447277920326773883608030240292167917,0.0125,2026-05-06 02:00:06+00:00
1778032807,Detroit Pistons,59742411602053785892348440048778056320272639465974092140970920277782290781360,0.0615,2026-05-06 02:00:07+00:00
1778032807,Minnesota Timberwolves,5771676627182954113677164857547228277089396639521594262964034606220001939923,0.0405,2026-05-06 02:00:07+00:00
1778032807,Oklahoma City Thunder,49500299856831034491021962156746701298730459370557900271970866855042624695770,0.605,2026-05-06 02:00:07+00:00
1778036403,San Antonio Spurs,102227184035967850089766981958743064457339118173548431660886438726896222843254,0.1525,2026-05-06 03:00:03+00:00
1778036405,New York Knicks,20257190540739490630509657713144742134547949967093643458458133445357169845406,0.0905,2026-05-06 03:00:05+00:00
1778036406,Cleveland Cavaliers,21929863894047830651599085392978377118642353711084157807549430066031384497667,0.0245,2026-05-06 03:00:06+00:00
1778036406,Los Angeles Lakers,86297520870744792204751483474339201341298076835836561764334428915355504860913,0.0155,2026-05-06 03:00:06+00:00
1778036407,Minnesota Timberwolves,5771676627182954113677164857547228277089396639521594262964034606220001939923,0.0405,2026-05-06 03:00:07+00:00
1778036407,Oklahoma City Thunder,49500299856831034491021962156746701298730459370557900271970866855042624695770,0.605,2026-05-06 03:00:07+00:00
1778036407,Philadelphia 76ers,5644679982684846699855787022092402984369447277920326773883608030240292167917,0.0125,2026-05-06 03:00:07+00:00
1778036408,Detroit Pistons,59742411602053785892348440048778056320272639465974092140970920277782290781360,0.0625,2026-05-06 03:00:08+00:00
1778040005,San Antonio Spurs,102227184035967850089766981958743064457339118173548431660886438726896222843254,0.1525,2026-05-06 04:00:05+00:00
1778040006,New York Knicks,20257190540739490630509657713144742134547949967093643458458133445357169845406,0.0905,2026-05-06 04:00:06+00:00
1778040007,Cleveland Cavaliers,21929863894047830651599085392978377118642353711084157807549430066031384497667,0.0245,2026-05-06 04:00:07+00:00
1778040007,Los Angeles Lakers,86297520870744792204751483474339201341298076835836561764334428915355504860913,0.0145,2026-05-06 04:00:07+00:00
1778040007,Philadelphia 76ers,5644679982684846699855787022092402984369447277920326773883608030240292167917,0.0085,2026-05-06 04:00:07+00:00
1778040008,Detroit Pistons,59742411602053785892348440048778056320272639465974092140970920277782290781360,0.0625,2026-05-06 04:00:08+00:00
1778040008,Minnesota Timberwolves,5771676627182954113677164857547228277089396639521594262964034606220001939923,0.0445,2026-05-06 04:00:08+00:00
1778040008,Oklahoma City Thunder,49500299856831034491021962156746701298730459370557900271970866855042624695770,0.615,2026-05-06 04:00:08+00:00
1778043604,San Antonio Spurs,102227184035967850089766981958743064457339118173548431660886438726896222843254,0.1525,2026-05-06 05:00:04+00:00
1778043605,New York Knicks,20257190540739490630509657713144742134547949967093643458458133445357169845406,0.0905,2026-05-06 05:00:05+00:00
1778043606,Cleveland Cavaliers,21929863894047830651599085392978377118642353711084157807549430066031384497667,0.0245,2026-05-06 05:00:06+00:00
1778043606,Los Angeles Lakers,86297520870744792204751483474339201341298076835836561764334428915355504860913,0.0175,2026-05-06 05:00:06+00:00
1778043607,Detroit Pistons,59742411602053785892348440048778056320272639465974092140970920277782290781360,0.0615,2026-05-06 05:00:07+00:00
1778043607,Minnesota Timberwolves,5771676627182954113677164857547228277089396639521594262964034606220001939923,0.0455,2026-05-06 05:00:07+00:00
1778043607,Oklahoma City Thunder,49500299856831034491021962156746701298730459370557900271970866855042624695770,0.615,2026-05-06 05:00:07+00:00
1778043607,Philadelphia 76ers,5644679982684846699855787022092402984369447277920326773883608030240292167917,0.0085,2026-05-06 05:00:07+00:00
1778047215,San Antonio Spurs,102227184035967850089766981958743064457339118173548431660886438726896222843254,0.1515,2026-05-06 06:00:15+00:00
1778047218,New York Knicks,20257190540739490630509657713144742134547949967093643458458133445357169845406,0.0905,2026-05-06 06:00:18+00:00
1778047221,Cleveland Cavaliers,21929863894047830651599085392978377118642353711084157807549430066031384497667,0.0245,2026-05-06 06:00:21+00:00
1778047221,Los Angeles Lakers,86297520870744792204751483474339201341298076835836561764334428915355504860913,0.0175,2026-05-06 06:00:21+00:00
1778047221,Philadelphia 76ers,5644679982684846699855787022092402984369447277920326773883608030240292167917,0.0085,2026-05-06 06:00:21+00:00
1778047223,Detroit Pistons,59742411602053785892348440048778056320272639465974092140970920277782290781360,0.0585,2026-05-06 06:00:23+00:00
1778047223,Minnesota Timberwolves,5771676627182954113677164857547228277089396639521594262964034606220001939923,0.0435,2026-05-06 06:00:23+00:00
1778047223,Oklahoma City Thunder,49500299856831034491021962156746701298730459370557900271970866855042624695770,0.615,2026-05-06 06:00:23+00:00
1778050805,San Antonio Spurs,102227184035967850089766981958743064457339118173548431660886438726896222843254,0.1515,2026-05-06 07:00:05+00:00
1778050808,New York Knicks,20257190540739490630509657713144742134547949967093643458458133445357169845406,0.0905,2026-05-06 07:00:08+00:00
1778050811,Cleveland Cavaliers,21929863894047830651599085392978377118642353711084157807549430066031384497667,0.0245,2026-05-06 07:00:11+00:00
1778050811,Los Angeles Lakers,86297520870744792204751483474339201341298076835836561764334428915355504860913,0.0165,2026-05-06 07:00:11+00:00
1778050811,Philadelphia 76ers,5644679982684846699855787022092402984369447277920326773883608030240292167917,0.0095,2026-05-06 07:00:11+00:00
1778050813,Minnesota Timberwolves,5771676627182954113677164857547228277089396639521594262964034606220001939923,0.0405,2026-05-06 07:00:13+00:00
1778050813,Oklahoma City Thunder,49500299856831034491021962156746701298730459370557900271970866855042624695770,0.625,2026-05-06 07:00:13+00:00
1778050814,Detroit Pistons,59742411602053785892348440048778056320272639465974092140970920277782290781360,0.0605,2026-05-06 07:00:14+00:00
1778054403,San Antonio Spurs,102227184035967850089766981958743064457339118173548431660886438726896222843254,0.1525,2026-05-06 08:00:03+00:00
1778054404,New York Knicks,20257190540739490630509657713144742134547949967093643458458133445357169845406,0.0905,2026-05-06 08:00:04+00:00
1778054405,Cleveland Cavaliers,21929863894047830651599085392978377118642353711084157807549430066031384497667,0.0245,2026-05-06 08:00:05+00:00
1778054405,Los Angeles Lakers,86297520870744792204751483474339201341298076835836561764334428915355504860913,0.0145,2026-05-06 08:00:05+00:00
1778054405,Philadelphia 76ers,5644679982684846699855787022092402984369447277920326773883608030240292167917,0.0085,2026-05-06 08:00:05+00:00
1778054407,Detroit Pistons,59742411602053785892348440048778056320272639465974092140970920277782290781360,0.0605,2026-05-06 08:00:07+00:00
1778054407,Minnesota Timberwolves,5771676627182954113677164857547228277089396639521594262964034606220001939923,0.0395,2026-05-06 08:00:07+00:00
1778054407,Oklahoma City Thunder,49500299856831034491021962156746701298730459370557900271970866855042624695770,0.625,2026-05-06 08:00:07+00:00
1778058006,San Antonio Spurs,102227184035967850089766981958743064457339118173548431660886438726896222843254,0.1525,2026-05-06 09:00:06+00:00
1778058008,Cleveland Cavaliers,21929863894047830651599085392978377118642353711084157807549430066031384497667,0.0245,2026-05-06 09:00:08+00:00
1778058008,Los Angeles Lakers,86297520870744792204751483474339201341298076835836561764334428915355504860913,0.0145,2026-05-06 09:00:08+00:00
1778058008,New York Knicks,20257190540739490630509657713144742134547949967093643458458133445357169845406,0.0905,2026-05-06 09:00:08+00:00
1778058009,Detroit Pistons,59742411602053785892348440048778056320272639465974092140970920277782290781360,0.0585,2026-05-06 09:00:09+00:00
1778058009,Minnesota Timberwolves,5771676627182954113677164857547228277089396639521594262964034606220001939923,0.0395,2026-05-06 09:00:09+00:00
1778058009,Oklahoma City Thunder,49500299856831034491021962156746701298730459370557900271970866855042624695770,0.625,2026-05-06 09:00:09+00:00
1778058009,Philadelphia 76ers,5644679982684846699855787022092402984369447277920326773883608030240292167917,0.0085,2026-05-06 09:00:09+00:00
1778061607,San Antonio Spurs,102227184035967850089766981958743064457339118173548431660886438726896222843254,0.1525,2026-05-06 10:00:07+00:00
1778061608,New York Knicks,20257190540739490630509657713144742134547949967093643458458133445357169845406,0.0905,2026-05-06 10:00:08+00:00
1778061609,Cleveland Cavaliers,21929863894047830651599085392978377118642353711084157807549430066031384497667,0.0245,2026-05-06 10:00:09+00:00
1778061609,Los Angeles Lakers,86297520870744792204751483474339201341298076835836561764334428915355504860913,0.0195,2026-05-06 10:00:09+00:00
1778061610,Detroit Pistons,59742411602053785892348440048778056320272639465974092140970920277782290781360,0.0585,2026-05-06 10:00:10+00:00
1778061610,Minnesota Timberwolves,5771676627182954113677164857547228277089396639521594262964034606220001939923,0.0395,2026-05-06 10:00:10+00:00
1778061610,Oklahoma City Thunder,49500299856831034491021962156746701298730459370557900271970866855042624695770,0.625,2026-05-06 10:00:10+00:00
1778061610,Philadelphia 76ers,5644679982684846699855787022092402984369447277920326773883608030240292167917,0.0085,2026-05-06 10:00:10+00:00
1778065205,San Antonio Spurs,102227184035967850089766981958743064457339118173548431660886438726896222843254,0.1525,2026-05-06 11:00:05+00:00
1778065206,New York Knicks,20257190540739490630509657713144742134547949967093643458458133445357169845406,0.089,2026-05-06 11:00:06+00:00
1778065207,Cleveland Cavaliers,21929863894047830651599085392978377118642353711084157807549430066031384497667,0.0245,2026-05-06 11:00:07+00:00
1778065207,Los Angeles Lakers,86297520870744792204751483474339201341298076835836561764334428915355504860913,0.0185,2026-05-06 11:00:07+00:00
1778065207,Philadelphia 76ers,5644679982684846699855787022092402984369447277920326773883608030240292167917,0.0085,2026-05-06 11:00:07+00:00
1778065208,Detroit Pistons,59742411602053785892348440048778056320272639465974092140970920277782290781360,0.0585,2026-05-06 11:00:08+00:00
1778065208,Minnesota Timberwolves,5771676627182954113677164857547228277089396639521594262964034606220001939923,0.042,2026-05-06 11:00:08+00:00
1778065208,Oklahoma City Thunder,49500299856831034491021962156746701298730459370557900271970866855042624695770,0.625,2026-05-06 11:00:08+00:00
1778068804,San Antonio Spurs,102227184035967850089766981958743064457339118173548431660886438726896222843254,0.1525,2026-05-06 12:00:04+00:00
1778068807,New York Knicks,20257190540739490630509657713144742134547949967093643458458133445357169845406,0.092,2026-05-06 12:00:07+00:00
1778068809,Cleveland Cavaliers,21929863894047830651599085392978377118642353711084157807549430066031384497667,0.0245,2026-05-06 12:00:09+00:00
1778068809,Los Angeles Lakers,86297520870744792204751483474339201341298076835836561764334428915355504860913,0.0185,2026-05-06 12:00:09+00:00
1778068809,Philadelphia 76ers,5644679982684846699855787022092402984369447277920326773883608030240292167917,0.0085,2026-05-06 12:00:09+00:00
1778068810,Detroit Pistons,59742411602053785892348440048778056320272639465974092140970920277782290781360,0.0585,2026-05-06 12:00:10+00:00
1778068810,Minnesota Timberwolves,5771676627182954113677164857547228277089396639521594262964034606220001939923,0.0405,2026-05-06 12:00:10+00:00
1778068810,Oklahoma City Thunder,49500299856831034491021962156746701298730459370557900271970866855042624695770,0.625,2026-05-06 12:00:10+00:00
1778072405,San Antonio Spurs,102227184035967850089766981958743064457339118173548431660886438726896222843254,0.1525,2026-05-06 13:00:05+00:00
1778072406,New York Knicks,20257190540739490630509657713144742134547949967093643458458133445357169845406,0.0925,2026-05-06 13:00:06+00:00
1778072407,Cleveland Cavaliers,21929863894047830651599085392978377118642353711084157807549430066031384497667,0.0245,2026-05-06 13:00:07+00:00
1778072407,Los Angeles Lakers,86297520870744792204751483474339201341298076835836561764334428915355504860913,0.0155,2026-05-06 13:00:07+00:00
1778072407,Philadelphia 76ers,5644679982684846699855787022092402984369447277920326773883608030240292167917,0.0085,2026-05-06 13:00:07+00:00
1778072408,Detroit Pistons,59742411602053785892348440048778056320272639465974092140970920277782290781360,0.0585,2026-05-06 13:00:08+00:00
1778072408,Minnesota Timberwolves,5771676627182954113677164857547228277089396639521594262964034606220001939923,0.038,2026-05-06 13:00:08+00:00
1778072408,Oklahoma City Thunder,49500299856831034491021962156746701298730459370557900271970866855042624695770,0.625,2026-05-06 13:00:08+00:00
1778076008,San Antonio Spurs,102227184035967850089766981958743064457339118173548431660886438726896222843254,0.1525,2026-05-06 14:00:08+00:00
1778076009,New York Knicks,20257190540739490630509657713144742134547949967093643458458133445357169845406,0.0925,2026-05-06 14:00:09+00:00
1778076010,Cleveland Cavaliers,21929863894047830651599085392978377118642353711084157807549430066031384497667,0.0245,2026-05-06 14:00:10+00:00
1778076010,Los Angeles Lakers,86297520870744792204751483474339201341298076835836561764334428915355504860913,0.0155,2026-05-06 14:00:10+00:00
1778076010,Philadelphia 76ers,5644679982684846699855787022092402984369447277920326773883608030240292167917,0.0085,2026-05-06 14:00:10+00:00
1778076011,Detroit Pistons,59742411602053785892348440048778056320272639465974092140970920277782290781360,0.0575,2026-05-06 14:00:11+00:00
1778076011,Minnesota Timberwolves,5771676627182954113677164857547228277089396639521594262964034606220001939923,0.0415,2026-05-06 14:00:11+00:00
1778076011,Oklahoma City Thunder,49500299856831034491021962156746701298730459370557900271970866855042624695770,0.625,2026-05-06 14:00:11+00:00
1778079607,San Antonio Spurs,102227184035967850089766981958743064457339118173548431660886438726896222843254,0.1525,2026-05-06 15:00:07+00:00
1778079609,New York Knicks,20257190540739490630509657713144742134547949967093643458458133445357169845406,0.0925,2026-05-06 15:00:09+00:00
1778079611,Cleveland Cavaliers,21929863894047830651599085392978377118642353711084157807549430066031384497667,0.0255,2026-05-06 15:00:11+00:00
1778079611,Los Angeles Lakers,86297520870744792204751483474339201341298076835836561764334428915355504860913,0.0155,2026-05-06 15:00:11+00:00
1778079611,Philadelphia 76ers,5644679982684846699855787022092402984369447277920326773883608030240292167917,0.0105,2026-05-06 15:00:11+00:00
1778079612,Detroit Pistons,59742411602053785892348440048778056320272639465974092140970920277782290781360,0.058,2026-05-06 15:00:12+00:00
1778079612,Minnesota Timberwolves,5771676627182954113677164857547228277089396639521594262964034606220001939923,0.041,2026-05-06 15:00:12+00:00
1778079612,Oklahoma City Thunder,49500299856831034491021962156746701298730459370557900271970866855042624695770,0.625,2026-05-06 15:00:12+00:00
1778083204,San Antonio Spurs,102227184035967850089766981958743064457339118173548431660886438726896222843254,0.1525,2026-05-06 16:00:04+00:00
1778083205,New York Knicks,20257190540739490630509657713144742134547949967093643458458133445357169845406,0.0925,2026-05-06 16:00:05+00:00
1778083206,Cleveland Cavaliers,21929863894047830651599085392978377118642353711084157807549430066031384497667,0.0255,2026-05-06 16:00:06+00:00
1778083206,Los Angeles Lakers,86297520870744792204751483474339201341298076835836561764334428915355504860913,0.0155,2026-05-06 16:00:06+00:00
1778083206,Philadelphia 76ers,5644679982684846699855787022092402984369447277920326773883608030240292167917,0.0115,2026-05-06 16:00:06+00:00
1778083207,Detroit Pistons,59742411602053785892348440048778056320272639465974092140970920277782290781360,0.0575,2026-05-06 16:00:07+00:00
1778083207,Minnesota Timberwolves,5771676627182954113677164857547228277089396639521594262964034606220001939923,0.0395,2026-05-06 16:00:07+00:00
1778083207,Oklahoma City Thunder,49500299856831034491021962156746701298730459370557900271970866855042624695770,0.625,2026-05-06 16:00:07+00:00
1778086805,San Antonio Spurs,102227184035967850089766981958743064457339118173548431660886438726896222843254,0.1525,2026-05-06 17:00:05+00:00
1778086808,New York Knicks,20257190540739490630509657713144742134547949967093643458458133445357169845406,0.0925,2026-05-06 17:00:08+00:00
1778086810,Cleveland Cavaliers,21929863894047830651599085392978377118642353711084157807549430066031384497667,0.0275,2026-05-06 17:00:10+00:00
1778086810,Los Angeles Lakers,86297520870744792204751483474339201341298076835836561764334428915355504860913,0.0155,2026-05-06 17:00:10+00:00
1778086810,Philadelphia 76ers,5644679982684846699855787022092402984369447277920326773883608030240292167917,0.0105,2026-05-06 17:00:10+00:00
1778086813,Detroit Pistons,59742411602053785892348440048778056320272639465974092140970920277782290781360,0.0575,2026-05-06 17:00:13+00:00
1778086813,Minnesota Timberwolves,5771676627182954113677164857547228277089396639521594262964034606220001939923,0.0375,2026-05-06 17:00:13+00:00
1778086813,Oklahoma City Thunder,49500299856831034491021962156746701298730459370557900271970866855042624695770,0.625,2026-05-06 17:00:13+00:00
1778090404,San Antonio Spurs,102227184035967850089766981958743064457339118173548431660886438726896222843254,0.1525,2026-05-06 18:00:04+00:00
1778090406,New York Knicks,20257190540739490630509657713144742134547949967093643458458133445357169845406,0.0915,2026-05-06 18:00:06+00:00
1778090408,Cleveland Cavaliers,21929863894047830651599085392978377118642353711084157807549430066031384497667,0.0275,2026-05-06 18:00:08+00:00
1778090408,Los Angeles Lakers,86297520870744792204751483474339201341298076835836561764334428915355504860913,0.0155,2026-05-06 18:00:08+00:00
1778090408,Philadelphia 76ers,5644679982684846699855787022092402984369447277920326773883608030240292167917,0.0105,2026-05-06 18:00:08+00:00
1778090409,Detroit Pistons,59742411602053785892348440048778056320272639465974092140970920277782290781360,0.0575,2026-05-06 18:00:09+00:00
1778090409,Minnesota Timberwolves,5771676627182954113677164857547228277089396639521594262964034606220001939923,0.0365,2026-05-06 18:00:09+00:00
1778090409,Oklahoma City Thunder,49500299856831034491021962156746701298730459370557900271970866855042624695770,0.625,2026-05-06 18:00:09+00:00
1778094004,San Antonio Spurs,102227184035967850089766981958743064457339118173548431660886438726896222843254,0.1535,2026-05-06 19:00:04+00:00
1778094005,New York Knicks,20257190540739490630509657713144742134547949967093643458458133445357169845406,0.0915,2026-05-06 19:00:05+00:00
1778094006,Cleveland Cavaliers,21929863894047830651599085392978377118642353711084157807549430066031384497667,0.0275,2026-05-06 19:00:06+00:00
1778094006,Los Angeles Lakers,86297520870744792204751483474339201341298076835836561764334428915355504860913,0.0155,2026-05-06 19:00:06+00:00
1778094006,Philadelphia 76ers,5644679982684846699855787022092402984369447277920326773883608030240292167917,0.0105,2026-05-06 19:00:06+00:00
1778094007,Detroit Pistons,59742411602053785892348440048778056320272639465974092140970920277782290781360,0.0575,2026-05-06 19:00:07+00:00
1778094007,Minnesota Timberwolves,5771676627182954113677164857547228277089396639521594262964034606220001939923,0.0345,2026-05-06 19:00:07+00:00
1778094007,Oklahoma City Thunder,49500299856831034491021962156746701298730459370557900271970866855042624695770,0.625,2026-05-06 19:00:07+00:00
1778097605,San Antonio Spurs,102227184035967850089766981958743064457339118173548431660886438726896222843254,0.1535,2026-05-06 20:00:05+00:00
1778097606,New York Knicks,20257190540739490630509657713144742134547949967093643458458133445357169845406,0.0915,2026-05-06 20:00:06+00:00
1778097607,Cleveland Cavaliers,21929863894047830651599085392978377118642353711084157807549430066031384497667,0.0275,2026-05-06 20:00:07+00:00
1778097607,Los Angeles Lakers,86297520870744792204751483474339201341298076835836561764334428915355504860913,0.0155,2026-05-06 20:00:07+00:00
1778097607,Philadelphia 76ers,5644679982684846699855787022092402984369447277920326773883608030240292167917,0.0085,2026-05-06 20:00:07+00:00
1778097608,Detroit Pistons,59742411602053785892348440048778056320272639465974092140970920277782290781360,0.0575,2026-05-06 20:00:08+00:00
1778097608,Minnesota Timberwolves,5771676627182954113677164857547228277089396639521594262964034606220001939923,0.0345,2026-05-06 20:00:08+00:00
1778097608,Oklahoma City Thunder,49500299856831034491021962156746701298730459370557900271970866855042624695770,0.625,2026-05-06 20:00:08+00:00
1778101254,San Antonio Spurs,102227184035967850089766981958743064457339118173548431660886438726896222843254,0.1535,2026-05-06 21:00:54+00:00
1778101256,New York Knicks,20257190540739490630509657713144742134547949967093643458458133445357169845406,0.0925,2026-05-06 21:00:56+00:00
1778101257,Cleveland Cavaliers,21929863894047830651599085392978377118642353711084157807549430066031384497667,0.0275,2026-05-06 21:00:57+00:00
1778101257,Los Angeles Lakers,86297520870744792204751483474339201341298076835836561764334428915355504860913,0.0145,2026-05-06 21:00:57+00:00
1778101257,Philadelphia 76ers,5644679982684846699855787022092402984369447277920326773883608030240292167917,0.0085,2026-05-06 21:00:57+00:00
1778101258,Detroit Pistons,59742411602053785892348440048778056320272639465974092140970920277782290781360,0.0575,2026-05-06 21:00:58+00:00
1778101258,Minnesota Timberwolves,5771676627182954113677164857547228277089396639521594262964034606220001939923,0.0345,2026-05-06 21:00:58+00:00
1778101258,Oklahoma City Thunder,49500299856831034491021962156746701298730459370557900271970866855042624695770,0.625,2026-05-06 21:00:58+00:00
1778104804,San Antonio Spurs,102227184035967850089766981958743064457339118173548431660886438726896222843254,0.1535,2026-05-06 22:00:04+00:00
1778104805,New York Knicks,20257190540739490630509657713144742134547949967093643458458133445357169845406,0.0915,2026-05-06 22:00:05+00:00
1778104806,Cleveland Cavaliers,21929863894047830651599085392978377118642353711084157807549430066031384497667,0.0255,2026-05-06 22:00:06+00:00
1778104806,Detroit Pistons,59742411602053785892348440048778056320272639465974092140970920277782290781360,0.0575,2026-05-06 22:00:06+00:00
1778104806,Los Angeles Lakers,86297520870744792204751483474339201341298076835836561764334428915355504860913,0.0145,2026-05-06 22:00:06+00:00
1778104806,Minnesota Timberwolves,5771676627182954113677164857547228277089396639521594262964034606220001939923,0.0325,2026-05-06 22:00:06+00:00
1778104806,Oklahoma City Thunder,49500299856831034491021962156746701298730459370557900271970866855042624695770,0.625,2026-05-06 22:00:06+00:00
1778104806,Philadelphia 76ers,5644679982684846699855787022092402984369447277920326773883608030240292167917,0.0085,2026-05-06 22:00:06+00:00
1778108404,San Antonio Spurs,102227184035967850089766981958743064457339118173548431660886438726896222843254,0.1525,2026-05-06 23:00:04+00:00
1778108406,New York Knicks,20257190540739490630509657713144742134547949967093643458458133445357169845406,0.0925,2026-05-06 23:00:06+00:00
1778108407,Cleveland Cavaliers,21929863894047830651599085392978377118642353711084157807549430066031384497667,0.0265,2026-05-06 23:00:07+00:00
1778108407,Los Angeles Lakers,86297520870744792204751483474339201341298076835836561764334428915355504860913,0.0145,2026-05-06 23:00:07+00:00
1778108407,Philadelphia 76ers,5644679982684846699855787022092402984369447277920326773883608030240292167917,0.0075,2026-05-06 23:00:07+00:00
1778108408,Detroit Pistons,59742411602053785892348440048778056320272639465974092140970920277782290781360,0.0575,2026-05-06 23:00:08+00:00
1778108408,Minnesota Timberwolves,5771676627182954113677164857547228277089396639521594262964034606220001939923,0.0325,2026-05-06 23:00:08+00:00
1778108408,Oklahoma City Thunder,49500299856831034491021962156746701298730459370557900271970866855042624695770,0.625,2026-05-06 23:00:08+00:00
1778112005,San Antonio Spurs,102227184035967850089766981958743064457339118173548431660886438726896222843254,0.1535,2026-05-07 00:00:05+00:00
1778112009,New York Knicks,20257190540739490630509657713144742134547949967093643458458133445357169845406,0.0925,2026-05-07 00:00:09+00:00
1778112010,Cleveland Cavaliers,21929863894047830651599085392978377118642353711084157807549430066031384497667,0.0255,2026-05-07 00:00:10+00:00
1778112010,Los Angeles Lakers,86297520870744792204751483474339201341298076835836561764334428915355504860913,0.0145,2026-05-07 00:00:10+00:00
1778112010,Philadelphia 76ers,5644679982684846699855787022092402984369447277920326773883608030240292167917,0.0085,2026-05-07 00:00:10+00:00
1778112011,Detroit Pistons,59742411602053785892348440048778056320272639465974092140970920277782290781360,0.0575,2026-05-07 00:00:11+00:00
1778112011,Minnesota Timberwolves,5771676627182954113677164857547228277089396639521594262964034606220001939923,0.0355,2026-05-07 00:00:11+00:00
1778112011,Oklahoma City Thunder,49500299856831034491021962156746701298730459370557900271970866855042624695770,0.625,2026-05-07 00:00:11+00:00
1778115605,New York Knicks,20257190540739490630509657713144742134547949967093643458458133445357169845406,0.0925,2026-05-07 01:00:05+00:00
1778115605,San Antonio Spurs,102227184035967850089766981958743064457339118173548431660886438726896222843254,0.1535,2026-05-07 01:00:05+00:00
1778115606,Cleveland Cavaliers,21929863894047830651599085392978377118642353711084157807549430066031384497667,0.0255,2026-05-07 01:00:06+00:00
1778115606,Detroit Pistons,59742411602053785892348440048778056320272639465974092140970920277782290781360,0.0575,2026-05-07 01:00:06+00:00
1778115606,Los Angeles Lakers,86297520870744792204751483474339201341298076835836561764334428915355504860913,0.0145,2026-05-07 01:00:06+00:00
1778115606,Minnesota Timberwolves,5771676627182954113677164857547228277089396639521594262964034606220001939923,0.0375,2026-05-07 01:00:06+00:00
1778115606,Oklahoma City Thunder,49500299856831034491021962156746701298730459370557900271970866855042624695770,0.625,2026-05-07 01:00:06+00:00
1778115606,Philadelphia 76ers,5644679982684846699855787022092402984369447277920326773883608030240292167917,0.0105,2026-05-07 01:00:06+00:00
1778119205,San Antonio Spurs,102227184035967850089766981958743064457339118173548431660886438726896222843254,0.1535,2026-05-07 02:00:05+00:00
1778119206,New York Knicks,20257190540739490630509657713144742134547949967093643458458133445357169845406,0.099,2026-05-07 02:00:06+00:00
1778119207,Cleveland Cavaliers,21929863894047830651599085392978377118642353711084157807549430066031384497667,0.0255,2026-05-07 02:00:07+00:00
1778119207,Detroit Pistons,59742411602053785892348440048778056320272639465974092140970920277782290781360,0.0575,2026-05-07 02:00:07+00:00
1778119207,Los Angeles Lakers,86297520870744792204751483474339201341298076835836561764334428915355504860913,0.0145,2026-05-07 02:00:07+00:00
1778119207,Minnesota Timberwolves,5771676627182954113677164857547228277089396639521594262964034606220001939923,0.0345,2026-05-07 02:00:07+00:00
1778119207,Oklahoma City Thunder,49500299856831034491021962156746701298730459370557900271970866855042624695770,0.625,2026-05-07 02:00:07+00:00
1778119207,Philadelphia 76ers,5644679982684846699855787022092402984369447277920326773883608030240292167917,0.0055,2026-05-07 02:00:07+00:00
1778122803,San Antonio Spurs,102227184035967850089766981958743064457339118173548431660886438726896222843254,0.1725,2026-05-07 03:00:03+00:00
1778122805,New York Knicks,20257190540739490630509657713144742134547949967093643458458133445357169845406,0.095,2026-05-07 03:00:05+00:00
1778122806,Cleveland Cavaliers,21929863894047830651599085392978377118642353711084157807549430066031384497667,0.0255,2026-05-07 03:00:06+00:00
1778122806,Los Angeles Lakers,86297520870744792204751483474339201341298076835836561764334428915355504860913,0.0145,2026-05-07 03:00:06+00:00
1778122806,Philadelphia 76ers,5644679982684846699855787022092402984369447277920326773883608030240292167917,0.0065,2026-05-07 03:00:06+00:00
1778122807,Detroit Pistons,59742411602053785892348440048778056320272639465974092140970920277782290781360,0.0575,2026-05-07 03:00:07+00:00
1778122807,Minnesota Timberwolves,5771676627182954113677164857547228277089396639521594262964034606220001939923,0.024,2026-05-07 03:00:07+00:00
1778122807,Oklahoma City Thunder,49500299856831034491021962156746701298730459370557900271970866855042624695770,0.625,2026-05-07 03:00:07+00:00
1778126403,San Antonio Spurs,102227184035967850089766981958743064457339118173548431660886438726896222843254,0.179,2026-05-07 04:00:03+00:00
1778126404,New York Knicks,20257190540739490630509657713144742134547949967093643458458133445357169845406,0.098,2026-05-07 04:00:04+00:00
1778126405,Cleveland Cavaliers,21929863894047830651599085392978377118642353711084157807549430066031384497667,0.0255,2026-05-07 04:00:05+00:00
1778126405,Los Angeles Lakers,86297520870744792204751483474339201341298076835836561764334428915355504860913,0.0145,2026-05-07 04:00:05+00:00
1778126405,Minnesota Timberwolves,5771676627182954113677164857547228277089396639521594262964034606220001939923,0.0185,2026-05-07 04:00:05+00:00
1778126405,Oklahoma City Thunder,49500299856831034491021962156746701298730459370557900271970866855042624695770,0.625,2026-05-07 04:00:05+00:00
1778126405,Philadelphia 76ers,5644679982684846699855787022092402984369447277920326773883608030240292167917,0.0045,2026-05-07 04:00:05+00:00
1778126406,Detroit Pistons,59742411602053785892348440048778056320272639465974092140970920277782290781360,0.0575,2026-05-07 04:00:06+00:00
1778130004,San Antonio Spurs,102227184035967850089766981958743064457339118173548431660886438726896222843254,0.1775,2026-05-07 05:00:04+00:00
1778130005,New York Knicks,20257190540739490630509657713144742134547949967093643458458133445357169845406,0.0935,2026-05-07 05:00:05+00:00
1778130006,Cleveland Cavaliers,21929863894047830651599085392978377118642353711084157807549430066031384497667,0.0265,2026-05-07 05:00:06+00:00
1778130006,Los Angeles Lakers,86297520870744792204751483474339201341298076835836561764334428915355504860913,0.0145,2026-05-07 05:00:06+00:00
1778130006,Philadelphia 76ers,5644679982684846699855787022092402984369447277920326773883608030240292167917,0.0055,2026-05-07 05:00:06+00:00
1778130007,Detroit Pistons,59742411602053785892348440048778056320272639465974092140970920277782290781360,0.0575,2026-05-07 05:00:07+00:00
1778130007,Minnesota Timberwolves,5771676627182954113677164857547228277089396639521594262964034606220001939923,0.0195,2026-05-07 05:00:07+00:00
1778130007,Oklahoma City Thunder,49500299856831034491021962156746701298730459370557900271970866855042624695770,0.625,2026-05-07 05:00:07+00:00
1778133603,San Antonio Spurs,102227184035967850089766981958743064457339118173548431660886438726896222843254,0.175,2026-05-07 06:00:03+00:00
1778133605,New York Knicks,20257190540739490630509657713144742134547949967093643458458133445357169845406,0.0935,2026-05-07 06:00:05+00:00
1778133606,Cleveland Cavaliers,21929863894047830651599085392978377118642353711084157807549430066031384497667,0.0265,2026-05-07 06:00:06+00:00
1778133606,Los Angeles Lakers,86297520870744792204751483474339201341298076835836561764334428915355504860913,0.0145,2026-05-07 06:00:06+00:00
1778133606,Philadelphia 76ers,5644679982684846699855787022092402984369447277920326773883608030240292167917,0.0065,2026-05-07 06:00:06+00:00
1778133607,Oklahoma City Thunder,49500299856831034491021962156746701298730459370557900271970866855042624695770,0.625,2026-05-07 06:00:07+00:00
1778133608,Detroit Pistons,59742411602053785892348440048778056320272639465974092140970920277782290781360,0.0575,2026-05-07 06:00:08+00:00
1778133608,Minnesota Timberwolves,5771676627182954113677164857547228277089396639521594262964034606220001939923,0.0195,2026-05-07 06:00:08+00:00
1778137204,San Antonio Spurs,102227184035967850089766981958743064457339118173548431660886438726896222843254,0.1755,2026-05-07 07:00:04+00:00
1778137206,New York Knicks,20257190540739490630509657713144742134547949967093643458458133445357169845406,0.0925,2026-05-07 07:00:06+00:00
1778137209,Cleveland Cavaliers,21929863894047830651599085392978377118642353711084157807549430066031384497667,0.0255,2026-05-07 07:00:09+00:00
1778137209,Los Angeles Lakers,86297520870744792204751483474339201341298076835836561764334428915355504860913,0.0145,2026-05-07 07:00:09+00:00
1778137209,Philadelphia 76ers,5644679982684846699855787022092402984369447277920326773883608030240292167917,0.0065,2026-05-07 07:00:09+00:00
1778137210,Oklahoma City Thunder,49500299856831034491021962156746701298730459370557900271970866855042624695770,0.615,2026-05-07 07:00:10+00:00
1778137212,Detroit Pistons,59742411602053785892348440048778056320272639465974092140970920277782290781360,0.0575,2026-05-07 07:00:12+00:00
1778137212,Minnesota Timberwolves,5771676627182954113677164857547228277089396639521594262964034606220001939923,0.0195,2026-05-07 07:00:12+00:00
1778140819,San Antonio Spurs,102227184035967850089766981958743064457339118173548431660886438726896222843254,0.171,2026-05-07 08:00:19+00:00
1778140820,New York Knicks,20257190540739490630509657713144742134547949967093643458458133445357169845406,0.0915,2026-05-07 08:00:20+00:00
1778140821,Cleveland Cavaliers,21929863894047830651599085392978377118642353711084157807549430066031384497667,0.0255,2026-05-07 08:00:21+00:00
1778140821,Los Angeles Lakers,86297520870744792204751483474339201341298076835836561764334428915355504860913,0.0135,2026-05-07 08:00:21+00:00
1778140821,Philadelphia 76ers,5644679982684846699855787022092402984369447277920326773883608030240292167917,0.0065,2026-05-07 08:00:21+00:00
1778140822,Detroit Pistons,59742411602053785892348440048778056320272639465974092140970920277782290781360,0.0575,2026-05-07 08:00:22+00:00
1778140822,Minnesota Timberwolves,5771676627182954113677164857547228277089396639521594262964034606220001939923,0.0195,2026-05-07 08:00:22+00:00
1778140822,Oklahoma City Thunder,49500299856831034491021962156746701298730459370557900271970866855042624695770,0.625,2026-05-07 08:00:22+00:00
1778144403,San Antonio Spurs,102227184035967850089766981958743064457339118173548431660886438726896222843254,0.1715,2026-05-07 09:00:03+00:00
1778144404,New York Knicks,20257190540739490630509657713144742134547949967093643458458133445357169845406,0.0915,2026-05-07 09:00:04+00:00
1778144405,Cleveland Cavaliers,21929863894047830651599085392978377118642353711084157807549430066031384497667,0.0255,2026-05-07 09:00:05+00:00
1778144405,Detroit Pistons,59742411602053785892348440048778056320272639465974092140970920277782290781360,0.0575,2026-05-07 09:00:05+00:00
1778144405,Los Angeles Lakers,86297520870744792204751483474339201341298076835836561764334428915355504860913,0.0115,2026-05-07 09:00:05+00:00
1778144405,Minnesota Timberwolves,5771676627182954113677164857547228277089396639521594262964034606220001939923,0.0195,2026-05-07 09:00:05+00:00
1778144405,Oklahoma City Thunder,49500299856831034491021962156746701298730459370557900271970866855042624695770,0.625,2026-05-07 09:00:05+00:00
1778144405,Philadelphia 76ers,5644679982684846699855787022092402984369447277920326773883608030240292167917,0.0065,2026-05-07 09:00:05+00:00
1778148003,San Antonio Spurs,102227184035967850089766981958743064457339118173548431660886438726896222843254,0.1715,2026-05-07 10:00:03+00:00
1778148004,New York Knicks,20257190540739490630509657713144742134547949967093643458458133445357169845406,0.0915,2026-05-07 10:00:04+00:00
1778148005,Cleveland Cavaliers,21929863894047830651599085392978377118642353711084157807549430066031384497667,0.0255,2026-05-07 10:00:05+00:00
1778148005,Los Angeles Lakers,86297520870744792204751483474339201341298076835836561764334428915355504860913,0.0115,2026-05-07 10:00:05+00:00
1778148005,Philadelphia 76ers,5644679982684846699855787022092402984369447277920326773883608030240292167917,0.0065,2026-05-07 10:00:05+00:00
1778148006,Detroit Pistons,59742411602053785892348440048778056320272639465974092140970920277782290781360,0.0575,2026-05-07 10:00:06+00:00
1778148006,Minnesota Timberwolves,5771676627182954113677164857547228277089396639521594262964034606220001939923,0.0205,2026-05-07 10:00:06+00:00
1778148006,Oklahoma City Thunder,49500299856831034491021962156746701298730459370557900271970866855042624695770,0.625,2026-05-07 10:00:06+00:00
1778151604,San Antonio Spurs,102227184035967850089766981958743064457339118173548431660886438726896222843254,0.1715,2026-05-07 11:00:04+00:00
1778151605,Cleveland Cavaliers,21929863894047830651599085392978377118642353711084157807549430066031384497667,0.0255,2026-05-07 11:00:05+00:00
1778151605,Los Angeles Lakers,86297520870744792204751483474339201341298076835836561764334428915355504860913,0.0115,2026-05-07 11:00:05+00:00
1778151605,New York Knicks,20257190540739490630509657713144742134547949967093643458458133445357169845406,0.0915,2026-05-07 11:00:05+00:00
1778151605,Philadelphia 76ers,5644679982684846699855787022092402984369447277920326773883608030240292167917,0.0065,2026-05-07 11:00:05+00:00
1778151606,Detroit Pistons,59742411602053785892348440048778056320272639465974092140970920277782290781360,0.0575,2026-05-07 11:00:06+00:00
1778151606,Minnesota Timberwolves,5771676627182954113677164857547228277089396639521594262964034606220001939923,0.0205,2026-05-07 11:00:06+00:00
1778151606,Oklahoma City Thunder,49500299856831034491021962156746701298730459370557900271970866855042624695770,0.625,2026-05-07 11:00:06+00:00
1778155217,San Antonio Spurs,102227184035967850089766981958743064457339118173548431660886438726896222843254,0.1715,2026-05-07 12:00:17+00:00
1778155218,Cleveland Cavaliers,21929863894047830651599085392978377118642353711084157807549430066031384497667,0.0245,2026-05-07 12:00:18+00:00
1778155218,Los Angeles Lakers,86297520870744792204751483474339201341298076835836561764334428915355504860913,0.0115,2026-05-07 12:00:18+00:00
1778155218,New York Knicks,20257190540739490630509657713144742134547949967093643458458133445357169845406,0.0915,2026-05-07 12:00:18+00:00
1778155218,Philadelphia 76ers,5644679982684846699855787022092402984369447277920326773883608030240292167917,0.0075,2026-05-07 12:00:18+00:00
1778155219,Detroit Pistons,59742411602053785892348440048778056320272639465974092140970920277782290781360,0.0575,2026-05-07 12:00:19+00:00
1778155219,Minnesota Timberwolves,5771676627182954113677164857547228277089396639521594262964034606220001939923,0.0195,2026-05-07 12:00:19+00:00
1778155219,Oklahoma City Thunder,49500299856831034491021962156746701298730459370557900271970866855042624695770,0.625,2026-05-07 12:00:19+00:00
1778158803,San Antonio Spurs,102227184035967850089766981958743064457339118173548431660886438726896222843254,0.1715,2026-05-07 13:00:03+00:00
1778158804,Cleveland Cavaliers,21929863894047830651599085392978377118642353711084157807549430066031384497667,0.0245,2026-05-07 13:00:04+00:00
1778158804,Los Angeles Lakers,86297520870744792204751483474339201341298076835836561764334428915355504860913,0.0115,2026-05-07 13:00:04+00:00
1778158804,New York Knicks,20257190540739490630509657713144742134547949967093643458458133445357169845406,0.0915,2026-05-07 13:00:04+00:00
1778158804,Philadelphia 76ers,5644679982684846699855787022092402984369447277920326773883608030240292167917,0.0065,2026-05-07 13:00:04+00:00
1778158805,Detroit Pistons,59742411602053785892348440048778056320272639465974092140970920277782290781360,0.0575,2026-05-07 13:00:05+00:00
1778158805,Minnesota Timberwolves,5771676627182954113677164857547228277089396639521594262964034606220001939923,0.0205,2026-05-07 13:00:05+00:00
1778158805,Oklahoma City Thunder,49500299856831034491021962156746701298730459370557900271970866855042624695770,0.625,2026-05-07 13:00:05+00:00
1778162416,San Antonio Spurs,102227184035967850089766981958743064457339118173548431660886438726896222843254,0.1745,2026-05-07 14:00:16+00:00
1778162417,Cleveland Cavaliers,21929863894047830651599085392978377118642353711084157807549430066031384497667,0.0245,2026-05-07 14:00:17+00:00
1778162417,Los Angeles Lakers,86297520870744792204751483474339201341298076835836561764334428915355504860913,0.0115,2026-05-07 14:00:17+00:00
1778162417,New York Knicks,20257190540739490630509657713144742134547949967093643458458133445357169845406,0.0915,2026-05-07 14:00:17+00:00
1778162418,Detroit Pistons,59742411602053785892348440048778056320272639465974092140970920277782290781360,0.0575,2026-05-07 14:00:18+00:00
1778162418,Minnesota Timberwolves,5771676627182954113677164857547228277089396639521594262964034606220001939923,0.0205,2026-05-07 14:00:18+00:00
1778162418,Oklahoma City Thunder,49500299856831034491021962156746701298730459370557900271970866855042624695770,0.615,2026-05-07 14:00:18+00:00
1778162418,Philadelphia 76ers,5644679982684846699855787022092402984369447277920326773883608030240292167917,0.0075,2026-05-07 14:00:18+00:00
1778166017,San Antonio Spurs,102227184035967850089766981958743064457339118173548431660886438726896222843254,0.175,2026-05-07 15:00:17+00:00
1778166019,New York Knicks,20257190540739490630509657713144742134547949967093643458458133445357169845406,0.0915,2026-05-07 15:00:19+00:00
1778166020,Cleveland Cavaliers,21929863894047830651599085392978377118642353711084157807549430066031384497667,0.0245,2026-05-07 15:00:20+00:00
1778166020,Los Angeles Lakers,86297520870744792204751483474339201341298076835836561764334428915355504860913,0.0115,2026-05-07 15:00:20+00:00
1778166020,Philadelphia 76ers,5644679982684846699855787022092402984369447277920326773883608030240292167917,0.0075,2026-05-07 15:00:20+00:00
1778166021,Detroit Pistons,59742411602053785892348440048778056320272639465974092140970920277782290781360,0.0575,2026-05-07 15:00:21+00:00
1778166021,Minnesota Timberwolves,5771676627182954113677164857547228277089396639521594262964034606220001939923,0.0205,2026-05-07 15:00:21+00:00
1778166021,Oklahoma City Thunder,49500299856831034491021962156746701298730459370557900271970866855042624695770,0.615,2026-05-07 15:00:21+00:00
1778169603,San Antonio Spurs,102227184035967850089766981958743064457339118173548431660886438726896222843254,0.1755,2026-05-07 16:00:03+00:00
1778169604,Cleveland Cavaliers,21929863894047830651599085392978377118642353711084157807549430066031384497667,0.0245,2026-05-07 16:00:04+00:00
1778169604,Los Angeles Lakers,86297520870744792204751483474339201341298076835836561764334428915355504860913,0.0125,2026-05-07 16:00:04+00:00
1778169604,New York Knicks,20257190540739490630509657713144742134547949967093643458458133445357169845406,0.0925,2026-05-07 16:00:04+00:00
1778169604,Philadelphia 76ers,5644679982684846699855787022092402984369447277920326773883608030240292167917,0.0065,2026-05-07 16:00:04+00:00
1778169605,Detroit Pistons,59742411602053785892348440048778056320272639465974092140970920277782290781360,0.0575,2026-05-07 16:00:05+00:00
1778169605,Minnesota Timberwolves,5771676627182954113677164857547228277089396639521594262964034606220001939923,0.0205,2026-05-07 16:00:05+00:00
1778169605,Oklahoma City Thunder,49500299856831034491021962156746701298730459370557900271970866855042624695770,0.615,2026-05-07 16:00:05+00:00
1778173206,San Antonio Spurs,102227184035967850089766981958743064457339118173548431660886438726896222843254,0.1805,2026-05-07 17:00:06+00:00
1778173210,New York Knicks,20257190540739490630509657713144742134547949967093643458458133445357169845406,0.0925,2026-05-07 17:00:10+00:00
1778173211,Cleveland Cavaliers,21929863894047830651599085392978377118642353711084157807549430066031384497667,0.0245,2026-05-07 17:00:11+00:00
1778173211,Los Angeles Lakers,86297520870744792204751483474339201341298076835836561764334428915355504860913,0.0125,2026-05-07 17:00:11+00:00
1778173214,Philadelphia 76ers,5644679982684846699855787022092402984369447277920326773883608030240292167917,0.0075,2026-05-07 17:00:14+00:00
1778173215,Oklahoma City Thunder,49500299856831034491021962156746701298730459370557900271970866855042624695770,0.615,2026-05-07 17:00:15+00:00
1778173216,Detroit Pistons,59742411602053785892348440048778056320272639465974092140970920277782290781360,0.0575,2026-05-07 17:00:16+00:00
1778173216,Minnesota Timberwolves,5771676627182954113677164857547228277089396639521594262964034606220001939923,0.0205,2026-05-07 17:00:16+00:00
1778176805,San Antonio Spurs,102227184035967850089766981958743064457339118173548431660886438726896222843254,0.1755,2026-05-07 18:00:05+00:00
1778176806,New York Knicks,20257190540739490630509657713144742134547949967093643458458133445357169845406,0.0815,2026-05-07 18:00:06+00:00
1778176807,Cleveland Cavaliers,21929863894047830651599085392978377118642353711084157807549430066031384497667,0.0245,2026-05-07 18:00:07+00:00
1778176807,Los Angeles Lakers,86297520870744792204751483474339201341298076835836561764334428915355504860913,0.0125,2026-05-07 18:00:07+00:00
1778176807,Philadelphia 76ers,5644679982684846699855787022092402984369447277920326773883608030240292167917,0.0065,2026-05-07 18:00:07+00:00
1778176808,Detroit Pistons,59742411602053785892348440048778056320272639465974092140970920277782290781360,0.0575,2026-05-07 18:00:08+00:00
1778176808,Minnesota Timberwolves,5771676627182954113677164857547228277089396639521594262964034606220001939923,0.0215,2026-05-07 18:00:08+00:00
1778176808,Oklahoma City Thunder,49500299856831034491021962156746701298730459370557900271970866855042624695770,0.615,2026-05-07 18:00:08+00:00
1778180404,San Antonio Spurs,102227184035967850089766981958743064457339118173548431660886438726896222843254,0.1815,2026-05-07 19:00:04+00:00
1778180405,New York Knicks,20257190540739490630509657713144742134547949967093643458458133445357169845406,0.0895,2026-05-07 19:00:05+00:00
1778180406,Cleveland Cavaliers,21929863894047830651599085392978377118642353711084157807549430066031384497667,0.0245,2026-05-07 19:00:06+00:00
1778180406,Los Angeles Lakers,86297520870744792204751483474339201341298076835836561764334428915355504860913,0.0135,2026-05-07 19:00:06+00:00
1778180406,Philadelphia 76ers,5644679982684846699855787022092402984369447277920326773883608030240292167917,0.0075,2026-05-07 19:00:06+00:00
1778180407,Detroit Pistons,59742411602053785892348440048778056320272639465974092140970920277782290781360,0.0575,2026-05-07 19:00:07+00:00
1778180407,Minnesota Timberwolves,5771676627182954113677164857547228277089396639521594262964034606220001939923,0.0215,2026-05-07 19:00:07+00:00
1778180407,Oklahoma City Thunder,49500299856831034491021962156746701298730459370557900271970866855042624695770,0.615,2026-05-07 19:00:07+00:00
1778184005,San Antonio Spurs,102227184035967850089766981958743064457339118173548431660886438726896222843254,0.1815,2026-05-07 20:00:05+00:00
1778184006,New York Knicks,20257190540739490630509657713144742134547949967093643458458133445357169845406,0.0885,2026-05-07 20:00:06+00:00
1778184008,Cleveland Cavaliers,21929863894047830651599085392978377118642353711084157807549430066031384497667,0.0245,2026-05-07 20:00:08+00:00
1778184008,Los Angeles Lakers,86297520870744792204751483474339201341298076835836561764334428915355504860913,0.0135,2026-05-07 20:00:08+00:00
1778184008,Philadelphia 76ers,5644679982684846699855787022092402984369447277920326773883608030240292167917,0.0075,2026-05-07 20:00:08+00:00
1778184010,Oklahoma City Thunder,49500299856831034491021962156746701298730459370557900271970866855042624695770,0.615,2026-05-07 20:00:10+00:00
1778184011,Detroit Pistons,59742411602053785892348440048778056320272639465974092140970920277782290781360,0.0575,2026-05-07 20:00:11+00:00
1778184011,Minnesota Timberwolves,5771676627182954113677164857547228277089396639521594262964034606220001939923,0.0215,2026-05-07 20:00:11+00:00
1778187604,San Antonio Spurs,102227184035967850089766981958743064457339118173548431660886438726896222843254,0.1795,2026-05-07 21:00:04+00:00
1778187606,New York Knicks,20257190540739490630509657713144742134547949967093643458458133445357169845406,0.0855,2026-05-07 21:00:06+00:00
1778187609,Cleveland Cavaliers,21929863894047830651599085392978377118642353711084157807549430066031384497667,0.0245,2026-05-07 21:00:09+00:00
1778187609,Los Angeles Lakers,86297520870744792204751483474339201341298076835836561764334428915355504860913,0.0135,2026-05-07 21:00:09+00:00
1778187609,Philadelphia 76ers,5644679982684846699855787022092402984369447277920326773883608030240292167917,0.0075,2026-05-07 21:00:09+00:00
1778187612,Oklahoma City Thunder,49500299856831034491021962156746701298730459370557900271970866855042624695770,0.615,2026-05-07 21:00:12+00:00
1778187613,Detroit Pistons,59742411602053785892348440048778056320272639465974092140970920277782290781360,0.0575,2026-05-07 21:00:13+00:00
1778187613,Minnesota Timberwolves,5771676627182954113677164857547228277089396639521594262964034606220001939923,0.0215,2026-05-07 21:00:13+00:00
1778191204,San Antonio Spurs,102227184035967850089766981958743064457339118173548431660886438726896222843254,0.178,2026-05-07 22:00:04+00:00
1778191205,New York Knicks,20257190540739490630509657713144742134547949967093643458458133445357169845406,0.0885,2026-05-07 22:00:05+00:00
1778191206,Cleveland Cavaliers,21929863894047830651599085392978377118642353711084157807549430066031384497667,0.0245,2026-05-07 22:00:06+00:00
1778191206,Los Angeles Lakers,86297520870744792204751483474339201341298076835836561764334428915355504860913,0.0145,2026-05-07 22:00:06+00:00
1778191206,Philadelphia 76ers,5644679982684846699855787022092402984369447277920326773883608030240292167917,0.0075,2026-05-07 22:00:06+00:00
1778191207,Detroit Pistons,59742411602053785892348440048778056320272639465974092140970920277782290781360,0.0565,2026-05-07 22:00:07+00:00
1778191207,Minnesota Timberwolves,5771676627182954113677164857547228277089396639521594262964034606220001939923,0.0215,2026-05-07 22:00:07+00:00
1778191207,Oklahoma City Thunder,49500299856831034491021962156746701298730459370557900271970866855042624695770,0.615,2026-05-07 22:00:07+00:00
1778194818,San Antonio Spurs,102227184035967850089766981958743064457339118173548431660886438726896222843254,0.1795,2026-05-07 23:00:18+00:00
1778194819,New York Knicks,20257190540739490630509657713144742134547949967093643458458133445357169845406,0.0895,2026-05-07 23:00:19+00:00
1778194820,Cleveland Cavaliers,21929863894047830651599085392978377118642353711084157807549430066031384497667,0.0255,2026-05-07 23:00:20+00:00
1778194820,Los Angeles Lakers,86297520870744792204751483474339201341298076835836561764334428915355504860913,0.0145,2026-05-07 23:00:20+00:00
1778194820,Philadelphia 76ers,5644679982684846699855787022092402984369447277920326773883608030240292167917,0.0075,2026-05-07 23:00:20+00:00
1778194822,Oklahoma City Thunder,49500299856831034491021962156746701298730459370557900271970866855042624695770,0.615,2026-05-07 23:00:22+00:00
1778194823,Detroit Pistons,59742411602053785892348440048778056320272639465974092140970920277782290781360,0.0545,2026-05-07 23:00:23+00:00
1778194823,Minnesota Timberwolves,5771676627182954113677164857547228277089396639521594262964034606220001939923,0.0225,2026-05-07 23:00:23+00:00
1778198403,San Antonio Spurs,102227184035967850089766981958743064457339118173548431660886438726896222843254,0.1755,2026-05-08 00:00:03+00:00
1778198405,New York Knicks,20257190540739490630509657713144742134547949967093643458458133445357169845406,0.0885,2026-05-08 00:00:05+00:00
1778198408,Cleveland Cavaliers,21929863894047830651599085392978377118642353711084157807549430066031384497667,0.0245,2026-05-08 00:00:08+00:00
1778198408,Los Angeles Lakers,86297520870744792204751483474339201341298076835836561764334428915355504860913,0.0135,2026-05-08 00:00:08+00:00
1778198408,Philadelphia 76ers,5644679982684846699855787022092402984369447277920326773883608030240292167917,0.0075,2026-05-08 00:00:08+00:00
1778198411,Oklahoma City Thunder,49500299856831034491021962156746701298730459370557900271970866855042624695770,0.615,2026-05-08 00:00:11+00:00
1778198412,Detroit Pistons,59742411602053785892348440048778056320272639465974092140970920277782290781360,0.0725,2026-05-08 00:00:12+00:00
1778198412,Minnesota Timberwolves,5771676627182954113677164857547228277089396639521594262964034606220001939923,0.0225,2026-05-08 00:00:12+00:00
1778202004,San Antonio Spurs,102227184035967850089766981958743064457339118173548431660886438726896222843254,0.1735,2026-05-08 01:00:04+00:00
1778202005,New York Knicks,20257190540739490630509657713144742134547949967093643458458133445357169845406,0.0875,2026-05-08 01:00:05+00:00
1778202006,Cleveland Cavaliers,21929863894047830651599085392978377118642353711084157807549430066031384497667,0.0225,2026-05-08 01:00:06+00:00
1778202006,Los Angeles Lakers,86297520870744792204751483474339201341298076835836561764334428915355504860913,0.0135,2026-05-08 01:00:06+00:00
1778202006,Philadelphia 76ers,5644679982684846699855787022092402984369447277920326773883608030240292167917,0.0075,2026-05-08 01:00:06+00:00
1778202007,Detroit Pistons,59742411602053785892348440048778056320272639465974092140970920277782290781360,0.064,2026-05-08 01:00:07+00:00
1778202007,Minnesota Timberwolves,5771676627182954113677164857547228277089396639521594262964034606220001939923,0.0225,2026-05-08 01:00:07+00:00
1778202007,Oklahoma City Thunder,49500299856831034491021962156746701298730459370557900271970866855042624695770,0.615,2026-05-08 01:00:07+00:00
1778205604,San Antonio Spurs,102227184035967850089766981958743064457339118173548431660886438726896222843254,0.1755,2026-05-08 02:00:04+00:00
1778205605,Cleveland Cavaliers,21929863894047830651599085392978377118642353711084157807549430066031384497667,0.0145,2026-05-08 02:00:05+00:00
1778205605,Los Angeles Lakers,86297520870744792204751483474339201341298076835836561764334428915355504860913,0.0115,2026-05-08 02:00:05+00:00
1778205605,New York Knicks,20257190540739490630509657713144742134547949967093643458458133445357169845406,0.0865,2026-05-08 02:00:05+00:00
1778205605,Philadelphia 76ers,5644679982684846699855787022092402984369447277920326773883608030240292167917,0.0075,2026-05-08 02:00:05+00:00
1778205606,Detroit Pistons,59742411602053785892348440048778056320272639465974092140970920277782290781360,0.0685,2026-05-08 02:00:06+00:00
1778205606,Minnesota Timberwolves,5771676627182954113677164857547228277089396639521594262964034606220001939923,0.0225,2026-05-08 02:00:06+00:00
1778205606,Oklahoma City Thunder,49500299856831034491021962156746701298730459370557900271970866855042624695770,0.615,2026-05-08 02:00:06+00:00
1778209203,San Antonio Spurs,102227184035967850089766981958743064457339118173548431660886438726896222843254,0.1775,2026-05-08 03:00:03+00:00
1778209206,New York Knicks,20257190540739490630509657713144742134547949967093643458458133445357169845406,0.0885,2026-05-08 03:00:06+00:00
1778209208,Cleveland Cavaliers,21929863894047830651599085392978377118642353711084157807549430066031384497667,0.0125,2026-05-08 03:00:08+00:00
1778209208,Los Angeles Lakers,86297520870744792204751483474339201341298076835836561764334428915355504860913,0.0205,2026-05-08 03:00:08+00:00
1778209208,Philadelphia 76ers,5644679982684846699855787022092402984369447277920326773883608030240292167917,0.0075,2026-05-08 03:00:08+00:00
1778209209,Detroit Pistons,59742411602053785892348440048778056320272639465974092140970920277782290781360,0.0685,2026-05-08 03:00:09+00:00
1778209209,Minnesota Timberwolves,5771676627182954113677164857547228277089396639521594262964034606220001939923,0.0245,2026-05-08 03:00:09+00:00
1778209209,Oklahoma City Thunder,49500299856831034491021962156746701298730459370557900271970866855042624695770,0.615,2026-05-08 03:00:09+00:00
1778212803,San Antonio Spurs,102227184035967850089766981958743064457339118173548431660886438726896222843254,0.1755,2026-05-08 04:00:03+00:00
1778212804,Cleveland Cavaliers,21929863894047830651599085392978377118642353711084157807549430066031384497667,0.0135,2026-05-08 04:00:04+00:00
1778212804,Los Angeles Lakers,86297520870744792204751483474339201341298076835836561764334428915355504860913,0.0135,2026-05-08 04:00:04+00:00
1778212804,New York Knicks,20257190540739490630509657713144742134547949967093643458458133445357169845406,0.0885,2026-05-08 04:00:04+00:00
1778212804,Philadelphia 76ers,5644679982684846699855787022092402984369447277920326773883608030240292167917,0.0075,2026-05-08 04:00:04+00:00
1778212805,Detroit Pistons,59742411602053785892348440048778056320272639465974092140970920277782290781360,0.0695,2026-05-08 04:00:05+00:00
1778212805,Minnesota Timberwolves,5771676627182954113677164857547228277089396639521594262964034606220001939923,0.0245,2026-05-08 04:00:05+00:00
1778212805,Oklahoma City Thunder,49500299856831034491021962156746701298730459370557900271970866855042624695770,0.605,2026-05-08 04:00:05+00:00
1778216405,New York Knicks,20257190540739490630509657713144742134547949967093643458458133445357169845406,0.0875,2026-05-08 05:00:05+00:00
1778216405,San Antonio Spurs,102227184035967850089766981958743064457339118173548431660886438726896222843254,0.1765,2026-05-08 05:00:05+00:00
1778216406,Cleveland Cavaliers,21929863894047830651599085392978377118642353711084157807549430066031384497667,0.0135,2026-05-08 05:00:06+00:00
1778216406,Los Angeles Lakers,86297520870744792204751483474339201341298076835836561764334428915355504860913,0.0085,2026-05-08 05:00:06+00:00
1778216406,Philadelphia 76ers,5644679982684846699855787022092402984369447277920326773883608030240292167917,0.0075,2026-05-08 05:00:06+00:00
1778216407,Detroit Pistons,59742411602053785892348440048778056320272639465974092140970920277782290781360,0.0705,2026-05-08 05:00:07+00:00
1778216407,Minnesota Timberwolves,5771676627182954113677164857547228277089396639521594262964034606220001939923,0.0225,2026-05-08 05:00:07+00:00
1778216407,Oklahoma City Thunder,49500299856831034491021962156746701298730459370557900271970866855042624695770,0.625,2026-05-08 05:00:07+00:00
1778220003,San Antonio Spurs,102227184035967850089766981958743064457339118173548431660886438726896222843254,0.1755,2026-05-08 06:00:03+00:00
1778220005,New York Knicks,20257190540739490630509657713144742134547949967093643458458133445357169845406,0.0875,2026-05-08 06:00:05+00:00
1778220006,Cleveland Cavaliers,21929863894047830651599085392978377118642353711084157807549430066031384497667,0.0135,2026-05-08 06:00:06+00:00
1778220006,Los Angeles Lakers,86297520870744792204751483474339201341298076835836561764334428915355504860913,0.0075,2026-05-08 06:00:06+00:00
1778220006,Philadelphia 76ers,5644679982684846699855787022092402984369447277920326773883608030240292167917,0.0075,2026-05-08 06:00:06+00:00
1778220007,Detroit Pistons,59742411602053785892348440048778056320272639465974092140970920277782290781360,0.067,2026-05-08 06:00:07+00:00
1778220007,Minnesota Timberwolves,5771676627182954113677164857547228277089396639521594262964034606220001939923,0.0205,2026-05-08 06:00:07+00:00
1778220007,Oklahoma City Thunder,49500299856831034491021962156746701298730459370557900271970866855042624695770,0.625,2026-05-08 06:00:07+00:00
1778223604,San Antonio Spurs,102227184035967850089766981958743064457339118173548431660886438726896222843254,0.1735,2026-05-08 07:00:04+00:00
1778223605,New York Knicks,20257190540739490630509657713144742134547949967093643458458133445357169845406,0.0975,2026-05-08 07:00:05+00:00
1778223606,Cleveland Cavaliers,21929863894047830651599085392978377118642353711084157807549430066031384497667,0.0145,2026-05-08 07:00:06+00:00
1778223606,Los Angeles Lakers,86297520870744792204751483474339201341298076835836561764334428915355504860913,0.0075,2026-05-08 07:00:06+00:00
1778223606,Philadelphia 76ers,5644679982684846699855787022092402984369447277920326773883608030240292167917,0.0075,2026-05-08 07:00:06+00:00
1778223607,Detroit Pistons,59742411602053785892348440048778056320272639465974092140970920277782290781360,0.067,2026-05-08 07:00:07+00:00
1778223607,Minnesota Timberwolves,5771676627182954113677164857547228277089396639521594262964034606220001939923,0.0195,2026-05-08 07:00:07+00:00
1778223607,Oklahoma City Thunder,49500299856831034491021962156746701298730459370557900271970866855042624695770,0.625,2026-05-08 07:00:07+00:00
1778227203,San Antonio Spurs,102227184035967850089766981958743064457339118173548431660886438726896222843254,0.1735,2026-05-08 08:00:03+00:00
1778227204,New York Knicks,20257190540739490630509657713144742134547949967093643458458133445357169845406,0.0935,2026-05-08 08:00:04+00:00
1778227205,Cleveland Cavaliers,21929863894047830651599085392978377118642353711084157807549430066031384497667,0.0145,2026-05-08 08:00:05+00:00
1778227205,Los Angeles Lakers,86297520870744792204751483474339201341298076835836561764334428915355504860913,0.0085,2026-05-08 08:00:05+00:00
1778227205,Philadelphia 76ers,5644679982684846699855787022092402984369447277920326773883608030240292167917,0.0075,2026-05-08 08:00:05+00:00
1778227206,Detroit Pistons,59742411602053785892348440048778056320272639465974092140970920277782290781360,0.0675,2026-05-08 08:00:06+00:00
1778227206,Minnesota Timberwolves,5771676627182954113677164857547228277089396639521594262964034606220001939923,0.0195,2026-05-08 08:00:06+00:00
1778227206,Oklahoma City Thunder,49500299856831034491021962156746701298730459370557900271970866855042624695770,0.625,2026-05-08 08:00:06+00:00
1778230803,San Antonio Spurs,102227184035967850089766981958743064457339118173548431660886438726896222843254,0.174,2026-05-08 09:00:03+00:00
1778230804,New York Knicks,20257190540739490630509657713144742134547949967093643458458133445357169845406,0.0935,2026-05-08 09:00:04+00:00
1778230805,Cleveland Cavaliers,21929863894047830651599085392978377118642353711084157807549430066031384497667,0.0145,2026-05-08 09:00:05+00:00
1778230805,Los Angeles Lakers,86297520870744792204751483474339201341298076835836561764334428915355504860913,0.0095,2026-05-08 09:00:05+00:00
1778230805,Philadelphia 76ers,5644679982684846699855787022092402984369447277920326773883608030240292167917,0.0075,2026-05-08 09:00:05+00:00
1778230806,Detroit Pistons,59742411602053785892348440048778056320272639465974092140970920277782290781360,0.068,2026-05-08 09:00:06+00:00
1778230806,Minnesota Timberwolves,5771676627182954113677164857547228277089396639521594262964034606220001939923,0.0205,2026-05-08 09:00:06+00:00
1778230806,Oklahoma City Thunder,49500299856831034491021962156746701298730459370557900271970866855042624695770,0.625,2026-05-08 09:00:06+00:00
1778234404,San Antonio Spurs,102227184035967850089766981958743064457339118173548431660886438726896222843254,0.1735,2026-05-08 10:00:04+00:00
1778234405,New York Knicks,20257190540739490630509657713144742134547949967093643458458133445357169845406,0.0935,2026-05-08 10:00:05+00:00
1778234406,Cleveland Cavaliers,21929863894047830651599085392978377118642353711084157807549430066031384497667,0.0145,2026-05-08 10:00:06+00:00
1778234406,Los Angeles Lakers,86297520870744792204751483474339201341298076835836561764334428915355504860913,0.0085,2026-05-08 10:00:06+00:00
1778234406,Philadelphia 76ers,5644679982684846699855787022092402984369447277920326773883608030240292167917,0.0075,2026-05-08 10:00:06+00:00
1778234407,Detroit Pistons,59742411602053785892348440048778056320272639465974092140970920277782290781360,0.068,2026-05-08 10:00:07+00:00
1778234407,Minnesota Timberwolves,5771676627182954113677164857547228277089396639521594262964034606220001939923,0.0215,2026-05-08 10:00:07+00:00
1778234407,Oklahoma City Thunder,49500299856831034491021962156746701298730459370557900271970866855042624695770,0.625,2026-05-08 10:00:07+00:00
1778238005,San Antonio Spurs,102227184035967850089766981958743064457339118173548431660886438726896222843254,0.1745,2026-05-08 11:00:05+00:00
1778238006,New York Knicks,20257190540739490630509657713144742134547949967093643458458133445357169845406,0.0935,2026-05-08 11:00:06+00:00
1778238007,Cleveland Cavaliers,21929863894047830651599085392978377118642353711084157807549430066031384497667,0.0145,2026-05-08 11:00:07+00:00
1778238007,Los Angeles Lakers,86297520870744792204751483474339201341298076835836561764334428915355504860913,0.0085,2026-05-08 11:00:07+00:00
1778238007,Philadelphia 76ers,5644679982684846699855787022092402984369447277920326773883608030240292167917,0.0075,2026-05-08 11:00:07+00:00
1778238008,Detroit Pistons,59742411602053785892348440048778056320272639465974092140970920277782290781360,0.0675,2026-05-08 11:00:08+00:00
1778238008,Minnesota Timberwolves,5771676627182954113677164857547228277089396639521594262964034606220001939923,0.0205,2026-05-08 11:00:08+00:00
1778238008,Oklahoma City Thunder,49500299856831034491021962156746701298730459370557900271970866855042624695770,0.625,2026-05-08 11:00:08+00:00
1778241603,San Antonio Spurs,102227184035967850089766981958743064457339118173548431660886438726896222843254,0.1755,2026-05-08 12:00:03+00:00
1778241604,New York Knicks,20257190540739490630509657713144742134547949967093643458458133445357169845406,0.0925,2026-05-08 12:00:04+00:00
1778241605,Cleveland Cavaliers,21929863894047830651599085392978377118642353711084157807549430066031384497667,0.0145,2026-05-08 12:00:05+00:00
1778241605,Los Angeles Lakers,86297520870744792204751483474339201341298076835836561764334428915355504860913,0.0095,2026-05-08 12:00:05+00:00
1778241605,Philadelphia 76ers,5644679982684846699855787022092402984369447277920326773883608030240292167917,0.0075,2026-05-08 12:00:05+00:00
1778241606,Detroit Pistons,59742411602053785892348440048778056320272639465974092140970920277782290781360,0.0675,2026-05-08 12:00:06+00:00
1778241606,Minnesota Timberwolves,5771676627182954113677164857547228277089396639521594262964034606220001939923,0.0205,2026-05-08 12:00:06+00:00
1778241606,Oklahoma City Thunder,49500299856831034491021962156746701298730459370557900271970866855042624695770,0.625,2026-05-08 12:00:06+00:00
1778245203,San Antonio Spurs,102227184035967850089766981958743064457339118173548431660886438726896222843254,0.1755,2026-05-08 13:00:03+00:00
1778245204,New York Knicks,20257190540739490630509657713144742134547949967093643458458133445357169845406,0.0925,2026-05-08 13:00:04+00:00
1778245205,Cleveland Cavaliers,21929863894047830651599085392978377118642353711084157807549430066031384497667,0.0145,2026-05-08 13:00:05+00:00
1778245205,Detroit Pistons,59742411602053785892348440048778056320272639465974092140970920277782290781360,0.0675,2026-05-08 13:00:05+00:00
1778245205,Los Angeles Lakers,86297520870744792204751483474339201341298076835836561764334428915355504860913,0.0105,2026-05-08 13:00:05+00:00
1778245205,Minnesota Timberwolves,5771676627182954113677164857547228277089396639521594262964034606220001939923,0.0215,2026-05-08 13:00:05+00:00
1778245205,Oklahoma City Thunder,49500299856831034491021962156746701298730459370557900271970866855042624695770,0.625,2026-05-08 13:00:05+00:00
1778245205,Philadelphia 76ers,5644679982684846699855787022092402984369447277920326773883608030240292167917,0.0075,2026-05-08 13:00:05+00:00
1778248803,San Antonio Spurs,102227184035967850089766981958743064457339118173548431660886438726896222843254,0.1745,2026-05-08 14:00:03+00:00
1778248804,New York Knicks,20257190540739490630509657713144742134547949967093643458458133445357169845406,0.0925,2026-05-08 14:00:04+00:00
1778248805,Cleveland Cavaliers,21929863894047830651599085392978377118642353711084157807549430066031384497667,0.0155,2026-05-08 14:00:05+00:00
1778248805,Los Angeles Lakers,86297520870744792204751483474339201341298076835836561764334428915355504860913,0.0085,2026-05-08 14:00:05+00:00
1778248806,Detroit Pistons,59742411602053785892348440048778056320272639465974092140970920277782290781360,0.0675,2026-05-08 14:00:06+00:00
1778248806,Minnesota Timberwolves,5771676627182954113677164857547228277089396639521594262964034606220001939923,0.0205,2026-05-08 14:00:06+00:00
1778248806,Oklahoma City Thunder,49500299856831034491021962156746701298730459370557900271970866855042624695770,0.625,2026-05-08 14:00:06+00:00
1778248806,Philadelphia 76ers,5644679982684846699855787022092402984369447277920326773883608030240292167917,0.0075,2026-05-08 14:00:06+00:00
1778252403,San Antonio Spurs,102227184035967850089766981958743064457339118173548431660886438726896222843254,0.1745,2026-05-08 15:00:03+00:00
1778252404,New York Knicks,20257190540739490630509657713144742134547949967093643458458133445357169845406,0.0925,2026-05-08 15:00:04+00:00
1778252405,Cleveland Cavaliers,21929863894047830651599085392978377118642353711084157807549430066031384497667,0.0145,2026-05-08 15:00:05+00:00
1778252405,Los Angeles Lakers,86297520870744792204751483474339201341298076835836561764334428915355504860913,0.0085,2026-05-08 15:00:05+00:00
1778252405,Philadelphia 76ers,5644679982684846699855787022092402984369447277920326773883608030240292167917,0.0075,2026-05-08 15:00:05+00:00
1778252406,Detroit Pistons,59742411602053785892348440048778056320272639465974092140970920277782290781360,0.0675,2026-05-08 15:00:06+00:00
1778252406,Minnesota Timberwolves,5771676627182954113677164857547228277089396639521594262964034606220001939923,0.0205,2026-05-08 15:00:06+00:00
1778252406,Oklahoma City Thunder,49500299856831034491021962156746701298730459370557900271970866855042624695770,0.625,2026-05-08 15:00:06+00:00
1778256004,San Antonio Spurs,102227184035967850089766981958743064457339118173548431660886438726896222843254,0.1735,2026-05-08 16:00:04+00:00
1778256005,New York Knicks,20257190540739490630509657713144742134547949967093643458458133445357169845406,0.0955,2026-05-08 16:00:05+00:00
1778256006,Cleveland Cavaliers,21929863894047830651599085392978377118642353711084157807549430066031384497667,0.0145,2026-05-08 16:00:06+00:00
1778256006,Detroit Pistons,59742411602053785892348440048778056320272639465974092140970920277782290781360,0.0675,2026-05-08 16:00:06+00:00
1778256006,Los Angeles Lakers,86297520870744792204751483474339201341298076835836561764334428915355504860913,0.0085,2026-05-08 16:00:06+00:00
1778256006,Minnesota Timberwolves,5771676627182954113677164857547228277089396639521594262964034606220001939923,0.0195,2026-05-08 16:00:06+00:00
1778256006,Oklahoma City Thunder,49500299856831034491021962156746701298730459370557900271970866855042624695770,0.625,2026-05-08 16:00:06+00:00
1778256006,Philadelphia 76ers,5644679982684846699855787022092402984369447277920326773883608030240292167917,0.0075,2026-05-08 16:00:06+00:00
1778259604,San Antonio Spurs,102227184035967850089766981958743064457339118173548431660886438726896222843254,0.1735,2026-05-08 17:00:04+00:00
1778259606,New York Knicks,20257190540739490630509657713144742134547949967093643458458133445357169845406,0.097,2026-05-08 17:00:06+00:00
1778259607,Cleveland Cavaliers,21929863894047830651599085392978377118642353711084157807549430066031384497667,0.0145,2026-05-08 17:00:07+00:00
1778259607,Los Angeles Lakers,86297520870744792204751483474339201341298076835836561764334428915355504860913,0.0095,2026-05-08 17:00:07+00:00
1778259608,Oklahoma City Thunder,49500299856831034491021962156746701298730459370557900271970866855042624695770,0.625,2026-05-08 17:00:08+00:00
1778259608,Philadelphia 76ers,5644679982684846699855787022092402984369447277920326773883608030240292167917,0.0075,2026-05-08 17:00:08+00:00
1778259609,Detroit Pistons,59742411602053785892348440048778056320272639465974092140970920277782290781360,0.0675,2026-05-08 17:00:09+00:00
1778259609,Minnesota Timberwolves,5771676627182954113677164857547228277089396639521594262964034606220001939923,0.0195,2026-05-08 17:00:09+00:00
1778263205,San Antonio Spurs,102227184035967850089766981958743064457339118173548431660886438726896222843254,0.1815,2026-05-08 18:00:05+00:00
1778263206,New York Knicks,20257190540739490630509657713144742134547949967093643458458133445357169845406,0.0955,2026-05-08 18:00:06+00:00
1778263207,Cleveland Cavaliers,21929863894047830651599085392978377118642353711084157807549430066031384497667,0.0145,2026-05-08 18:00:07+00:00
1778263207,Los Angeles Lakers,86297520870744792204751483474339201341298076835836561764334428915355504860913,0.0095,2026-05-08 18:00:07+00:00
1778263207,Philadelphia 76ers,5644679982684846699855787022092402984369447277920326773883608030240292167917,0.0075,2026-05-08 18:00:07+00:00
1778263208,Detroit Pistons,59742411602053785892348440048778056320272639465974092140970920277782290781360,0.0675,2026-05-08 18:00:08+00:00
1778263208,Minnesota Timberwolves,5771676627182954113677164857547228277089396639521594262964034606220001939923,0.0195,2026-05-08 18:00:08+00:00
1778263208,Oklahoma City Thunder,49500299856831034491021962156746701298730459370557900271970866855042624695770,0.615,2026-05-08 18:00:08+00:00
1778266805,New York Knicks,20257190540739490630509657713144742134547949967093643458458133445357169845406,0.0975,2026-05-08 19:00:05+00:00
1778266805,San Antonio Spurs,102227184035967850089766981958743064457339118173548431660886438726896222843254,0.182,2026-05-08 19:00:05+00:00
1778266806,Cleveland Cavaliers,21929863894047830651599085392978377118642353711084157807549430066031384497667,0.0145,2026-05-08 19:00:06+00:00
1778266806,Los Angeles Lakers,86297520870744792204751483474339201341298076835836561764334428915355504860913,0.0095,2026-05-08 19:00:06+00:00
1778266806,Philadelphia 76ers,5644679982684846699855787022092402984369447277920326773883608030240292167917,0.0075,2026-05-08 19:00:06+00:00
1778266807,Detroit Pistons,59742411602053785892348440048778056320272639465974092140970920277782290781360,0.0675,2026-05-08 19:00:07+00:00
1778266807,Minnesota Timberwolves,5771676627182954113677164857547228277089396639521594262964034606220001939923,0.0205,2026-05-08 19:00:07+00:00
1778266807,Oklahoma City Thunder,49500299856831034491021962156746701298730459370557900271970866855042624695770,0.615,2026-05-08 19:00:07+00:00
1778270405,San Antonio Spurs,102227184035967850089766981958743064457339118173548431660886438726896222843254,0.1795,2026-05-08 20:00:05+00:00
1778270406,New York Knicks,20257190540739490630509657713144742134547949967093643458458133445357169845406,0.0975,2026-05-08 20:00:06+00:00
1778270407,Cleveland Cavaliers,21929863894047830651599085392978377118642353711084157807549430066031384497667,0.0145,2026-05-08 20:00:07+00:00
1778270407,Los Angeles Lakers,86297520870744792204751483474339201341298076835836561764334428915355504860913,0.0095,2026-05-08 20:00:07+00:00
1778270407,Philadelphia 76ers,5644679982684846699855787022092402984369447277920326773883608030240292167917,0.0075,2026-05-08 20:00:07+00:00
1778270408,Minnesota Timberwolves,5771676627182954113677164857547228277089396639521594262964034606220001939923,0.0235,2026-05-08 20:00:08+00:00
1778270408,Oklahoma City Thunder,49500299856831034491021962156746701298730459370557900271970866855042624695770,0.615,2026-05-08 20:00:08+00:00
1778270409,Detroit Pistons,59742411602053785892348440048778056320272639465974092140970920277782290781360,0.0675,2026-05-08 20:00:09+00:00
1778274005,San Antonio Spurs,102227184035967850089766981958743064457339118173548431660886438726896222843254,0.1785,2026-05-08 21:00:05+00:00
1778274006,New York Knicks,20257190540739490630509657713144742134547949967093643458458133445357169845406,0.097,2026-05-08 21:00:06+00:00
1778274007,Cleveland Cavaliers,21929863894047830651599085392978377118642353711084157807549430066031384497667,0.0145,2026-05-08 21:00:07+00:00
1778274007,Los Angeles Lakers,86297520870744792204751483474339201341298076835836561764334428915355504860913,0.0075,2026-05-08 21:00:07+00:00
1778274007,Philadelphia 76ers,5644679982684846699855787022092402984369447277920326773883608030240292167917,0.0075,2026-05-08 21:00:07+00:00
1778274008,Detroit Pistons,59742411602053785892348440048778056320272639465974092140970920277782290781360,0.0675,2026-05-08 21:00:08+00:00
1778274008,Minnesota Timberwolves,5771676627182954113677164857547228277089396639521594262964034606220001939923,0.0245,2026-05-08 21:00:08+00:00
1778274008,Oklahoma City Thunder,49500299856831034491021962156746701298730459370557900271970866855042624695770,0.615,2026-05-08 21:00:08+00:00
1778277605,San Antonio Spurs,102227184035967850089766981958743064457339118173548431660886438726896222843254,0.182,2026-05-08 22:00:05+00:00
1778277606,Cleveland Cavaliers,21929863894047830651599085392978377118642353711084157807549430066031384497667,0.0145,2026-05-08 22:00:06+00:00
1778277606,Los Angeles Lakers,86297520870744792204751483474339201341298076835836561764334428915355504860913,0.0075,2026-05-08 22:00:06+00:00
1778277606,New York Knicks,20257190540739490630509657713144742134547949967093643458458133445357169845406,0.0955,2026-05-08 22:00:06+00:00
1778277606,Philadelphia 76ers,5644679982684846699855787022092402984369447277920326773883608030240292167917,0.0075,2026-05-08 22:00:06+00:00
1778277607,Detroit Pistons,59742411602053785892348440048778056320272639465974092140970920277782290781360,0.0675,2026-05-08 22:00:07+00:00
1778277607,Minnesota Timberwolves,5771676627182954113677164857547228277089396639521594262964034606220001939923,0.0245,2026-05-08 22:00:07+00:00
1778277607,Oklahoma City Thunder,49500299856831034491021962156746701298730459370557900271970866855042624695770,0.615,2026-05-08 22:00:07+00:00
1778281205,San Antonio Spurs,102227184035967850089766981958743064457339118173548431660886438726896222843254,0.1795,2026-05-08 23:00:05+00:00
1778281206,New York Knicks,20257190540739490630509657713144742134547949967093643458458133445357169845406,0.0975,2026-05-08 23:00:06+00:00
1778281207,Cleveland Cavaliers,21929863894047830651599085392978377118642353711084157807549430066031384497667,0.0145,2026-05-08 23:00:07+00:00
1778281207,Los Angeles Lakers,86297520870744792204751483474339201341298076835836561764334428915355504860913,0.0075,2026-05-08 23:00:07+00:00
1778281207,Philadelphia 76ers,5644679982684846699855787022092402984369447277920326773883608030240292167917,0.0075,2026-05-08 23:00:07+00:00
1778281208,Detroit Pistons,59742411602053785892348440048778056320272639465974092140970920277782290781360,0.0675,2026-05-08 23:00:08+00:00
1778281208,Minnesota Timberwolves,5771676627182954113677164857547228277089396639521594262964034606220001939923,0.0245,2026-05-08 23:00:08+00:00
1778281208,Oklahoma City Thunder,49500299856831034491021962156746701298730459370557900271970866855042624695770,0.615,2026-05-08 23:00:08+00:00
1778284822,San Antonio Spurs,102227184035967850089766981958743064457339118173548431660886438726896222843254,0.181,2026-05-09 00:00:22+00:00
1778284823,New York Knicks,20257190540739490630509657713144742134547949967093643458458133445357169845406,0.098,2026-05-09 00:00:23+00:00
1778284824,Cleveland Cavaliers,21929863894047830651599085392978377118642353711084157807549430066031384497667,0.0145,2026-05-09 00:00:24+00:00
1778284824,Los Angeles Lakers,86297520870744792204751483474339201341298076835836561764334428915355504860913,0.0075,2026-05-09 00:00:24+00:00
1778284824,Philadelphia 76ers,5644679982684846699855787022092402984369447277920326773883608030240292167917,0.0105,2026-05-09 00:00:24+00:00
1778284825,Detroit Pistons,59742411602053785892348440048778056320272639465974092140970920277782290781360,0.0675,2026-05-09 00:00:25+00:00
1778284825,Minnesota Timberwolves,5771676627182954113677164857547228277089396639521594262964034606220001939923,0.0245,2026-05-09 00:00:25+00:00
1778284825,Oklahoma City Thunder,49500299856831034491021962156746701298730459370557900271970866855042624695770,0.615,2026-05-09 00:00:25+00:00
1778288408,San Antonio Spurs,102227184035967850089766981958743064457339118173548431660886438726896222843254,0.1725,2026-05-09 01:00:08+00:00
1778288409,New York Knicks,20257190540739490630509657713144742134547949967093643458458133445357169845406,0.1055,2026-05-09 01:00:09+00:00
1778288410,Cleveland Cavaliers,21929863894047830651599085392978377118642353711084157807549430066031384497667,0.0145,2026-05-09 01:00:10+00:00
1778288410,Detroit Pistons,59742411602053785892348440048778056320272639465974092140970920277782290781360,0.0675,2026-05-09 01:00:10+00:00
1778288410,Los Angeles Lakers,86297520870744792204751483474339201341298076835836561764334428915355504860913,0.0075,2026-05-09 01:00:10+00:00
1778288410,Minnesota Timberwolves,5771676627182954113677164857547228277089396639521594262964034606220001939923,0.025,2026-05-09 01:00:10+00:00
1778288410,Oklahoma City Thunder,49500299856831034491021962156746701298730459370557900271970866855042624695770,0.615,2026-05-09 01:00:10+00:00
1778288410,Philadelphia 76ers,5644679982684846699855787022092402984369447277920326773883608030240292167917,0.0075,2026-05-09 01:00:10+00:00
1778292005,New York Knicks,20257190540739490630509657713144742134547949967093643458458133445357169845406,0.1135,2026-05-09 02:00:05+00:00
1778292005,San Antonio Spurs,102227184035967850089766981958743064457339118173548431660886438726896222843254,0.179,2026-05-09 02:00:05+00:00
1778292006,Cleveland Cavaliers,21929863894047830651599085392978377118642353711084157807549430066031384497667,0.0145,2026-05-09 02:00:06+00:00
1778292006,Detroit Pistons,59742411602053785892348440048778056320272639465974092140970920277782290781360,0.0665,2026-05-09 02:00:06+00:00
1778292006,Los Angeles Lakers,86297520870744792204751483474339201341298076835836561764334428915355504860913,0.0075,2026-05-09 02:00:06+00:00
1778292006,Minnesota Timberwolves,5771676627182954113677164857547228277089396639521594262964034606220001939923,0.0245,2026-05-09 02:00:06+00:00
1778292006,Oklahoma City Thunder,49500299856831034491021962156746701298730459370557900271970866855042624695770,0.615,2026-05-09 02:00:06+00:00
1778292006,Philadelphia 76ers,5644679982684846699855787022092402984369447277920326773883608030240292167917,0.0015,2026-05-09 02:00:06+00:00
1778295604,San Antonio Spurs,102227184035967850089766981958743064457339118173548431660886438726896222843254,0.1745,2026-05-09 03:00:04+00:00
1778295606,New York Knicks,20257190540739490630509657713144742134547949967093643458458133445357169845406,0.111,2026-05-09 03:00:06+00:00
1778295607,Cleveland Cavaliers,21929863894047830651599085392978377118642353711084157807549430066031384497667,0.015,2026-05-09 03:00:07+00:00
1778295607,Detroit Pistons,59742411602053785892348440048778056320272639465974092140970920277782290781360,0.0705,2026-05-09 03:00:07+00:00
1778295607,Los Angeles Lakers,86297520870744792204751483474339201341298076835836561764334428915355504860913,0.0075,2026-05-09 03:00:07+00:00
1778295607,Minnesota Timberwolves,5771676627182954113677164857547228277089396639521594262964034606220001939923,0.0285,2026-05-09 03:00:07+00:00
1778295607,Oklahoma City Thunder,49500299856831034491021962156746701298730459370557900271970866855042624695770,0.615,2026-05-09 03:00:07+00:00
1778295607,Philadelphia 76ers,5644679982684846699855787022092402984369447277920326773883608030240292167917,0.0015,2026-05-09 03:00:07+00:00
1778299204,San Antonio Spurs,102227184035967850089766981958743064457339118173548431660886438726896222843254,0.1765,2026-05-09 04:00:04+00:00
1778299205,Cleveland Cavaliers,21929863894047830651599085392978377118642353711084157807549430066031384497667,0.0155,2026-05-09 04:00:05+00:00
1778299205,Los Angeles Lakers,86297520870744792204751483474339201341298076835836561764334428915355504860913,0.008,2026-05-09 04:00:05+00:00
1778299205,New York Knicks,20257190540739490630509657713144742134547949967093643458458133445357169845406,0.111,2026-05-09 04:00:05+00:00
1778299206,Detroit Pistons,59742411602053785892348440048778056320272639465974092140970920277782290781360,0.069,2026-05-09 04:00:06+00:00
1778299206,Minnesota Timberwolves,5771676627182954113677164857547228277089396639521594262964034606220001939923,0.0185,2026-05-09 04:00:06+00:00
1778299206,Oklahoma City Thunder,49500299856831034491021962156746701298730459370557900271970866855042624695770,0.615,2026-05-09 04:00:06+00:00
1778299206,Philadelphia 76ers,5644679982684846699855787022092402984369447277920326773883608030240292167917,0.0015,2026-05-09 04:00:06+00:00
1778302805,San Antonio Spurs,102227184035967850089766981958743064457339118173548431660886438726896222843254,0.193,2026-05-09 05:00:05+00:00
1778302806,Cleveland Cavaliers,21929863894047830651599085392978377118642353711084157807549430066031384497667,0.0145,2026-05-09 05:00:06+00:00
1778302806,Los Angeles Lakers,86297520870744792204751483474339201341298076835836561764334428915355504860913,0.0085,2026-05-09 05:00:06+00:00
1778302806,New York Knicks,20257190540739490630509657713144742134547949967093643458458133445357169845406,0.1085,2026-05-09 05:00:06+00:00
1778302806,Philadelphia 76ers,5644679982684846699855787022092402984369447277920326773883608030240292167917,0.0015,2026-05-09 05:00:06+00:00
1778302807,Detroit Pistons,59742411602053785892348440048778056320272639465974092140970920277782290781360,0.0665,2026-05-09 05:00:07+00:00
1778302807,Minnesota Timberwolves,5771676627182954113677164857547228277089396639521594262964034606220001939923,0.0115,2026-05-09 05:00:07+00:00
1778302807,Oklahoma City Thunder,49500299856831034491021962156746701298730459370557900271970866855042624695770,0.615,2026-05-09 05:00:07+00:00
1778306406,San Antonio Spurs,102227184035967850089766981958743064457339118173548431660886438726896222843254,0.199,2026-05-09 06:00:06+00:00
1778306407,New York Knicks,20257190540739490630509657713144742134547949967093643458458133445357169845406,0.0945,2026-05-09 06:00:07+00:00
1778306408,Cleveland Cavaliers,21929863894047830651599085392978377118642353711084157807549430066031384497667,0.0145,2026-05-09 06:00:08+00:00
1778306408,Los Angeles Lakers,86297520870744792204751483474339201341298076835836561764334428915355504860913,0.0085,2026-05-09 06:00:08+00:00
1778306408,Philadelphia 76ers,5644679982684846699855787022092402984369447277920326773883608030240292167917,0.0015,2026-05-09 06:00:08+00:00
1778306409,Detroit Pistons,59742411602053785892348440048778056320272639465974092140970920277782290781360,0.0665,2026-05-09 06:00:09+00:00
1778306409,Minnesota Timberwolves,5771676627182954113677164857547228277089396639521594262964034606220001939923,0.0115,2026-05-09 06:00:09+00:00
1778306409,Oklahoma City Thunder,49500299856831034491021962156746701298730459370557900271970866855042624695770,0.615,2026-05-09 06:00:09+00:00
1778310005,San Antonio Spurs,102227184035967850089766981958743064457339118173548431660886438726896222843254,0.1985,2026-05-09 07:00:05+00:00
1778310006,New York Knicks,20257190540739490630509657713144742134547949967093643458458133445357169845406,0.0975,2026-05-09 07:00:06+00:00
1778310007,Cleveland Cavaliers,21929863894047830651599085392978377118642353711084157807549430066031384497667,0.0145,2026-05-09 07:00:07+00:00
1778310007,Los Angeles Lakers,86297520870744792204751483474339201341298076835836561764334428915355504860913,0.0085,2026-05-09 07:00:07+00:00
1778310007,Philadelphia 76ers,5644679982684846699855787022092402984369447277920326773883608030240292167917,0.0015,2026-05-09 07:00:07+00:00
1778310008,Detroit Pistons,59742411602053785892348440048778056320272639465974092140970920277782290781360,0.0665,2026-05-09 07:00:08+00:00
1778310008,Minnesota Timberwolves,5771676627182954113677164857547228277089396639521594262964034606220001939923,0.0105,2026-05-09 07:00:08+00:00
1778310008,Oklahoma City Thunder,49500299856831034491021962156746701298730459370557900271970866855042624695770,0.615,2026-05-09 07:00:08+00:00
1778313608,San Antonio Spurs,102227184035967850089766981958743064457339118173548431660886438726896222843254,0.199,2026-05-09 08:00:08+00:00
1778313609,New York Knicks,20257190540739490630509657713144742134547949967093643458458133445357169845406,0.1,2026-05-09 08:00:09+00:00
1778313610,Cleveland Cavaliers,21929863894047830651599085392978377118642353711084157807549430066031384497667,0.0145,2026-05-09 08:00:10+00:00
1778313610,Los Angeles Lakers,86297520870744792204751483474339201341298076835836561764334428915355504860913,0.0085,2026-05-09 08:00:10+00:00
1778313611,Detroit Pistons,59742411602053785892348440048778056320272639465974092140970920277782290781360,0.0665,2026-05-09 08:00:11+00:00
1778313611,Minnesota Timberwolves,5771676627182954113677164857547228277089396639521594262964034606220001939923,0.0115,2026-05-09 08:00:11+00:00
1778313611,Oklahoma City Thunder,49500299856831034491021962156746701298730459370557900271970866855042624695770,0.615,2026-05-09 08:00:11+00:00
1778313611,Philadelphia 76ers,5644679982684846699855787022092402984369447277920326773883608030240292167917,0.0015,2026-05-09 08:00:11+00:00
1778317204,San Antonio Spurs,102227184035967850089766981958743064457339118173548431660886438726896222843254,0.1985,2026-05-09 09:00:04+00:00
1778317205,New York Knicks,20257190540739490630509657713144742134547949967093643458458133445357169845406,0.0995,2026-05-09 09:00:05+00:00
1778317206,Cleveland Cavaliers,21929863894047830651599085392978377118642353711084157807549430066031384497667,0.0145,2026-05-09 09:00:06+00:00
1778317206,Los Angeles Lakers,86297520870744792204751483474339201341298076835836561764334428915355504860913,0.0085,2026-05-09 09:00:06+00:00
1778317206,Philadelphia 76ers,5644679982684846699855787022092402984369447277920326773883608030240292167917,0.0015,2026-05-09 09:00:06+00:00
1778317207,Detroit Pistons,59742411602053785892348440048778056320272639465974092140970920277782290781360,0.0665,2026-05-09 09:00:07+00:00
1778317207,Minnesota Timberwolves,5771676627182954113677164857547228277089396639521594262964034606220001939923,0.0115,2026-05-09 09:00:07+00:00
1778317207,Oklahoma City Thunder,49500299856831034491021962156746701298730459370557900271970866855042624695770,0.615,2026-05-09 09:00:07+00:00
1778320805,San Antonio Spurs,102227184035967850089766981958743064457339118173548431660886438726896222843254,0.1985,2026-05-09 10:00:05+00:00
1778320806,New York Knicks,20257190540739490630509657713144742134547949967093643458458133445357169845406,0.0995,2026-05-09 10:00:06+00:00
1778320807,Cleveland Cavaliers,21929863894047830651599085392978377118642353711084157807549430066031384497667,0.0145,2026-05-09 10:00:07+00:00
1778320807,Los Angeles Lakers,86297520870744792204751483474339201341298076835836561764334428915355504860913,0.0085,2026-05-09 10:00:07+00:00
1778320807,Minnesota Timberwolves,5771676627182954113677164857547228277089396639521594262964034606220001939923,0.0115,2026-05-09 10:00:07+00:00
1778320807,Oklahoma City Thunder,49500299856831034491021962156746701298730459370557900271970866855042624695770,0.605,2026-05-09 10:00:07+00:00
1778320807,Philadelphia 76ers,5644679982684846699855787022092402984369447277920326773883608030240292167917,0.0015,2026-05-09 10:00:07+00:00
1778320808,Detroit Pistons,59742411602053785892348440048778056320272639465974092140970920277782290781360,0.0665,2026-05-09 10:00:08+00:00
1778324405,San Antonio Spurs,102227184035967850089766981958743064457339118173548431660886438726896222843254,0.1985,2026-05-09 11:00:05+00:00
1778324406,Cleveland Cavaliers,21929863894047830651599085392978377118642353711084157807549430066031384497667,0.0145,2026-05-09 11:00:06+00:00
1778324406,Los Angeles Lakers,86297520870744792204751483474339201341298076835836561764334428915355504860913,0.0085,2026-05-09 11:00:06+00:00
1778324406,New York Knicks,20257190540739490630509657713144742134547949967093643458458133445357169845406,0.099,2026-05-09 11:00:06+00:00
1778324407,Detroit Pistons,59742411602053785892348440048778056320272639465974092140970920277782290781360,0.0665,2026-05-09 11:00:07+00:00
1778324407,Minnesota Timberwolves,5771676627182954113677164857547228277089396639521594262964034606220001939923,0.0115,2026-05-09 11:00:07+00:00
1778324407,Oklahoma City Thunder,49500299856831034491021962156746701298730459370557900271970866855042624695770,0.605,2026-05-09 11:00:07+00:00
1778324407,Philadelphia 76ers,5644679982684846699855787022092402984369447277920326773883608030240292167917,0.0015,2026-05-09 11:00:07+00:00
1778328006,San Antonio Spurs,102227184035967850089766981958743064457339118173548431660886438726896222843254,0.1985,2026-05-09 12:00:06+00:00
1778328007,New York Knicks,20257190540739490630509657713144742134547949967093643458458133445357169845406,0.0995,2026-05-09 12:00:07+00:00
1778328008,Cleveland Cavaliers,21929863894047830651599085392978377118642353711084157807549430066031384497667,0.0145,2026-05-09 12:00:08+00:00
1778328008,Los Angeles Lakers,86297520870744792204751483474339201341298076835836561764334428915355504860913,0.0085,2026-05-09 12:00:08+00:00
1778328009,Detroit Pistons,59742411602053785892348440048778056320272639465974092140970920277782290781360,0.0665,2026-05-09 12:00:09+00:00
1778328009,Minnesota Timberwolves,5771676627182954113677164857547228277089396639521594262964034606220001939923,0.0115,2026-05-09 12:00:09+00:00
1778328009,Oklahoma City Thunder,49500299856831034491021962156746701298730459370557900271970866855042624695770,0.605,2026-05-09 12:00:09+00:00
1778328009,Philadelphia 76ers,5644679982684846699855787022092402984369447277920326773883608030240292167917,0.0015,2026-05-09 12:00:09+00:00
1778331607,San Antonio Spurs,102227184035967850089766981958743064457339118173548431660886438726896222843254,0.1985,2026-05-09 13:00:07+00:00
1778331608,New York Knicks,20257190540739490630509657713144742134547949967093643458458133445357169845406,0.0995,2026-05-09 13:00:08+00:00
1778331609,Cleveland Cavaliers,21929863894047830651599085392978377118642353711084157807549430066031384497667,0.0145,2026-05-09 13:00:09+00:00
1778331609,Los Angeles Lakers,86297520870744792204751483474339201341298076835836561764334428915355504860913,0.008,2026-05-09 13:00:09+00:00
1778331610,Detroit Pistons,59742411602053785892348440048778056320272639465974092140970920277782290781360,0.0625,2026-05-09 13:00:10+00:00
1778331610,Minnesota Timberwolves,5771676627182954113677164857547228277089396639521594262964034606220001939923,0.0115,2026-05-09 13:00:10+00:00
1778331610,Oklahoma City Thunder,49500299856831034491021962156746701298730459370557900271970866855042624695770,0.605,2026-05-09 13:00:10+00:00
1778331610,Philadelphia 76ers,5644679982684846699855787022092402984369447277920326773883608030240292167917,0.0015,2026-05-09 13:00:10+00:00
1778335206,San Antonio Spurs,102227184035967850089766981958743064457339118173548431660886438726896222843254,0.1985,2026-05-09 14:00:06+00:00
1778335208,New York Knicks,20257190540739490630509657713144742134547949967093643458458133445357169845406,0.0995,2026-05-09 14:00:08+00:00
1778335210,Cleveland Cavaliers,21929863894047830651599085392978377118642353711084157807549430066031384497667,0.0145,2026-05-09 14:00:10+00:00
1778335210,Los Angeles Lakers,86297520870744792204751483474339201341298076835836561764334428915355504860913,0.0085,2026-05-09 14:00:10+00:00
1778335211,Philadelphia 76ers,5644679982684846699855787022092402984369447277920326773883608030240292167917,0.0015,2026-05-09 14:00:11+00:00
1778335212,Detroit Pistons,59742411602053785892348440048778056320272639465974092140970920277782290781360,0.0635,2026-05-09 14:00:12+00:00
1778335212,Minnesota Timberwolves,5771676627182954113677164857547228277089396639521594262964034606220001939923,0.0115,2026-05-09 14:00:12+00:00
1778335212,Oklahoma City Thunder,49500299856831034491021962156746701298730459370557900271970866855042624695770,0.605,2026-05-09 14:00:12+00:00
1778338808,San Antonio Spurs,102227184035967850089766981958743064457339118173548431660886438726896222843254,0.199,2026-05-09 15:00:08+00:00
1778338815,New York Knicks,20257190540739490630509657713144742134547949967093643458458133445357169845406,0.0995,2026-05-09 15:00:15+00:00
1778338820,Cleveland Cavaliers,21929863894047830651599085392978377118642353711084157807549430066031384497667,0.0145,2026-05-09 15:00:20+00:00
1778338820,Los Angeles Lakers,86297520870744792204751483474339201341298076835836561764334428915355504860913,0.0075,2026-05-09 15:00:20+00:00
1778338824,Philadelphia 76ers,5644679982684846699855787022092402984369447277920326773883608030240292167917,0.0015,2026-05-09 15:00:24+00:00
1778338828,Minnesota Timberwolves,5771676627182954113677164857547228277089396639521594262964034606220001939923,0.0115,2026-05-09 15:00:28+00:00
1778338828,Oklahoma City Thunder,49500299856831034491021962156746701298730459370557900271970866855042624695770,0.61,2026-05-09 15:00:28+00:00
1778338830,Detroit Pistons,59742411602053785892348440048778056320272639465974092140970920277782290781360,0.0635,2026-05-09 15:00:30+00:00
1778342407,San Antonio Spurs,102227184035967850089766981958743064457339118173548431660886438726896222843254,0.207,2026-05-09 16:00:07+00:00
1778342408,New York Knicks,20257190540739490630509657713144742134547949967093643458458133445357169845406,0.1015,2026-05-09 16:00:08+00:00
1778342409,Cleveland Cavaliers,21929863894047830651599085392978377118642353711084157807549430066031384497667,0.0145,2026-05-09 16:00:09+00:00
1778342410,Los Angeles Lakers,86297520870744792204751483474339201341298076835836561764334428915355504860913,0.0075,2026-05-09 16:00:10+00:00
1778342411,Philadelphia 76ers,5644679982684846699855787022092402984369447277920326773883608030240292167917,0.0015,2026-05-09 16:00:11+00:00
1778342415,Oklahoma City Thunder,49500299856831034491021962156746701298730459370557900271970866855042624695770,0.605,2026-05-09 16:00:15+00:00
1778342416,Minnesota Timberwolves,5771676627182954113677164857547228277089396639521594262964034606220001939923,0.0115,2026-05-09 16:00:16+00:00
1778342417,Detroit Pistons,59742411602053785892348440048778056320272639465974092140970920277782290781360,0.063,2026-05-09 16:00:17+00:00
1778346005,San Antonio Spurs,102227184035967850089766981958743064457339118173548431660886438726896222843254,0.2005,2026-05-09 17:00:05+00:00
1778346007,New York Knicks,20257190540739490630509657713144742134547949967093643458458133445357169845406,0.1055,2026-05-09 17:00:07+00:00
1778346009,Cleveland Cavaliers,21929863894047830651599085392978377118642353711084157807549430066031384497667,0.0145,2026-05-09 17:00:09+00:00
1778346009,Los Angeles Lakers,86297520870744792204751483474339201341298076835836561764334428915355504860913,0.0085,2026-05-09 17:00:09+00:00
1778346010,Philadelphia 76ers,5644679982684846699855787022092402984369447277920326773883608030240292167917,0.0015,2026-05-09 17:00:10+00:00
1778346011,Minnesota Timberwolves,5771676627182954113677164857547228277089396639521594262964034606220001939923,0.0115,2026-05-09 17:00:11+00:00
1778346011,Oklahoma City Thunder,49500299856831034491021962156746701298730459370557900271970866855042624695770,0.615,2026-05-09 17:00:11+00:00
1778346012,Detroit Pistons,59742411602053785892348440048778056320272639465974092140970920277782290781360,0.0635,2026-05-09 17:00:12+00:00
1778349607,San Antonio Spurs,102227184035967850089766981958743064457339118173548431660886438726896222843254,0.1995,2026-05-09 18:00:07+00:00
1778349611,New York Knicks,20257190540739490630509657713144742134547949967093643458458133445357169845406,0.1055,2026-05-09 18:00:11+00:00
1778349612,Cleveland Cavaliers,21929863894047830651599085392978377118642353711084157807549430066031384497667,0.014,2026-05-09 18:00:12+00:00
1778349612,Los Angeles Lakers,86297520870744792204751483474339201341298076835836561764334428915355504860913,0.0075,2026-05-09 18:00:12+00:00
1778349612,Philadelphia 76ers,5644679982684846699855787022092402984369447277920326773883608030240292167917,0.0015,2026-05-09 18:00:12+00:00
1778349613,Detroit Pistons,59742411602053785892348440048778056320272639465974092140970920277782290781360,0.0625,2026-05-09 18:00:13+00:00
1778349613,Minnesota Timberwolves,5771676627182954113677164857547228277089396639521594262964034606220001939923,0.0115,2026-05-09 18:00:13+00:00
1778349613,Oklahoma City Thunder,49500299856831034491021962156746701298730459370557900271970866855042624695770,0.615,2026-05-09 18:00:13+00:00
1778353211,San Antonio Spurs,102227184035967850089766981958743064457339118173548431660886438726896222843254,0.211,2026-05-09 19:00:11+00:00
1778353212,New York Knicks,20257190540739490630509657713144742134547949967093643458458133445357169845406,0.1065,2026-05-09 19:00:12+00:00
1778353215,Cleveland Cavaliers,21929863894047830651599085392978377118642353711084157807549430066031384497667,0.0145,2026-05-09 19:00:15+00:00
1778353215,Los Angeles Lakers,86297520870744792204751483474339201341298076835836561764334428915355504860913,0.0075,2026-05-09 19:00:15+00:00
1778353217,Philadelphia 76ers,5644679982684846699855787022092402984369447277920326773883608030240292167917,0.0015,2026-05-09 19:00:17+00:00
1778353219,Minnesota Timberwolves,5771676627182954113677164857547228277089396639521594262964034606220001939923,0.0115,2026-05-09 19:00:19+00:00
1778353219,Oklahoma City Thunder,49500299856831034491021962156746701298730459370557900271970866855042624695770,0.605,2026-05-09 19:00:19+00:00
1778353220,Detroit Pistons,59742411602053785892348440048778056320272639465974092140970920277782290781360,0.0635,2026-05-09 19:00:20+00:00
1778356805,San Antonio Spurs,102227184035967850089766981958743064457339118173548431660886438726896222843254,0.2115,2026-05-09 20:00:05+00:00
1778356807,New York Knicks,20257190540739490630509657713144742134547949967093643458458133445357169845406,0.1065,2026-05-09 20:00:07+00:00
1778356808,Cleveland Cavaliers,21929863894047830651599085392978377118642353711084157807549430066031384497667,0.0135,2026-05-09 20:00:08+00:00
1778356808,Los Angeles Lakers,86297520870744792204751483474339201341298076835836561764334428915355504860913,0.009,2026-05-09 20:00:08+00:00
1778356808,Philadelphia 76ers,5644679982684846699855787022092402984369447277920326773883608030240292167917,0.0015,2026-05-09 20:00:08+00:00
1778356809,Minnesota Timberwolves,5771676627182954113677164857547228277089396639521594262964034606220001939923,0.0115,2026-05-09 20:00:09+00:00
1778356809,Oklahoma City Thunder,49500299856831034491021962156746701298730459370557900271970866855042624695770,0.605,2026-05-09 20:00:09+00:00
1778356810,Detroit Pistons,59742411602053785892348440048778056320272639465974092140970920277782290781360,0.0635,2026-05-09 20:00:10+00:00
1778360409,San Antonio Spurs,102227184035967850089766981958743064457339118173548431660886438726896222843254,0.2115,2026-05-09 21:00:09+00:00
1778360414,New York Knicks,20257190540739490630509657713144742134547949967093643458458133445357169845406,0.1055,2026-05-09 21:00:14+00:00
1778360415,Cleveland Cavaliers,21929863894047830651599085392978377118642353711084157807549430066031384497667,0.0175,2026-05-09 21:00:15+00:00
1778360415,Los Angeles Lakers,86297520870744792204751483474339201341298076835836561764334428915355504860913,0.006,2026-05-09 21:00:15+00:00
1778360416,Philadelphia 76ers,5644679982684846699855787022092402984369447277920326773883608030240292167917,0.0025,2026-05-09 21:00:16+00:00
1778360417,Minnesota Timberwolves,5771676627182954113677164857547228277089396639521594262964034606220001939923,0.0115,2026-05-09 21:00:17+00:00
1778360417,Oklahoma City Thunder,49500299856831034491021962156746701298730459370557900271970866855042624695770,0.605,2026-05-09 21:00:17+00:00
1778360418,Detroit Pistons,59742411602053785892348440048778056320272639465974092140970920277782290781360,0.058,2026-05-09 21:00:18+00:00
1778364007,San Antonio Spurs,102227184035967850089766981958743064457339118173548431660886438726896222843254,0.211,2026-05-09 22:00:07+00:00
1778364012,New York Knicks,20257190540739490630509657713144742134547949967093643458458133445357169845406,0.1055,2026-05-09 22:00:12+00:00
1778364014,Cleveland Cavaliers,21929863894047830651599085392978377118642353711084157807549430066031384497667,0.0175,2026-05-09 22:00:14+00:00
1778364014,Los Angeles Lakers,86297520870744792204751483474339201341298076835836561764334428915355504860913,0.0085,2026-05-09 22:00:14+00:00
1778364015,Philadelphia 76ers,5644679982684846699855787022092402984369447277920326773883608030240292167917,0.0025,2026-05-09 22:00:15+00:00
1778364018,Oklahoma City Thunder,49500299856831034491021962156746701298730459370557900271970866855042624695770,0.605,2026-05-09 22:00:18+00:00
1778364019,Detroit Pistons,59742411602053785892348440048778056320272639465974092140970920277782290781360,0.0585,2026-05-09 22:00:19+00:00
1778364019,Minnesota Timberwolves,5771676627182954113677164857547228277089396639521594262964034606220001939923,0.0115,2026-05-09 22:00:19+00:00
1778367605,San Antonio Spurs,102227184035967850089766981958743064457339118173548431660886438726896222843254,0.2055,2026-05-09 23:00:05+00:00
1778367611,New York Knicks,20257190540739490630509657713144742134547949967093643458458133445357169845406,0.1055,2026-05-09 23:00:11+00:00
1778367612,Cleveland Cavaliers,21929863894047830651599085392978377118642353711084157807549430066031384497667,0.0175,2026-05-09 23:00:12+00:00
1778367612,Los Angeles Lakers,86297520870744792204751483474339201341298076835836561764334428915355504860913,0.0085,2026-05-09 23:00:12+00:00
1778367613,Philadelphia 76ers,5644679982684846699855787022092402984369447277920326773883608030240292167917,0.0025,2026-05-09 23:00:13+00:00
1778367615,Detroit Pistons,59742411602053785892348440048778056320272639465974092140970920277782290781360,0.0575,2026-05-09 23:00:15+00:00
1778367615,Minnesota Timberwolves,5771676627182954113677164857547228277089396639521594262964034606220001939923,0.0115,2026-05-09 23:00:15+00:00
1778367615,Oklahoma City Thunder,49500299856831034491021962156746701298730459370557900271970866855042624695770,0.605,2026-05-09 23:00:15+00:00
1778371204,San Antonio Spurs,102227184035967850089766981958743064457339118173548431660886438726896222843254,0.2055,2026-05-10 00:00:04+00:00
1778371209,New York Knicks,20257190540739490630509657713144742134547949967093643458458133445357169845406,0.1055,2026-05-10 00:00:09+00:00
1778371210,Cleveland Cavaliers,21929863894047830651599085392978377118642353711084157807549430066031384497667,0.017,2026-05-10 00:00:10+00:00
1778371210,Los Angeles Lakers,86297520870744792204751483474339201341298076835836561764334428915355504860913,0.0085,2026-05-10 00:00:10+00:00
1778371211,Philadelphia 76ers,5644679982684846699855787022092402984369447277920326773883608030240292167917,0.0025,2026-05-10 00:00:11+00:00
1778371212,Detroit Pistons,59742411602053785892348440048778056320272639465974092140970920277782290781360,0.0575,2026-05-10 00:00:12+00:00
1778371212,Minnesota Timberwolves,5771676627182954113677164857547228277089396639521594262964034606220001939923,0.0115,2026-05-10 00:00:12+00:00
1778371212,Oklahoma City Thunder,49500299856831034491021962156746701298730459370557900271970866855042624695770,0.605,2026-05-10 00:00:12+00:00
1778374804,San Antonio Spurs,102227184035967850089766981958743064457339118173548431660886438726896222843254,0.2055,2026-05-10 01:00:04+00:00
1778374806,New York Knicks,20257190540739490630509657713144742134547949967093643458458133445357169845406,0.1055,2026-05-10 01:00:06+00:00
1778374807,Cleveland Cavaliers,21929863894047830651599085392978377118642353711084157807549430066031384497667,0.0145,2026-05-10 01:00:07+00:00
1778374807,Los Angeles Lakers,86297520870744792204751483474339201341298076835836561764334428915355504860913,0.0085,2026-05-10 01:00:07+00:00
1778374807,Philadelphia 76ers,5644679982684846699855787022092402984369447277920326773883608030240292167917,0.0025,2026-05-10 01:00:07+00:00
1778374808,Detroit Pistons,59742411602053785892348440048778056320272639465974092140970920277782290781360,0.0575,2026-05-10 01:00:08+00:00
1778374808,Minnesota Timberwolves,5771676627182954113677164857547228277089396639521594262964034606220001939923,0.0115,2026-05-10 01:00:08+00:00
1778374808,Oklahoma City Thunder,49500299856831034491021962156746701298730459370557900271970866855042624695770,0.605,2026-05-10 01:00:08+00:00
1778378404,San Antonio Spurs,102227184035967850089766981958743064457339118173548431660886438726896222843254,0.2055,2026-05-10 02:00:04+00:00
1778378405,New York Knicks,20257190540739490630509657713144742134547949967093643458458133445357169845406,0.1055,2026-05-10 02:00:05+00:00
1778378406,Cleveland Cavaliers,21929863894047830651599085392978377118642353711084157807549430066031384497667,0.015,2026-05-10 02:00:06+00:00
1778378406,Los Angeles Lakers,86297520870744792204751483474339201341298076835836561764334428915355504860913,0.0095,2026-05-10 02:00:06+00:00
1778378406,Philadelphia 76ers,5644679982684846699855787022092402984369447277920326773883608030240292167917,0.0025,2026-05-10 02:00:06+00:00
1778378407,Detroit Pistons,59742411602053785892348440048778056320272639465974092140970920277782290781360,0.0575,2026-05-10 02:00:07+00:00
1778378407,Minnesota Timberwolves,5771676627182954113677164857547228277089396639521594262964034606220001939923,0.0115,2026-05-10 02:00:07+00:00
1778378407,Oklahoma City Thunder,49500299856831034491021962156746701298730459370557900271970866855042624695770,0.595,2026-05-10 02:00:07+00:00
1778382004,San Antonio Spurs,102227184035967850089766981958743064457339118173548431660886438726896222843254,0.2055,2026-05-10 03:00:04+00:00
1778382007,New York Knicks,20257190540739490630509657713144742134547949967093643458458133445357169845406,0.1065,2026-05-10 03:00:07+00:00
1778382008,Cleveland Cavaliers,21929863894047830651599085392978377118642353711084157807549430066031384497667,0.0255,2026-05-10 03:00:08+00:00
1778382008,Los Angeles Lakers,86297520870744792204751483474339201341298076835836561764334428915355504860913,0.0015,2026-05-10 03:00:08+00:00
1778382008,Philadelphia 76ers,5644679982684846699855787022092402984369447277920326773883608030240292167917,0.0025,2026-05-10 03:00:08+00:00
1778382009,Minnesota Timberwolves,5771676627182954113677164857547228277089396639521594262964034606220001939923,0.0115,2026-05-10 03:00:09+00:00
1778382009,Oklahoma City Thunder,49500299856831034491021962156746701298730459370557900271970866855042624695770,0.605,2026-05-10 03:00:09+00:00
1778382010,Detroit Pistons,59742411602053785892348440048778056320272639465974092140970920277782290781360,0.058,2026-05-10 03:00:10+00:00
1778385604,San Antonio Spurs,102227184035967850089766981958743064457339118173548431660886438726896222843254,0.2055,2026-05-10 04:00:04+00:00
1778385605,New York Knicks,20257190540739490630509657713144742134547949967093643458458133445357169845406,0.107,2026-05-10 04:00:05+00:00
1778385606,Cleveland Cavaliers,21929863894047830651599085392978377118642353711084157807549430066031384497667,0.027,2026-05-10 04:00:06+00:00
1778385606,Los Angeles Lakers,86297520870744792204751483474339201341298076835836561764334428915355504860913,0.0025,2026-05-10 04:00:06+00:00
1778385606,Philadelphia 76ers,5644679982684846699855787022092402984369447277920326773883608030240292167917,0.0025,2026-05-10 04:00:06+00:00
1778385607,Detroit Pistons,59742411602053785892348440048778056320272639465974092140970920277782290781360,0.058,2026-05-10 04:00:07+00:00
1778385607,Minnesota Timberwolves,5771676627182954113677164857547228277089396639521594262964034606220001939923,0.0115,2026-05-10 04:00:07+00:00
1778385607,Oklahoma City Thunder,49500299856831034491021962156746701298730459370557900271970866855042624695770,0.605,2026-05-10 04:00:07+00:00
1778389208,San Antonio Spurs,102227184035967850089766981958743064457339118173548431660886438726896222843254,0.2055,2026-05-10 05:00:08+00:00
1778389209,New York Knicks,20257190540739490630509657713144742134547949967093643458458133445357169845406,0.1085,2026-05-10 05:00:09+00:00
1778389210,Cleveland Cavaliers,21929863894047830651599085392978377118642353711084157807549430066031384497667,0.0245,2026-05-10 05:00:10+00:00
1778389210,Los Angeles Lakers,86297520870744792204751483474339201341298076835836561764334428915355504860913,0.0015,2026-05-10 05:00:10+00:00
1778389210,Philadelphia 76ers,5644679982684846699855787022092402984369447277920326773883608030240292167917,0.0025,2026-05-10 05:00:10+00:00
1778389211,Detroit Pistons,59742411602053785892348440048778056320272639465974092140970920277782290781360,0.056,2026-05-10 05:00:11+00:00
1778389211,Minnesota Timberwolves,5771676627182954113677164857547228277089396639521594262964034606220001939923,0.0115,2026-05-10 05:00:11+00:00
1778389211,Oklahoma City Thunder,49500299856831034491021962156746701298730459370557900271970866855042624695770,0.605,2026-05-10 05:00:11+00:00
1778392804,San Antonio Spurs,102227184035967850089766981958743064457339118173548431660886438726896222843254,0.2055,2026-05-10 06:00:04+00:00
1778392808,New York Knicks,20257190540739490630509657713144742134547949967093643458458133445357169845406,0.1085,2026-05-10 06:00:08+00:00
1778392809,Cleveland Cavaliers,21929863894047830651599085392978377118642353711084157807549430066031384497667,0.029,2026-05-10 06:00:09+00:00
1778392809,Los Angeles Lakers,86297520870744792204751483474339201341298076835836561764334428915355504860913,0.0025,2026-05-10 06:00:09+00:00
1778392809,Philadelphia 76ers,5644679982684846699855787022092402984369447277920326773883608030240292167917,0.0025,2026-05-10 06:00:09+00:00
1778392810,Minnesota Timberwolves,5771676627182954113677164857547228277089396639521594262964034606220001939923,0.013,2026-05-10 06:00:10+00:00
1778392810,Oklahoma City Thunder,49500299856831034491021962156746701298730459370557900271970866855042624695770,0.605,2026-05-10 06:00:10+00:00
1778392811,Detroit Pistons,59742411602053785892348440048778056320272639465974092140970920277782290781360,0.0545,2026-05-10 06:00:11+00:00
1778396405,San Antonio Spurs,102227184035967850089766981958743064457339118173548431660886438726896222843254,0.2075,2026-05-10 07:00:05+00:00
1778396407,New York Knicks,20257190540739490630509657713144742134547949967093643458458133445357169845406,0.1125,2026-05-10 07:00:07+00:00
1778396408,Cleveland Cavaliers,21929863894047830651599085392978377118642353711084157807549430066031384497667,0.0225,2026-05-10 07:00:08+00:00
1778396408,Los Angeles Lakers,86297520870744792204751483474339201341298076835836561764334428915355504860913,0.0025,2026-05-10 07:00:08+00:00
1778396408,Philadelphia 76ers,5644679982684846699855787022092402984369447277920326773883608030240292167917,0.002,2026-05-10 07:00:08+00:00
1778396409,Detroit Pistons,59742411602053785892348440048778056320272639465974092140970920277782290781360,0.0545,2026-05-10 07:00:09+00:00
1778396409,Minnesota Timberwolves,5771676627182954113677164857547228277089396639521594262964034606220001939923,0.0125,2026-05-10 07:00:09+00:00
1778396409,Oklahoma City Thunder,49500299856831034491021962156746701298730459370557900271970866855042624695770,0.605,2026-05-10 07:00:09+00:00
1778400005,San Antonio Spurs,102227184035967850089766981958743064457339118173548431660886438726896222843254,0.207,2026-05-10 08:00:05+00:00
1778400006,New York Knicks,20257190540739490630509657713144742134547949967093643458458133445357169845406,0.115,2026-05-10 08:00:06+00:00
1778400007,Cleveland Cavaliers,21929863894047830651599085392978377118642353711084157807549430066031384497667,0.021,2026-05-10 08:00:07+00:00
1778400007,Los Angeles Lakers,86297520870744792204751483474339201341298076835836561764334428915355504860913,0.0025,2026-05-10 08:00:07+00:00
1778400008,Detroit Pistons,59742411602053785892348440048778056320272639465974092140970920277782290781360,0.0575,2026-05-10 08:00:08+00:00
1778400008,Minnesota Timberwolves,5771676627182954113677164857547228277089396639521594262964034606220001939923,0.0125,2026-05-10 08:00:08+00:00
1778400008,Oklahoma City Thunder,49500299856831034491021962156746701298730459370557900271970866855042624695770,0.605,2026-05-10 08:00:08+00:00
1778400008,Philadelphia 76ers,5644679982684846699855787022092402984369447277920326773883608030240292167917,0.0015,2026-05-10 08:00:08+00:00
1778403604,San Antonio Spurs,102227184035967850089766981958743064457339118173548431660886438726896222843254,0.208,2026-05-10 09:00:04+00:00
1778403606,New York Knicks,20257190540739490630509657713144742134547949967093643458458133445357169845406,0.1145,2026-05-10 09:00:06+00:00
1778403607,Cleveland Cavaliers,21929863894047830651599085392978377118642353711084157807549430066031384497667,0.0205,2026-05-10 09:00:07+00:00
1778403608,Los Angeles Lakers,86297520870744792204751483474339201341298076835836561764334428915355504860913,0.0015,2026-05-10 09:00:08+00:00
1778403608,Philadelphia 76ers,5644679982684846699855787022092402984369447277920326773883608030240292167917,0.0015,2026-05-10 09:00:08+00:00
1778403609,Detroit Pistons,59742411602053785892348440048778056320272639465974092140970920277782290781360,0.0565,2026-05-10 09:00:09+00:00
1778403609,Minnesota Timberwolves,5771676627182954113677164857547228277089396639521594262964034606220001939923,0.012,2026-05-10 09:00:09+00:00
1778403609,Oklahoma City Thunder,49500299856831034491021962156746701298730459370557900271970866855042624695770,0.605,2026-05-10 09:00:09+00:00
1778407208,San Antonio Spurs,102227184035967850089766981958743064457339118173548431660886438726896222843254,0.207,2026-05-10 10:00:08+00:00
1778407210,New York Knicks,20257190540739490630509657713144742134547949967093643458458133445357169845406,0.1155,2026-05-10 10:00:10+00:00
1778407211,Cleveland Cavaliers,21929863894047830651599085392978377118642353711084157807549430066031384497667,0.0215,2026-05-10 10:00:11+00:00
1778407212,Los Angeles Lakers,86297520870744792204751483474339201341298076835836561764334428915355504860913,0.0015,2026-05-10 10:00:12+00:00
1778407212,Philadelphia 76ers,5644679982684846699855787022092402984369447277920326773883608030240292167917,0.0015,2026-05-10 10:00:12+00:00
1778407213,Minnesota Timberwolves,5771676627182954113677164857547228277089396639521594262964034606220001939923,0.0125,2026-05-10 10:00:13+00:00
1778407213,Oklahoma City Thunder,49500299856831034491021962156746701298730459370557900271970866855042624695770,0.605,2026-05-10 10:00:13+00:00
1778407214,Detroit Pistons,59742411602053785892348440048778056320272639465974092140970920277782290781360,0.0555,2026-05-10 10:00:14+00:00
1778410820,San Antonio Spurs,102227184035967850089766981958743064457339118173548431660886438726896222843254,0.2065,2026-05-10 11:00:20+00:00
1778410822,New York Knicks,20257190540739490630509657713144742134547949967093643458458133445357169845406,0.1155,2026-05-10 11:00:22+00:00
1778410823,Cleveland Cavaliers,21929863894047830651599085392978377118642353711084157807549430066031384497667,0.0205,2026-05-10 11:00:23+00:00
1778410823,Los Angeles Lakers,86297520870744792204751483474339201341298076835836561764334428915355504860913,0.0015,2026-05-10 11:00:23+00:00
1778410823,Philadelphia 76ers,5644679982684846699855787022092402984369447277920326773883608030240292167917,0.0015,2026-05-10 11:00:23+00:00
1778410824,Detroit Pistons,59742411602053785892348440048778056320272639465974092140970920277782290781360,0.056,2026-05-10 11:00:24+00:00
1778410824,Minnesota Timberwolves,5771676627182954113677164857547228277089396639521594262964034606220001939923,0.0125,2026-05-10 11:00:24+00:00
1778410824,Oklahoma City Thunder,49500299856831034491021962156746701298730459370557900271970866855042624695770,0.605,2026-05-10 11:00:24+00:00
1778414403,San Antonio Spurs,102227184035967850089766981958743064457339118173548431660886438726896222843254,0.2075,2026-05-10 12:00:03+00:00
1778414406,New York Knicks,20257190540739490630509657713144742134547949967093643458458133445357169845406,0.1155,2026-05-10 12:00:06+00:00
1778414408,Cleveland Cavaliers,21929863894047830651599085392978377118642353711084157807549430066031384497667,0.0205,2026-05-10 12:00:08+00:00
1778414408,Los Angeles Lakers,86297520870744792204751483474339201341298076835836561764334428915355504860913,0.0015,2026-05-10 12:00:08+00:00
1778414409,Philadelphia 76ers,5644679982684846699855787022092402984369447277920326773883608030240292167917,0.0015,2026-05-10 12:00:09+00:00
1778414410,Detroit Pistons,59742411602053785892348440048778056320272639465974092140970920277782290781360,0.056,2026-05-10 12:00:10+00:00
1778414410,Minnesota Timberwolves,5771676627182954113677164857547228277089396639521594262964034606220001939923,0.012,2026-05-10 12:00:10+00:00
1778414410,Oklahoma City Thunder,49500299856831034491021962156746701298730459370557900271970866855042624695770,0.605,2026-05-10 12:00:10+00:00
1778418004,San Antonio Spurs,102227184035967850089766981958743064457339118173548431660886438726896222843254,0.208,2026-05-10 13:00:04+00:00
1778418006,New York Knicks,20257190540739490630509657713144742134547949967093643458458133445357169845406,0.1155,2026-05-10 13:00:06+00:00
1778418007,Cleveland Cavaliers,21929863894047830651599085392978377118642353711084157807549430066031384497667,0.019,2026-05-10 13:00:07+00:00
1778418007,Los Angeles Lakers,86297520870744792204751483474339201341298076835836561764334428915355504860913,0.0015,2026-05-10 13:00:07+00:00
1778418008,Philadelphia 76ers,5644679982684846699855787022092402984369447277920326773883608030240292167917,0.0015,2026-05-10 13:00:08+00:00
1778418009,Detroit Pistons,59742411602053785892348440048778056320272639465974092140970920277782290781360,0.0565,2026-05-10 13:00:09+00:00
1778418009,Minnesota Timberwolves,5771676627182954113677164857547228277089396639521594262964034606220001939923,0.0115,2026-05-10 13:00:09+00:00
1778418009,Oklahoma City Thunder,49500299856831034491021962156746701298730459370557900271970866855042624695770,0.605,2026-05-10 13:00:09+00:00
1778421605,San Antonio Spurs,102227184035967850089766981958743064457339118173548431660886438726896222843254,0.2075,2026-05-10 14:00:05+00:00
1778421606,New York Knicks,20257190540739490630509657713144742134547949967093643458458133445357169845406,0.1155,2026-05-10 14:00:06+00:00
1778421607,Cleveland Cavaliers,21929863894047830651599085392978377118642353711084157807549430066031384497667,0.0195,2026-05-10 14:00:07+00:00
1778421607,Los Angeles Lakers,86297520870744792204751483474339201341298076835836561764334428915355504860913,0.0015,2026-05-10 14:00:07+00:00
1778421608,Philadelphia 76ers,5644679982684846699855787022092402984369447277920326773883608030240292167917,0.0015,2026-05-10 14:00:08+00:00
1778421609,Detroit Pistons,59742411602053785892348440048778056320272639465974092140970920277782290781360,0.0565,2026-05-10 14:00:09+00:00
1778421609,Minnesota Timberwolves,5771676627182954113677164857547228277089396639521594262964034606220001939923,0.0125,2026-05-10 14:00:09+00:00
1778421609,Oklahoma City Thunder,49500299856831034491021962156746701298730459370557900271970866855042624695770,0.605,2026-05-10 14:00:09+00:00
1778425205,San Antonio Spurs,102227184035967850089766981958743064457339118173548431660886438726896222843254,0.2085,2026-05-10 15:00:05+00:00
1778425207,New York Knicks,20257190540739490630509657713144742134547949967093643458458133445357169845406,0.1165,2026-05-10 15:00:07+00:00
1778425208,Cleveland Cavaliers,21929863894047830651599085392978377118642353711084157807549430066031384497667,0.0205,2026-05-10 15:00:08+00:00
1778425208,Los Angeles Lakers,86297520870744792204751483474339201341298076835836561764334428915355504860913,0.0015,2026-05-10 15:00:08+00:00
1778425209,Philadelphia 76ers,5644679982684846699855787022092402984369447277920326773883608030240292167917,0.0015,2026-05-10 15:00:09+00:00
1778425210,Minnesota Timberwolves,5771676627182954113677164857547228277089396639521594262964034606220001939923,0.0125,2026-05-10 15:00:10+00:00
1778425210,Oklahoma City Thunder,49500299856831034491021962156746701298730459370557900271970866855042624695770,0.605,2026-05-10 15:00:10+00:00
1778425211,Detroit Pistons,59742411602053785892348440048778056320272639465974092140970920277782290781360,0.055,2026-05-10 15:00:11+00:00
1778428804,San Antonio Spurs,102227184035967850089766981958743064457339118173548431660886438726896222843254,0.2085,2026-05-10 16:00:04+00:00
1778428806,New York Knicks,20257190540739490630509657713144742134547949967093643458458133445357169845406,0.1165,2026-05-10 16:00:06+00:00
1778428808,Cleveland Cavaliers,21929863894047830651599085392978377118642353711084157807549430066031384497667,0.0205,2026-05-10 16:00:08+00:00
1778428808,Los Angeles Lakers,86297520870744792204751483474339201341298076835836561764334428915355504860913,0.0015,2026-05-10 16:00:08+00:00
1778428809,Philadelphia 76ers,5644679982684846699855787022092402984369447277920326773883608030240292167917,0.0015,2026-05-10 16:00:09+00:00
1778428810,Detroit Pistons,59742411602053785892348440048778056320272639465974092140970920277782290781360,0.0535,2026-05-10 16:00:10+00:00
1778428810,Minnesota Timberwolves,5771676627182954113677164857547228277089396639521594262964034606220001939923,0.0125,2026-05-10 16:00:10+00:00
1778428810,Oklahoma City Thunder,49500299856831034491021962156746701298730459370557900271970866855042624695770,0.605,2026-05-10 16:00:10+00:00
1778432422,San Antonio Spurs,102227184035967850089766981958743064457339118173548431660886438726896222843254,0.2085,2026-05-10 17:00:22+00:00
1778432425,New York Knicks,20257190540739490630509657713144742134547949967093643458458133445357169845406,0.1165,2026-05-10 17:00:25+00:00
1778432427,Cleveland Cavaliers,21929863894047830651599085392978377118642353711084157807549430066031384497667,0.0195,2026-05-10 17:00:27+00:00
1778432427,Los Angeles Lakers,86297520870744792204751483474339201341298076835836561764334428915355504860913,0.0015,2026-05-10 17:00:27+00:00
1778432429,Philadelphia 76ers,5644679982684846699855787022092402984369447277920326773883608030240292167917,0.0015,2026-05-10 17:00:29+00:00
1778432432,Minnesota Timberwolves,5771676627182954113677164857547228277089396639521594262964034606220001939923,0.0135,2026-05-10 17:00:32+00:00
1778432432,Oklahoma City Thunder,49500299856831034491021962156746701298730459370557900271970866855042624695770,0.605,2026-05-10 17:00:32+00:00
1778432435,Detroit Pistons,59742411602053785892348440048778056320272639465974092140970920277782290781360,0.054,2026-05-10 17:00:35+00:00
1778436023,San Antonio Spurs,102227184035967850089766981958743064457339118173548431660886438726896222843254,0.2075,2026-05-10 18:00:23+00:00
1778436026,New York Knicks,20257190540739490630509657713144742134547949967093643458458133445357169845406,0.1155,2026-05-10 18:00:26+00:00
1778436027,Cleveland Cavaliers,21929863894047830651599085392978377118642353711084157807549430066031384497667,0.0205,2026-05-10 18:00:27+00:00
1778436027,Los Angeles Lakers,86297520870744792204751483474339201341298076835836561764334428915355504860913,0.0015,2026-05-10 18:00:27+00:00
1778436028,Philadelphia 76ers,5644679982684846699855787022092402984369447277920326773883608030240292167917,0.0015,2026-05-10 18:00:28+00:00
1778436029,Minnesota Timberwolves,5771676627182954113677164857547228277089396639521594262964034606220001939923,0.0145,2026-05-10 18:00:29+00:00
1778436029,Oklahoma City Thunder,49500299856831034491021962156746701298730459370557900271970866855042624695770,0.605,2026-05-10 18:00:29+00:00
1778436030,Detroit Pistons,59742411602053785892348440048778056320272639465974092140970920277782290781360,0.0535,2026-05-10 18:00:30+00:00
1778439607,San Antonio Spurs,102227184035967850089766981958743064457339118173548431660886438726896222843254,0.2075,2026-05-10 19:00:07+00:00
1778439608,New York Knicks,20257190540739490630509657713144742134547949967093643458458133445357169845406,0.1185,2026-05-10 19:00:08+00:00
1778439609,Cleveland Cavaliers,21929863894047830651599085392978377118642353711084157807549430066031384497667,0.0205,2026-05-10 19:00:09+00:00
1778439609,Los Angeles Lakers,86297520870744792204751483474339201341298076835836561764334428915355504860913,0.0015,2026-05-10 19:00:09+00:00
1778439610,Philadelphia 76ers,5644679982684846699855787022092402984369447277920326773883608030240292167917,0.0015,2026-05-10 19:00:10+00:00
1778439611,Detroit Pistons,59742411602053785892348440048778056320272639465974092140970920277782290781360,0.0535,2026-05-10 19:00:11+00:00
1778439611,Minnesota Timberwolves,5771676627182954113677164857547228277089396639521594262964034606220001939923,0.0115,2026-05-10 19:00:11+00:00
1778439611,Oklahoma City Thunder,49500299856831034491021962156746701298730459370557900271970866855042624695770,0.605,2026-05-10 19:00:11+00:00
1778443207,San Antonio Spurs,102227184035967850089766981958743064457339118173548431660886438726896222843254,0.2075,2026-05-10 20:00:07+00:00
1778443209,New York Knicks,20257190540739490630509657713144742134547949967093643458458133445357169845406,0.122,2026-05-10 20:00:09+00:00
1778443211,Cleveland Cavaliers,21929863894047830651599085392978377118642353711084157807549430066031384497667,0.0195,2026-05-10 20:00:11+00:00
1778443211,Los Angeles Lakers,86297520870744792204751483474339201341298076835836561764334428915355504860913,0.0015,2026-05-10 20:00:11+00:00
1778443212,Philadelphia 76ers,5644679982684846699855787022092402984369447277920326773883608030240292167917,0.0005,2026-05-10 20:00:12+00:00
1778443213,Detroit Pistons,59742411602053785892348440048778056320272639465974092140970920277782290781360,0.0535,2026-05-10 20:00:13+00:00
1778443213,Minnesota Timberwolves,5771676627182954113677164857547228277089396639521594262964034606220001939923,0.0115,2026-05-10 20:00:13+00:00
1778443213,Oklahoma City Thunder,49500299856831034491021962156746701298730459370557900271970866855042624695770,0.605,2026-05-10 20:00:13+00:00
1778446805,San Antonio Spurs,102227184035967850089766981958743064457339118173548431660886438726896222843254,0.1955,2026-05-10 21:00:05+00:00
1778446809,New York Knicks,20257190540739490630509657713144742134547949967093643458458133445357169845406,0.1385,2026-05-10 21:00:09+00:00
1778446811,Cleveland Cavaliers,21929863894047830651599085392978377118642353711084157807549430066031384497667,0.0195,2026-05-10 21:00:11+00:00
1778446811,Los Angeles Lakers,86297520870744792204751483474339201341298076835836561764334428915355504860913,0.0015,2026-05-10 21:00:11+00:00
1778446812,Philadelphia 76ers,5644679982684846699855787022092402984369447277920326773883608030240292167917,0.0005,2026-05-10 21:00:12+00:00
1778446813,Detroit Pistons,59742411602053785892348440048778056320272639465974092140970920277782290781360,0.0535,2026-05-10 21:00:13+00:00
1778446813,Minnesota Timberwolves,5771676627182954113677164857547228277089396639521594262964034606220001939923,0.0125,2026-05-10 21:00:13+00:00
1778446813,Oklahoma City Thunder,49500299856831034491021962156746701298730459370557900271970866855042624695770,0.605,2026-05-10 21:00:13+00:00
1778450405,San Antonio Spurs,102227184035967850089766981958743064457339118173548431660886438726896222843254,0.19,2026-05-10 22:00:05+00:00
1778450406,New York Knicks,20257190540739490630509657713144742134547949967093643458458133445357169845406,0.1385,2026-05-10 22:00:06+00:00
1778450408,Cleveland Cavaliers,21929863894047830651599085392978377118642353711084157807549430066031384497667,0.019,2026-05-10 22:00:08+00:00
1778450408,Los Angeles Lakers,86297520870744792204751483474339201341298076835836561764334428915355504860913,0.0015,2026-05-10 22:00:08+00:00
1778450408,Philadelphia 76ers,5644679982684846699855787022092402984369447277920326773883608030240292167917,0.0005,2026-05-10 22:00:08+00:00
1778450409,Detroit Pistons,59742411602053785892348440048778056320272639465974092140970920277782290781360,0.0535,2026-05-10 22:00:09+00:00
1778450409,Minnesota Timberwolves,5771676627182954113677164857547228277089396639521594262964034606220001939923,0.0125,2026-05-10 22:00:09+00:00
1778450409,Oklahoma City Thunder,49500299856831034491021962156746701298730459370557900271970866855042624695770,0.605,2026-05-10 22:00:09+00:00
1778454003,San Antonio Spurs,102227184035967850089766981958743064457339118173548431660886438726896222843254,0.191,2026-05-10 23:00:03+00:00
1778454007,New York Knicks,20257190540739490630509657713144742134547949967093643458458133445357169845406,0.1395,2026-05-10 23:00:07+00:00
1778454010,Cleveland Cavaliers,21929863894047830651599085392978377118642353711084157807549430066031384497667,0.02,2026-05-10 23:00:10+00:00
1778454010,Los Angeles Lakers,86297520870744792204751483474339201341298076835836561764334428915355504860913,0.0015,2026-05-10 23:00:10+00:00
1778454010,Philadelphia 76ers,5644679982684846699855787022092402984369447277920326773883608030240292167917,0.0005,2026-05-10 23:00:10+00:00
1778454013,Detroit Pistons,59742411602053785892348440048778056320272639465974092140970920277782290781360,0.0535,2026-05-10 23:00:13+00:00
1778454013,Minnesota Timberwolves,5771676627182954113677164857547228277089396639521594262964034606220001939923,0.012,2026-05-10 23:00:13+00:00
1778454013,Oklahoma City Thunder,49500299856831034491021962156746701298730459370557900271970866855042624695770,0.605,2026-05-10 23:00:13+00:00
1778457608,San Antonio Spurs,102227184035967850089766981958743064457339118173548431660886438726896222843254,0.192,2026-05-11 00:00:08+00:00
1778457610,New York Knicks,20257190540739490630509657713144742134547949967093643458458133445357169845406,0.136,2026-05-11 00:00:10+00:00
1778457611,Cleveland Cavaliers,21929863894047830651599085392978377118642353711084157807549430066031384497667,0.02,2026-05-11 00:00:11+00:00
1778457611,Los Angeles Lakers,86297520870744792204751483474339201341298076835836561764334428915355504860913,0.0015,2026-05-11 00:00:11+00:00
1778457611,Philadelphia 76ers,5644679982684846699855787022092402984369447277920326773883608030240292167917,0.0005,2026-05-11 00:00:11+00:00
1778457612,Detroit Pistons,59742411602053785892348440048778056320272639465974092140970920277782290781360,0.0535,2026-05-11 00:00:12+00:00
1778457612,Minnesota Timberwolves,5771676627182954113677164857547228277089396639521594262964034606220001939923,0.0135,2026-05-11 00:00:12+00:00
1778457612,Oklahoma City Thunder,49500299856831034491021962156746701298730459370557900271970866855042624695770,0.605,2026-05-11 00:00:12+00:00
1778461204,Cleveland Cavaliers,21929863894047830651599085392978377118642353711084157807549430066031384497667,0.0195,2026-05-11 01:00:04+00:00
1778461204,Los Angeles Lakers,86297520870744792204751483474339201341298076835836561764334428915355504860913,0.0015,2026-05-11 01:00:04+00:00
1778461204,New York Knicks,20257190540739490630509657713144742134547949967093643458458133445357169845406,0.134,2026-05-11 01:00:04+00:00
1778461204,San Antonio Spurs,102227184035967850089766981958743064457339118173548431660886438726896222843254,0.176,2026-05-11 01:00:04+00:00
1778461205,Detroit Pistons,59742411602053785892348440048778056320272639465974092140970920277782290781360,0.0535,2026-05-11 01:00:05+00:00
1778461205,Minnesota Timberwolves,5771676627182954113677164857547228277089396639521594262964034606220001939923,0.0255,2026-05-11 01:00:05+00:00
1778461205,Oklahoma City Thunder,49500299856831034491021962156746701298730459370557900271970866855042624695770,0.605,2026-05-11 01:00:05+00:00
1778461205,Philadelphia 76ers,5644679982684846699855787022092402984369447277920326773883608030240292167917,0.0005,2026-05-11 01:00:05+00:00
1778464819,San Antonio Spurs,102227184035967850089766981958743064457339118173548431660886438726896222843254,0.204,2026-05-11 02:00:19+00:00
1778464820,Cleveland Cavaliers,21929863894047830651599085392978377118642353711084157807549430066031384497667,0.0195,2026-05-11 02:00:20+00:00
1778464820,Los Angeles Lakers,86297520870744792204751483474339201341298076835836561764334428915355504860913,0.0015,2026-05-11 02:00:20+00:00
1778464820,New York Knicks,20257190540739490630509657713144742134547949967093643458458133445357169845406,0.128,2026-05-11 02:00:20+00:00
1778464821,Detroit Pistons,59742411602053785892348440048778056320272639465974092140970920277782290781360,0.0535,2026-05-11 02:00:21+00:00
1778464821,Minnesota Timberwolves,5771676627182954113677164857547228277089396639521594262964034606220001939923,0.0135,2026-05-11 02:00:21+00:00
1778464821,Oklahoma City Thunder,49500299856831034491021962156746701298730459370557900271970866855042624695770,0.605,2026-05-11 02:00:21+00:00
1778464821,Philadelphia 76ers,5644679982684846699855787022092402984369447277920326773883608030240292167917,0.0005,2026-05-11 02:00:21+00:00
1778468404,San Antonio Spurs,102227184035967850089766981958743064457339118173548431660886438726896222843254,0.166,2026-05-11 03:00:04+00:00
1778468406,New York Knicks,20257190540739490630509657713144742134547949967093643458458133445357169845406,0.1295,2026-05-11 03:00:06+00:00
1778468407,Cleveland Cavaliers,21929863894047830651599085392978377118642353711084157807549430066031384497667,0.0195,2026-05-11 03:00:07+00:00
1778468407,Los Angeles Lakers,86297520870744792204751483474339201341298076835836561764334428915355504860913,0.0015,2026-05-11 03:00:07+00:00
1778468408,Detroit Pistons,59742411602053785892348440048778056320272639465974092140970920277782290781360,0.0535,2026-05-11 03:00:08+00:00
1778468408,Minnesota Timberwolves,5771676627182954113677164857547228277089396639521594262964034606220001939923,0.0215,2026-05-11 03:00:08+00:00
1778468408,Oklahoma City Thunder,49500299856831034491021962156746701298730459370557900271970866855042624695770,0.615,2026-05-11 03:00:08+00:00
1778468408,Philadelphia 76ers,5644679982684846699855787022092402984369447277920326773883608030240292167917,0.0005,2026-05-11 03:00:08+00:00
1778472005,New York Knicks,20257190540739490630509657713144742134547949967093643458458133445357169845406,0.128,2026-05-11 04:00:05+00:00
1778472005,San Antonio Spurs,102227184035967850089766981958743064457339118173548431660886438726896222843254,0.1685,2026-05-11 04:00:05+00:00
1778472006,Cleveland Cavaliers,21929863894047830651599085392978377118642353711084157807549430066031384497667,0.02,2026-05-11 04:00:06+00:00
1778472006,Detroit Pistons,59742411602053785892348440048778056320272639465974092140970920277782290781360,0.0535,2026-05-11 04:00:06+00:00
1778472006,Los Angeles Lakers,86297520870744792204751483474339201341298076835836561764334428915355504860913,0.0025,2026-05-11 04:00:06+00:00
1778472006,Minnesota Timberwolves,5771676627182954113677164857547228277089396639521594262964034606220001939923,0.0175,2026-05-11 04:00:06+00:00
1778472006,Oklahoma City Thunder,49500299856831034491021962156746701298730459370557900271970866855042624695770,0.615,2026-05-11 04:00:06+00:00
1778472006,Philadelphia 76ers,5644679982684846699855787022092402984369447277920326773883608030240292167917,0.0005,2026-05-11 04:00:06+00:00
1778475605,San Antonio Spurs,102227184035967850089766981958743064457339118173548431660886438726896222843254,0.173,2026-05-11 05:00:05+00:00
1778475606,Cleveland Cavaliers,21929863894047830651599085392978377118642353711084157807549430066031384497667,0.0195,2026-05-11 05:00:06+00:00
1778475606,Los Angeles Lakers,86297520870744792204751483474339201341298076835836561764334428915355504860913,0.0025,2026-05-11 05:00:06+00:00
1778475606,New York Knicks,20257190540739490630509657713144742134547949967093643458458133445357169845406,0.1235,2026-05-11 05:00:06+00:00
1778475607,Detroit Pistons,59742411602053785892348440048778056320272639465974092140970920277782290781360,0.0535,2026-05-11 05:00:07+00:00
1778475607,Minnesota Timberwolves,5771676627182954113677164857547228277089396639521594262964034606220001939923,0.025,2026-05-11 05:00:07+00:00
1778475607,Oklahoma City Thunder,49500299856831034491021962156746701298730459370557900271970866855042624695770,0.625,2026-05-11 05:00:07+00:00
1778479205,San Antonio Spurs,102227184035967850089766981958743064457339118173548431660886438726896222843254,0.172,2026-05-11 06:00:05+00:00
1778479207,New York Knicks,20257190540739490630509657713144742134547949967093643458458133445357169845406,0.123,2026-05-11 06:00:07+00:00
1778479208,Cleveland Cavaliers,21929863894047830651599085392978377118642353711084157807549430066031384497667,0.0195,2026-05-11 06:00:08+00:00
1778479208,Los Angeles Lakers,86297520870744792204751483474339201341298076835836561764334428915355504860913,0.0015,2026-05-11 06:00:08+00:00
1778479209,Detroit Pistons,59742411602053785892348440048778056320272639465974092140970920277782290781360,0.0525,2026-05-11 06:00:09+00:00
1778479209,Minnesota Timberwolves,5771676627182954113677164857547228277089396639521594262964034606220001939923,0.024,2026-05-11 06:00:09+00:00
1778479209,Oklahoma City Thunder,49500299856831034491021962156746701298730459370557900271970866855042624695770,0.625,2026-05-11 06:00:09+00:00
1778482818,San Antonio Spurs,102227184035967850089766981958743064457339118173548431660886438726896222843254,0.1655,2026-05-11 07:00:18+00:00
1778482819,Cleveland Cavaliers,21929863894047830651599085392978377118642353711084157807549430066031384497667,0.0195,2026-05-11 07:00:19+00:00
1778482819,Los Angeles Lakers,86297520870744792204751483474339201341298076835836561764334428915355504860913,0.0015,2026-05-11 07:00:19+00:00
1778482819,New York Knicks,20257190540739490630509657713144742134547949967093643458458133445357169845406,0.1225,2026-05-11 07:00:19+00:00
1778482820,Detroit Pistons,59742411602053785892348440048778056320272639465974092140970920277782290781360,0.0525,2026-05-11 07:00:20+00:00
1778482820,Minnesota Timberwolves,5771676627182954113677164857547228277089396639521594262964034606220001939923,0.0225,2026-05-11 07:00:20+00:00
1778482820,Oklahoma City Thunder,49500299856831034491021962156746701298730459370557900271970866855042624695770,0.625,2026-05-11 07:00:20+00:00
1778486404,San Antonio Spurs,102227184035967850089766981958743064457339118173548431660886438726896222843254,0.1655,2026-05-11 08:00:04+00:00
1778486405,Cleveland Cavaliers,21929863894047830651599085392978377118642353711084157807549430066031384497667,0.0205,2026-05-11 08:00:05+00:00
1778486405,Los Angeles Lakers,86297520870744792204751483474339201341298076835836561764334428915355504860913,0.0015,2026-05-11 08:00:05+00:00
1778486405,New York Knicks,20257190540739490630509657713144742134547949967093643458458133445357169845406,0.1225,2026-05-11 08:00:05+00:00
1778486406,Detroit Pistons,59742411602053785892348440048778056320272639465974092140970920277782290781360,0.0525,2026-05-11 08:00:06+00:00
1778486406,Minnesota Timberwolves,5771676627182954113677164857547228277089396639521594262964034606220001939923,0.0215,2026-05-11 08:00:06+00:00
1778486406,Oklahoma City Thunder,49500299856831034491021962156746701298730459370557900271970866855042624695770,0.625,2026-05-11 08:00:06+00:00
1778490006,San Antonio Spurs,102227184035967850089766981958743064457339118173548431660886438726896222843254,0.1655,2026-05-11 09:00:06+00:00
1778490008,New York Knicks,20257190540739490630509657713144742134547949967093643458458133445357169845406,0.1215,2026-05-11 09:00:08+00:00
1778490009,Cleveland Cavaliers,21929863894047830651599085392978377118642353711084157807549430066031384497667,0.0195,2026-05-11 09:00:09+00:00
1778490009,Los Angeles Lakers,86297520870744792204751483474339201341298076835836561764334428915355504860913,0.0025,2026-05-11 09:00:09+00:00
1778490010,Detroit Pistons,59742411602053785892348440048778056320272639465974092140970920277782290781360,0.0525,2026-05-11 09:00:10+00:00
1778490010,Minnesota Timberwolves,5771676627182954113677164857547228277089396639521594262964034606220001939923,0.0215,2026-05-11 09:00:10+00:00
1778490010,Oklahoma City Thunder,49500299856831034491021962156746701298730459370557900271970866855042624695770,0.625,2026-05-11 09:00:10+00:00
1778493604,New York Knicks,20257190540739490630509657713144742134547949967093643458458133445357169845406,0.1245,2026-05-11 10:00:04+00:00
1778493604,San Antonio Spurs,102227184035967850089766981958743064457339118173548431660886438726896222843254,0.1675,2026-05-11 10:00:04+00:00
1778493605,Cleveland Cavaliers,21929863894047830651599085392978377118642353711084157807549430066031384497667,0.0185,2026-05-11 10:00:05+00:00
1778493605,Los Angeles Lakers,86297520870744792204751483474339201341298076835836561764334428915355504860913,0.0015,2026-05-11 10:00:05+00:00
1778493606,Detroit Pistons,59742411602053785892348440048778056320272639465974092140970920277782290781360,0.0525,2026-05-11 10:00:06+00:00
1778493606,Minnesota Timberwolves,5771676627182954113677164857547228277089396639521594262964034606220001939923,0.0205,2026-05-11 10:00:06+00:00
1778493606,Oklahoma City Thunder,49500299856831034491021962156746701298730459370557900271970866855042624695770,0.625,2026-05-11 10:00:06+00:00
1778497215,San Antonio Spurs,102227184035967850089766981958743064457339118173548431660886438726896222843254,0.168,2026-05-11 11:00:15+00:00
1778497216,Cleveland Cavaliers,21929863894047830651599085392978377118642353711084157807549430066031384497667,0.0185,2026-05-11 11:00:16+00:00
1778497216,Los Angeles Lakers,86297520870744792204751483474339201341298076835836561764334428915355504860913,0.0015,2026-05-11 11:00:16+00:00
1778497216,New York Knicks,20257190540739490630509657713144742134547949967093643458458133445357169845406,0.125,2026-05-11 11:00:16+00:00
1778497216,Oklahoma City Thunder,49500299856831034491021962156746701298730459370557900271970866855042624695770,0.625,2026-05-11 11:00:16+00:00
1778497217,Detroit Pistons,59742411602053785892348440048778056320272639465974092140970920277782290781360,0.0525,2026-05-11 11:00:17+00:00
1778497217,Minnesota Timberwolves,5771676627182954113677164857547228277089396639521594262964034606220001939923,0.0225,2026-05-11 11:00:17+00:00
1778500806,San Antonio Spurs,102227184035967850089766981958743064457339118173548431660886438726896222843254,0.1655,2026-05-11 12:00:06+00:00
1778500810,New York Knicks,20257190540739490630509657713144742134547949967093643458458133445357169845406,0.1255,2026-05-11 12:00:10+00:00
1778500811,Cleveland Cavaliers,21929863894047830651599085392978377118642353711084157807549430066031384497667,0.0185,2026-05-11 12:00:11+00:00
1778500811,Los Angeles Lakers,86297520870744792204751483474339201341298076835836561764334428915355504860913,0.0015,2026-05-11 12:00:11+00:00
1778500813,Detroit Pistons,59742411602053785892348440048778056320272639465974092140970920277782290781360,0.0525,2026-05-11 12:00:13+00:00
1778500813,Minnesota Timberwolves,5771676627182954113677164857547228277089396639521594262964034606220001939923,0.0225,2026-05-11 12:00:13+00:00
1778500813,Oklahoma City Thunder,49500299856831034491021962156746701298730459370557900271970866855042624695770,0.625,2026-05-11 12:00:13+00:00
1778504407,San Antonio Spurs,102227184035967850089766981958743064457339118173548431660886438726896222843254,0.1655,2026-05-11 13:00:07+00:00
1778504408,New York Knicks,20257190540739490630509657713144742134547949967093643458458133445357169845406,0.1255,2026-05-11 13:00:08+00:00
1778504409,Cleveland Cavaliers,21929863894047830651599085392978377118642353711084157807549430066031384497667,0.0185,2026-05-11 13:00:09+00:00
1778504409,Los Angeles Lakers,86297520870744792204751483474339201341298076835836561764334428915355504860913,0.0025,2026-05-11 13:00:09+00:00
1778504409,Oklahoma City Thunder,49500299856831034491021962156746701298730459370557900271970866855042624695770,0.625,2026-05-11 13:00:09+00:00
1778504410,Detroit Pistons,59742411602053785892348440048778056320272639465974092140970920277782290781360,0.0525,2026-05-11 13:00:10+00:00
1778504410,Minnesota Timberwolves,5771676627182954113677164857547228277089396639521594262964034606220001939923,0.0205,2026-05-11 13:00:10+00:00
1778508004,San Antonio Spurs,102227184035967850089766981958743064457339118173548431660886438726896222843254,0.1685,2026-05-11 14:00:04+00:00
1778508005,New York Knicks,20257190540739490630509657713144742134547949967093643458458133445357169845406,0.1265,2026-05-11 14:00:05+00:00
1778508006,Cleveland Cavaliers,21929863894047830651599085392978377118642353711084157807549430066031384497667,0.0185,2026-05-11 14:00:06+00:00
1778508006,Los Angeles Lakers,86297520870744792204751483474339201341298076835836561764334428915355504860913,0.0025,2026-05-11 14:00:06+00:00
1778508006,Oklahoma City Thunder,49500299856831034491021962156746701298730459370557900271970866855042624695770,0.625,2026-05-11 14:00:06+00:00
1778508007,Detroit Pistons,59742411602053785892348440048778056320272639465974092140970920277782290781360,0.0485,2026-05-11 14:00:07+00:00
1778508007,Minnesota Timberwolves,5771676627182954113677164857547228277089396639521594262964034606220001939923,0.0205,2026-05-11 14:00:07+00:00
1778511607,San Antonio Spurs,102227184035967850089766981958743064457339118173548431660886438726896222843254,0.1685,2026-05-11 15:00:07+00:00
1778511613,New York Knicks,20257190540739490630509657713144742134547949967093643458458133445357169845406,0.1235,2026-05-11 15:00:13+00:00
1778511617,Cleveland Cavaliers,21929863894047830651599085392978377118642353711084157807549430066031384497667,0.0185,2026-05-11 15:00:17+00:00
1778511617,Los Angeles Lakers,86297520870744792204751483474339201341298076835836561764334428915355504860913,0.0025,2026-05-11 15:00:17+00:00
1778511625,Minnesota Timberwolves,5771676627182954113677164857547228277089396639521594262964034606220001939923,0.0205,2026-05-11 15:00:25+00:00
1778511625,Oklahoma City Thunder,49500299856831034491021962156746701298730459370557900271970866855042624695770,0.625,2026-05-11 15:00:25+00:00
1778511626,Detroit Pistons,59742411602053785892348440048778056320272639465974092140970920277782290781360,0.0475,2026-05-11 15:00:26+00:00
1778515204,San Antonio Spurs,102227184035967850089766981958743064457339118173548431660886438726896222843254,0.1685,2026-05-11 16:00:04+00:00
1778515206,Cleveland Cavaliers,21929863894047830651599085392978377118642353711084157807549430066031384497667,0.0195,2026-05-11 16:00:06+00:00
1778515206,Los Angeles Lakers,86297520870744792204751483474339201341298076835836561764334428915355504860913,0.0025,2026-05-11 16:00:06+00:00
1778515206,New York Knicks,20257190540739490630509657713144742134547949967093643458458133445357169845406,0.1225,2026-05-11 16:00:06+00:00
1778515207,Detroit Pistons,59742411602053785892348440048778056320272639465974092140970920277782290781360,0.0475,2026-05-11 16:00:07+00:00
1778515207,Minnesota Timberwolves,5771676627182954113677164857547228277089396639521594262964034606220001939923,0.0205,2026-05-11 16:00:07+00:00
1778515207,Oklahoma City Thunder,49500299856831034491021962156746701298730459370557900271970866855042624695770,0.625,2026-05-11 16:00:07+00:00
1778518805,San Antonio Spurs,102227184035967850089766981958743064457339118173548431660886438726896222843254,0.1685,2026-05-11 17:00:05+00:00
1778518809,New York Knicks,20257190540739490630509657713144742134547949967093643458458133445357169845406,0.1235,2026-05-11 17:00:09+00:00
1778518815,Cleveland Cavaliers,21929863894047830651599085392978377118642353711084157807549430066031384497667,0.0195,2026-05-11 17:00:15+00:00
1778518817,Los Angeles Lakers,86297520870744792204751483474339201341298076835836561764334428915355504860913,0.0025,2026-05-11 17:00:17+00:00
1778518826,Detroit Pistons,59742411602053785892348440048778056320272639465974092140970920277782290781360,0.0475,2026-05-11 17:00:26+00:00
1778518826,Minnesota Timberwolves,5771676627182954113677164857547228277089396639521594262964034606220001939923,0.0185,2026-05-11 17:00:26+00:00
1778518826,Oklahoma City Thunder,49500299856831034491021962156746701298730459370557900271970866855042624695770,0.625,2026-05-11 17:00:26+00:00
1778522407,San Antonio Spurs,102227184035967850089766981958743064457339118173548431660886438726896222843254,0.169,2026-05-11 18:00:07+00:00
1778522411,New York Knicks,20257190540739490630509657713144742134547949967093643458458133445357169845406,0.1245,2026-05-11 18:00:11+00:00
1778522414,Cleveland Cavaliers,21929863894047830651599085392978377118642353711084157807549430066031384497667,0.0195,2026-05-11 18:00:14+00:00
1778522414,Los Angeles Lakers,86297520870744792204751483474339201341298076835836561764334428915355504860913,0.0025,2026-05-11 18:00:14+00:00
1778522423,Minnesota Timberwolves,5771676627182954113677164857547228277089396639521594262964034606220001939923,0.0155,2026-05-11 18:00:23+00:00
1778522423,Oklahoma City Thunder,49500299856831034491021962156746701298730459370557900271970866855042624695770,0.625,2026-05-11 18:00:23+00:00
1778522425,Detroit Pistons,59742411602053785892348440048778056320272639465974092140970920277782290781360,0.0455,2026-05-11 18:00:25+00:00
1778526006,San Antonio Spurs,102227184035967850089766981958743064457339118173548431660886438726896222843254,0.1755,2026-05-11 19:00:06+00:00
1778526009,New York Knicks,20257190540739490630509657713144742134547949967093643458458133445357169845406,0.1255,2026-05-11 19:00:09+00:00
1778526011,Cleveland Cavaliers,21929863894047830651599085392978377118642353711084157807549430066031384497667,0.0195,2026-05-11 19:00:11+00:00
1778526011,Los Angeles Lakers,86297520870744792204751483474339201341298076835836561764334428915355504860913,0.0025,2026-05-11 19:00:11+00:00
1778526012,Minnesota Timberwolves,5771676627182954113677164857547228277089396639521594262964034606220001939923,0.0185,2026-05-11 19:00:12+00:00
1778526012,Oklahoma City Thunder,49500299856831034491021962156746701298730459370557900271970866855042624695770,0.625,2026-05-11 19:00:12+00:00
1778526013,Detroit Pistons,59742411602053785892348440048778056320272639465974092140970920277782290781360,0.0465,2026-05-11 19:00:13+00:00
1778529604,San Antonio Spurs,102227184035967850089766981958743064457339118173548431660886438726896222843254,0.1755,2026-05-11 20:00:04+00:00
1778529607,New York Knicks,20257190540739490630509657713144742134547949967093643458458133445357169845406,0.1265,2026-05-11 20:00:07+00:00
1778529608,Cleveland Cavaliers,21929863894047830651599085392978377118642353711084157807549430066031384497667,0.0195,2026-05-11 20:00:08+00:00
1778529608,Los Angeles Lakers,86297520870744792204751483474339201341298076835836561764334428915355504860913,0.0025,2026-05-11 20:00:08+00:00
1778529610,Minnesota Timberwolves,5771676627182954113677164857547228277089396639521594262964034606220001939923,0.0175,2026-05-11 20:00:10+00:00
1778529610,Oklahoma City Thunder,49500299856831034491021962156746701298730459370557900271970866855042624695770,0.625,2026-05-11 20:00:10+00:00
1778529611,Detroit Pistons,59742411602053785892348440048778056320272639465974092140970920277782290781360,0.0465,2026-05-11 20:00:11+00:00
1778533204,San Antonio Spurs,102227184035967850089766981958743064457339118173548431660886438726896222843254,0.1745,2026-05-11 21:00:04+00:00
1778533208,New York Knicks,20257190540739490630509657713144742134547949967093643458458133445357169845406,0.1265,2026-05-11 21:00:08+00:00
1778533211,Cleveland Cavaliers,21929863894047830651599085392978377118642353711084157807549430066031384497667,0.0195,2026-05-11 21:00:11+00:00
1778533212,Los Angeles Lakers,86297520870744792204751483474339201341298076835836561764334428915355504860913,0.0025,2026-05-11 21:00:12+00:00
1778533219,Minnesota Timberwolves,5771676627182954113677164857547228277089396639521594262964034606220001939923,0.0185,2026-05-11 21:00:19+00:00
1778533219,Oklahoma City Thunder,49500299856831034491021962156746701298730459370557900271970866855042624695770,0.625,2026-05-11 21:00:19+00:00
1778533220,Detroit Pistons,59742411602053785892348440048778056320272639465974092140970920277782290781360,0.0465,2026-05-11 21:00:20+00:00
1778536804,San Antonio Spurs,102227184035967850089766981958743064457339118173548431660886438726896222843254,0.1755,2026-05-11 22:00:04+00:00
1778536808,New York Knicks,20257190540739490630509657713144742134547949967093643458458133445357169845406,0.1265,2026-05-11 22:00:08+00:00
1778536811,Cleveland Cavaliers,21929863894047830651599085392978377118642353711084157807549430066031384497667,0.0195,2026-05-11 22:00:11+00:00
1778536812,Los Angeles Lakers,86297520870744792204751483474339201341298076835836561764334428915355504860913,0.0015,2026-05-11 22:00:12+00:00
1778536814,Detroit Pistons,59742411602053785892348440048778056320272639465974092140970920277782290781360,0.0465,2026-05-11 22:00:14+00:00
1778536814,Minnesota Timberwolves,5771676627182954113677164857547228277089396639521594262964034606220001939923,0.0185,2026-05-11 22:00:14+00:00
1778536814,Oklahoma City Thunder,49500299856831034491021962156746701298730459370557900271970866855042624695770,0.625,2026-05-11 22:00:14+00:00
1778540405,San Antonio Spurs,102227184035967850089766981958743064457339118173548431660886438726896222843254,0.1755,2026-05-11 23:00:05+00:00
1778540407,New York Knicks,20257190540739490630509657713144742134547949967093643458458133445357169845406,0.1255,2026-05-11 23:00:07+00:00
1778540408,Cleveland Cavaliers,21929863894047830651599085392978377118642353711084157807549430066031384497667,0.0195,2026-05-11 23:00:08+00:00
1778540408,Los Angeles Lakers,86297520870744792204751483474339201341298076835836561764334428915355504860913,0.0015,2026-05-11 23:00:08+00:00
1778540413,Detroit Pistons,59742411602053785892348440048778056320272639465974092140970920277782290781360,0.0465,2026-05-11 23:00:13+00:00
1778540413,Minnesota Timberwolves,5771676627182954113677164857547228277089396639521594262964034606220001939923,0.0175,2026-05-11 23:00:13+00:00
1778540413,Oklahoma City Thunder,49500299856831034491021962156746701298730459370557900271970866855042624695770,0.625,2026-05-11 23:00:13+00:00
1778544004,San Antonio Spurs,102227184035967850089766981958743064457339118173548431660886438726896222843254,0.1755,2026-05-12 00:00:04+00:00
1778544010,New York Knicks,20257190540739490630509657713144742134547949967093643458458133445357169845406,0.1285,2026-05-12 00:00:10+00:00
1778544013,Cleveland Cavaliers,21929863894047830651599085392978377118642353711084157807549430066031384497667,0.0195,2026-05-12 00:00:13+00:00
1778544013,Los Angeles Lakers,86297520870744792204751483474339201341298076835836561764334428915355504860913,0.0015,2026-05-12 00:00:13+00:00
1778544018,Minnesota Timberwolves,5771676627182954113677164857547228277089396639521594262964034606220001939923,0.0175,2026-05-12 00:00:18+00:00
1778544018,Oklahoma City Thunder,49500299856831034491021962156746701298730459370557900271970866855042624695770,0.625,2026-05-12 00:00:18+00:00
1778544019,Detroit Pistons,59742411602053785892348440048778056320272639465974092140970920277782290781360,0.0465,2026-05-12 00:00:19+00:00
1778547605,San Antonio Spurs,102227184035967850089766981958743064457339118173548431660886438726896222843254,0.1755,2026-05-12 01:00:05+00:00
1778547606,Cleveland Cavaliers,21929863894047830651599085392978377118642353711084157807549430066031384497667,0.0185,2026-05-12 01:00:06+00:00
1778547606,Los Angeles Lakers,86297520870744792204751483474339201341298076835836561764334428915355504860913,0.0015,2026-05-12 01:00:06+00:00
1778547606,New York Knicks,20257190540739490630509657713144742134547949967093643458458133445357169845406,0.1345,2026-05-12 01:00:06+00:00
1778547607,Detroit Pistons,59742411602053785892348440048778056320272639465974092140970920277782290781360,0.0465,2026-05-12 01:00:07+00:00
1778547607,Minnesota Timberwolves,5771676627182954113677164857547228277089396639521594262964034606220001939923,0.0175,2026-05-12 01:00:07+00:00
1778547607,Oklahoma City Thunder,49500299856831034491021962156746701298730459370557900271970866855042624695770,0.625,2026-05-12 01:00:07+00:00
1778551204,San Antonio Spurs,102227184035967850089766981958743064457339118173548431660886438726896222843254,0.1755,2026-05-12 02:00:04+00:00
1778551206,New York Knicks,20257190540739490630509657713144742134547949967093643458458133445357169845406,0.1315,2026-05-12 02:00:06+00:00
1778551207,Cleveland Cavaliers,21929863894047830651599085392978377118642353711084157807549430066031384497667,0.0255,2026-05-12 02:00:07+00:00
1778551207,Los Angeles Lakers,86297520870744792204751483474339201341298076835836561764334428915355504860913,0.0015,2026-05-12 02:00:07+00:00
1778551208,Detroit Pistons,59742411602053785892348440048778056320272639465974092140970920277782290781360,0.0385,2026-05-12 02:00:08+00:00
1778551208,Minnesota Timberwolves,5771676627182954113677164857547228277089396639521594262964034606220001939923,0.0175,2026-05-12 02:00:08+00:00
1778551208,Oklahoma City Thunder,49500299856831034491021962156746701298730459370557900271970866855042624695770,0.625,2026-05-12 02:00:08+00:00
1778554805,San Antonio Spurs,102227184035967850089766981958743064457339118173548431660886438726896222843254,0.1785,2026-05-12 03:00:05+00:00
1778554809,New York Knicks,20257190540739490630509657713144742134547949967093643458458133445357169845406,0.1385,2026-05-12 03:00:09+00:00
1778554811,Cleveland Cavaliers,21929863894047830651599085392978377118642353711084157807549430066031384497667,0.027,2026-05-12 03:00:11+00:00
1778554811,Los Angeles Lakers,86297520870744792204751483474339201341298076835836561764334428915355504860913,0.0015,2026-05-12 03:00:11+00:00
1778554813,Detroit Pistons,59742411602053785892348440048778056320272639465974092140970920277782290781360,0.0315,2026-05-12 03:00:13+00:00
1778554813,Minnesota Timberwolves,5771676627182954113677164857547228277089396639521594262964034606220001939923,0.0175,2026-05-12 03:00:13+00:00
1778554813,Oklahoma City Thunder,49500299856831034491021962156746701298730459370557900271970866855042624695770,0.625,2026-05-12 03:00:13+00:00
1778558405,San Antonio Spurs,102227184035967850089766981958743064457339118173548431660886438726896222843254,0.178,2026-05-12 04:00:05+00:00
1778558406,Cleveland Cavaliers,21929863894047830651599085392978377118642353711084157807549430066031384497667,0.0275,2026-05-12 04:00:06+00:00
1778558406,Los Angeles Lakers,86297520870744792204751483474339201341298076835836561764334428915355504860913,0.0005,2026-05-12 04:00:06+00:00
1778558406,New York Knicks,20257190540739490630509657713144742134547949967093643458458133445357169845406,0.1385,2026-05-12 04:00:06+00:00
1778558407,Detroit Pistons,59742411602053785892348440048778056320272639465974092140970920277782290781360,0.0295,2026-05-12 04:00:07+00:00
1778558407,Minnesota Timberwolves,5771676627182954113677164857547228277089396639521594262964034606220001939923,0.0185,2026-05-12 04:00:07+00:00
1778558407,Oklahoma City Thunder,49500299856831034491021962156746701298730459370557900271970866855042624695770,0.625,2026-05-12 04:00:07+00:00
1778562007,San Antonio Spurs,102227184035967850089766981958743064457339118173548431660886438726896222843254,0.1775,2026-05-12 05:00:07+00:00
1778562008,New York Knicks,20257190540739490630509657713144742134547949967093643458458133445357169845406,0.1225,2026-05-12 05:00:08+00:00
1778562009,Cleveland Cavaliers,21929863894047830651599085392978377118642353711084157807549430066031384497667,0.0275,2026-05-12 05:00:09+00:00
1778562009,Los Angeles Lakers,86297520870744792204751483474339201341298076835836561764334428915355504860913,0.0015,2026-05-12 05:00:09+00:00
1778562010,Detroit Pistons,59742411602053785892348440048778056320272639465974092140970920277782290781360,0.0335,2026-05-12 05:00:10+00:00
1778562010,Minnesota Timberwolves,5771676627182954113677164857547228277089396639521594262964034606220001939923,0.0175,2026-05-12 05:00:10+00:00
1778562010,Oklahoma City Thunder,49500299856831034491021962156746701298730459370557900271970866855042624695770,0.625,2026-05-12 05:00:10+00:00
1778565606,San Antonio Spurs,102227184035967850089766981958743064457339118173548431660886438726896222843254,0.176,2026-05-12 06:00:06+00:00
1778565609,New York Knicks,20257190540739490630509657713144742134547949967093643458458133445357169845406,0.1415,2026-05-12 06:00:09+00:00
1778565611,Cleveland Cavaliers,21929863894047830651599085392978377118642353711084157807549430066031384497667,0.0265,2026-05-12 06:00:11+00:00
1778565611,Los Angeles Lakers,86297520870744792204751483474339201341298076835836561764334428915355504860913,0.0005,2026-05-12 06:00:11+00:00
1778565613,Oklahoma City Thunder,49500299856831034491021962156746701298730459370557900271970866855042624695770,0.625,2026-05-12 06:00:13+00:00
1778565614,Detroit Pistons,59742411602053785892348440048778056320272639465974092140970920277782290781360,0.033,2026-05-12 06:00:14+00:00
1778565614,Minnesota Timberwolves,5771676627182954113677164857547228277089396639521594262964034606220001939923,0.0175,2026-05-12 06:00:14+00:00
1778569215,San Antonio Spurs,102227184035967850089766981958743064457339118173548431660886438726896222843254,0.1765,2026-05-12 07:00:15+00:00
1778569216,Cleveland Cavaliers,21929863894047830651599085392978377118642353711084157807549430066031384497667,0.0255,2026-05-12 07:00:16+00:00
1778569216,Los Angeles Lakers,86297520870744792204751483474339201341298076835836561764334428915355504860913,0.0005,2026-05-12 07:00:16+00:00
1778569216,New York Knicks,20257190540739490630509657713144742134547949967093643458458133445357169845406,0.1405,2026-05-12 07:00:16+00:00
1778569218,Detroit Pistons,59742411602053785892348440048778056320272639465974092140970920277782290781360,0.034,2026-05-12 07:00:18+00:00
1778569218,Minnesota Timberwolves,5771676627182954113677164857547228277089396639521594262964034606220001939923,0.0165,2026-05-12 07:00:18+00:00
1778569218,Oklahoma City Thunder,49500299856831034491021962156746701298730459370557900271970866855042624695770,0.625,2026-05-12 07:00:18+00:00
1778572806,San Antonio Spurs,102227184035967850089766981958743064457339118173548431660886438726896222843254,0.1775,2026-05-12 08:00:06+00:00
1778572808,New York Knicks,20257190540739490630509657713144742134547949967093643458458133445357169845406,0.1385,2026-05-12 08:00:08+00:00
1778572809,Cleveland Cavaliers,21929863894047830651599085392978377118642353711084157807549430066031384497667,0.0265,2026-05-12 08:00:09+00:00
1778572809,Los Angeles Lakers,86297520870744792204751483474339201341298076835836561764334428915355504860913,0.0005,2026-05-12 08:00:09+00:00
1778572811,Detroit Pistons,59742411602053785892348440048778056320272639465974092140970920277782290781360,0.0355,2026-05-12 08:00:11+00:00
1778572811,Minnesota Timberwolves,5771676627182954113677164857547228277089396639521594262964034606220001939923,0.016,2026-05-12 08:00:11+00:00
1778572811,Oklahoma City Thunder,49500299856831034491021962156746701298730459370557900271970866855042624695770,0.625,2026-05-12 08:00:11+00:00
1778576406,San Antonio Spurs,102227184035967850089766981958743064457339118173548431660886438726896222843254,0.1765,2026-05-12 09:00:06+00:00
1778576409,New York Knicks,20257190540739490630509657713144742134547949967093643458458133445357169845406,0.1335,2026-05-12 09:00:09+00:00
1778576410,Cleveland Cavaliers,21929863894047830651599085392978377118642353711084157807549430066031384497667,0.0255,2026-05-12 09:00:10+00:00
1778576412,Detroit Pistons,59742411602053785892348440048778056320272639465974092140970920277782290781360,0.0345,2026-05-12 09:00:12+00:00
1778576412,Minnesota Timberwolves,5771676627182954113677164857547228277089396639521594262964034606220001939923,0.016,2026-05-12 09:00:12+00:00
1778576412,Oklahoma City Thunder,49500299856831034491021962156746701298730459370557900271970866855042624695770,0.625,2026-05-12 09:00:12+00:00
1778580004,New York Knicks,20257190540739490630509657713144742134547949967093643458458133445357169845406,0.135,2026-05-12 10:00:04+00:00
1778580004,San Antonio Spurs,102227184035967850089766981958743064457339118173548431660886438726896222843254,0.1765,2026-05-12 10:00:04+00:00
1778580005,Cleveland Cavaliers,21929863894047830651599085392978377118642353711084157807549430066031384497667,0.0255,2026-05-12 10:00:05+00:00
1778580006,Detroit Pistons,59742411602053785892348440048778056320272639465974092140970920277782290781360,0.0355,2026-05-12 10:00:06+00:00
1778580006,Minnesota Timberwolves,5771676627182954113677164857547228277089396639521594262964034606220001939923,0.0155,2026-05-12 10:00:06+00:00
1778580006,Oklahoma City Thunder,49500299856831034491021962156746701298730459370557900271970866855042624695770,0.625,2026-05-12 10:00:06+00:00
1778583605,San Antonio Spurs,102227184035967850089766981958743064457339118173548431660886438726896222843254,0.1765,2026-05-12 11:00:05+00:00
1778583606,New York Knicks,20257190540739490630509657713144742134547949967093643458458133445357169845406,0.1355,2026-05-12 11:00:06+00:00
1778583607,Cleveland Cavaliers,21929863894047830651599085392978377118642353711084157807549430066031384497667,0.0255,2026-05-12 11:00:07+00:00
1778583608,Detroit Pistons,59742411602053785892348440048778056320272639465974092140970920277782290781360,0.0355,2026-05-12 11:00:08+00:00
1778583608,Minnesota Timberwolves,5771676627182954113677164857547228277089396639521594262964034606220001939923,0.0165,2026-05-12 11:00:08+00:00
1778583608,Oklahoma City Thunder,49500299856831034491021962156746701298730459370557900271970866855042624695770,0.625,2026-05-12 11:00:08+00:00
1778587205,San Antonio Spurs,102227184035967850089766981958743064457339118173548431660886438726896222843254,0.1765,2026-05-12 12:00:05+00:00
1778587208,New York Knicks,20257190540739490630509657713144742134547949967093643458458133445357169845406,0.1355,2026-05-12 12:00:08+00:00
1778587210,Cleveland Cavaliers,21929863894047830651599085392978377118642353711084157807549430066031384497667,0.0255,2026-05-12 12:00:10+00:00
1778587213,Detroit Pistons,59742411602053785892348440048778056320272639465974092140970920277782290781360,0.0345,2026-05-12 12:00:13+00:00
1778587213,Minnesota Timberwolves,5771676627182954113677164857547228277089396639521594262964034606220001939923,0.0165,2026-05-12 12:00:13+00:00
1778587213,Oklahoma City Thunder,49500299856831034491021962156746701298730459370557900271970866855042624695770,0.625,2026-05-12 12:00:13+00:00
1778590805,San Antonio Spurs,102227184035967850089766981958743064457339118173548431660886438726896222843254,0.176,2026-05-12 13:00:05+00:00
1778590806,New York Knicks,20257190540739490630509657713144742134547949967093643458458133445357169845406,0.1365,2026-05-12 13:00:06+00:00
1778590807,Cleveland Cavaliers,21929863894047830651599085392978377118642353711084157807549430066031384497667,0.0255,2026-05-12 13:00:07+00:00
1778590808,Detroit Pistons,59742411602053785892348440048778056320272639465974092140970920277782290781360,0.0345,2026-05-12 13:00:08+00:00
1778590808,Minnesota Timberwolves,5771676627182954113677164857547228277089396639521594262964034606220001939923,0.0165,2026-05-12 13:00:08+00:00
1778590808,Oklahoma City Thunder,49500299856831034491021962156746701298730459370557900271970866855042624695770,0.625,2026-05-12 13:00:08+00:00
1778594406,San Antonio Spurs,102227184035967850089766981958743064457339118173548431660886438726896222843254,0.1765,2026-05-12 14:00:06+00:00
1778594407,New York Knicks,20257190540739490630509657713144742134547949967093643458458133445357169845406,0.1375,2026-05-12 14:00:07+00:00
1778594408,Cleveland Cavaliers,21929863894047830651599085392978377118642353711084157807549430066031384497667,0.0265,2026-05-12 14:00:08+00:00
1778594409,Detroit Pistons,59742411602053785892348440048778056320272639465974092140970920277782290781360,0.0345,2026-05-12 14:00:09+00:00
1778594409,Minnesota Timberwolves,5771676627182954113677164857547228277089396639521594262964034606220001939923,0.0155,2026-05-12 14:00:09+00:00
1778594409,Oklahoma City Thunder,49500299856831034491021962156746701298730459370557900271970866855042624695770,0.625,2026-05-12 14:00:09+00:00
1778598006,San Antonio Spurs,102227184035967850089766981958743064457339118173548431660886438726896222843254,0.1765,2026-05-12 15:00:06+00:00
1778598009,New York Knicks,20257190540739490630509657713144742134547949967093643458458133445357169845406,0.1375,2026-05-12 15:00:09+00:00
1778598012,Cleveland Cavaliers,21929863894047830651599085392978377118642353711084157807549430066031384497667,0.0265,2026-05-12 15:00:12+00:00
1778598015,Detroit Pistons,59742411602053785892348440048778056320272639465974092140970920277782290781360,0.0345,2026-05-12 15:00:15+00:00
1778598015,Minnesota Timberwolves,5771676627182954113677164857547228277089396639521594262964034606220001939923,0.0155,2026-05-12 15:00:15+00:00
1778598015,Oklahoma City Thunder,49500299856831034491021962156746701298730459370557900271970866855042624695770,0.625,2026-05-12 15:00:15+00:00
1778601605,San Antonio Spurs,102227184035967850089766981958743064457339118173548431660886438726896222843254,0.1765,2026-05-12 16:00:05+00:00
1778601606,New York Knicks,20257190540739490630509657713144742134547949967093643458458133445357169845406,0.1375,2026-05-12 16:00:06+00:00
1778601607,Cleveland Cavaliers,21929863894047830651599085392978377118642353711084157807549430066031384497667,0.0265,2026-05-12 16:00:07+00:00
1778601608,Detroit Pistons,59742411602053785892348440048778056320272639465974092140970920277782290781360,0.0355,2026-05-12 16:00:08+00:00
1778601608,Minnesota Timberwolves,5771676627182954113677164857547228277089396639521594262964034606220001939923,0.0155,2026-05-12 16:00:08+00:00
1778601608,Oklahoma City Thunder,49500299856831034491021962156746701298730459370557900271970866855042624695770,0.625,2026-05-12 16:00:08+00:00
1778605224,San Antonio Spurs,102227184035967850089766981958743064457339118173548431660886438726896222843254,0.1765,2026-05-12 17:00:24+00:00
1778605228,New York Knicks,20257190540739490630509657713144742134547949967093643458458133445357169845406,0.138,2026-05-12 17:00:28+00:00
1778605230,Cleveland Cavaliers,21929863894047830651599085392978377118642353711084157807549430066031384497667,0.0265,2026-05-12 17:00:30+00:00
1778605233,Oklahoma City Thunder,49500299856831034491021962156746701298730459370557900271970866855042624695770,0.625,2026-05-12 17:00:33+00:00
1778605234,Detroit Pistons,59742411602053785892348440048778056320272639465974092140970920277782290781360,0.0345,2026-05-12 17:00:34+00:00
1778605234,Minnesota Timberwolves,5771676627182954113677164857547228277089396639521594262964034606220001939923,0.0155,2026-05-12 17:00:34+00:00
1778608805,San Antonio Spurs,102227184035967850089766981958743064457339118173548431660886438726896222843254,0.1765,2026-05-12 18:00:05+00:00
1778608808,New York Knicks,20257190540739490630509657713144742134547949967093643458458133445357169845406,0.1375,2026-05-12 18:00:08+00:00
1778608810,Cleveland Cavaliers,21929863894047830651599085392978377118642353711084157807549430066031384497667,0.0265,2026-05-12 18:00:10+00:00
1778608812,Detroit Pistons,59742411602053785892348440048778056320272639465974092140970920277782290781360,0.0375,2026-05-12 18:00:12+00:00
1778608812,Minnesota Timberwolves,5771676627182954113677164857547228277089396639521594262964034606220001939923,0.0185,2026-05-12 18:00:12+00:00
1778608812,Oklahoma City Thunder,49500299856831034491021962156746701298730459370557900271970866855042624695770,0.615,2026-05-12 18:00:12+00:00
1778612408,San Antonio Spurs,102227184035967850089766981958743064457339118173548431660886438726896222843254,0.1765,2026-05-12 19:00:08+00:00
1778612409,New York Knicks,20257190540739490630509657713144742134547949967093643458458133445357169845406,0.1375,2026-05-12 19:00:09+00:00
1778612410,Cleveland Cavaliers,21929863894047830651599085392978377118642353711084157807549430066031384497667,0.0265,2026-05-12 19:00:10+00:00
1778612411,Detroit Pistons,59742411602053785892348440048778056320272639465974092140970920277782290781360,0.0385,2026-05-12 19:00:11+00:00
1778612411,Minnesota Timberwolves,5771676627182954113677164857547228277089396639521594262964034606220001939923,0.0175,2026-05-12 19:00:11+00:00
1778612411,Oklahoma City Thunder,49500299856831034491021962156746701298730459370557900271970866855042624695770,0.615,2026-05-12 19:00:11+00:00
1778616008,San Antonio Spurs,102227184035967850089766981958743064457339118173548431660886438726896222843254,0.1755,2026-05-12 20:00:08+00:00
1778616009,New York Knicks,20257190540739490630509657713144742134547949967093643458458133445357169845406,0.1375,2026-05-12 20:00:09+00:00
1778616010,Cleveland Cavaliers,21929863894047830651599085392978377118642353711084157807549430066031384497667,0.0265,2026-05-12 20:00:10+00:00
1778616013,Detroit Pistons,59742411602053785892348440048778056320272639465974092140970920277782290781360,0.0385,2026-05-12 20:00:13+00:00
1778616013,Minnesota Timberwolves,5771676627182954113677164857547228277089396639521594262964034606220001939923,0.0175,2026-05-12 20:00:13+00:00
1778616013,Oklahoma City Thunder,49500299856831034491021962156746701298730459370557900271970866855042624695770,0.615,2026-05-12 20:00:13+00:00
1778619604,San Antonio Spurs,102227184035967850089766981958743064457339118173548431660886438726896222843254,0.1755,2026-05-12 21:00:04+00:00
1778619607,New York Knicks,20257190540739490630509657713144742134547949967093643458458133445357169845406,0.1375,2026-05-12 21:00:07+00:00
1778619609,Cleveland Cavaliers,21929863894047830651599085392978377118642353711084157807549430066031384497667,0.0265,2026-05-12 21:00:09+00:00
1778619612,Minnesota Timberwolves,5771676627182954113677164857547228277089396639521594262964034606220001939923,0.0175,2026-05-12 21:00:12+00:00
1778619612,Oklahoma City Thunder,49500299856831034491021962156746701298730459370557900271970866855042624695770,0.615,2026-05-12 21:00:12+00:00
1778619613,Detroit Pistons,59742411602053785892348440048778056320272639465974092140970920277782290781360,0.0385,2026-05-12 21:00:13+00:00
1778623209,San Antonio Spurs,102227184035967850089766981958743064457339118173548431660886438726896222843254,0.1755,2026-05-12 22:00:09+00:00
1778623214,New York Knicks,20257190540739490630509657713144742134547949967093643458458133445357169845406,0.1375,2026-05-12 22:00:14+00:00
1778623220,Cleveland Cavaliers,21929863894047830651599085392978377118642353711084157807549430066031384497667,0.0265,2026-05-12 22:00:20+00:00
1778623228,Oklahoma City Thunder,49500299856831034491021962156746701298730459370557900271970866855042624695770,0.615,2026-05-12 22:00:28+00:00
1778623229,Minnesota Timberwolves,5771676627182954113677164857547228277089396639521594262964034606220001939923,0.0175,2026-05-12 22:00:29+00:00
1778623232,Detroit Pistons,59742411602053785892348440048778056320272639465974092140970920277782290781360,0.0385,2026-05-12 22:00:32+00:00
1778626805,San Antonio Spurs,102227184035967850089766981958743064457339118173548431660886438726896222843254,0.1755,2026-05-12 23:00:05+00:00
1778626806,New York Knicks,20257190540739490630509657713144742134547949967093643458458133445357169845406,0.1365,2026-05-12 23:00:06+00:00
1778626807,Cleveland Cavaliers,21929863894047830651599085392978377118642353711084157807549430066031384497667,0.0265,2026-05-12 23:00:07+00:00
1778626809,Detroit Pistons,59742411602053785892348440048778056320272639465974092140970920277782290781360,0.0385,2026-05-12 23:00:09+00:00
1778626809,Minnesota Timberwolves,5771676627182954113677164857547228277089396639521594262964034606220001939923,0.0175,2026-05-12 23:00:09+00:00
1778626809,Oklahoma City Thunder,49500299856831034491021962156746701298730459370557900271970866855042624695770,0.615,2026-05-12 23:00:09+00:00
1778630408,San Antonio Spurs,102227184035967850089766981958743064457339118173548431660886438726896222843254,0.1755,2026-05-13 00:00:08+00:00
1778630412,New York Knicks,20257190540739490630509657713144742134547949967093643458458133445357169845406,0.1365,2026-05-13 00:00:12+00:00
1778630414,Cleveland Cavaliers,21929863894047830651599085392978377118642353711084157807549430066031384497667,0.0265,2026-05-13 00:00:14+00:00
1778630416,Detroit Pistons,59742411602053785892348440048778056320272639465974092140970920277782290781360,0.0385,2026-05-13 00:00:16+00:00
1778630416,Minnesota Timberwolves,5771676627182954113677164857547228277089396639521594262964034606220001939923,0.0185,2026-05-13 00:00:16+00:00
1778630416,Oklahoma City Thunder,49500299856831034491021962156746701298730459370557900271970866855042624695770,0.615,2026-05-13 00:00:16+00:00
1778634008,San Antonio Spurs,102227184035967850089766981958743064457339118173548431660886438726896222843254,0.1785,2026-05-13 01:00:08+00:00
1778634009,Cleveland Cavaliers,21929863894047830651599085392978377118642353711084157807549430066031384497667,0.0265,2026-05-13 01:00:09+00:00
1778634009,New York Knicks,20257190540739490630509657713144742134547949967093643458458133445357169845406,0.1365,2026-05-13 01:00:09+00:00
1778634010,Detroit Pistons,59742411602053785892348440048778056320272639465974092140970920277782290781360,0.0385,2026-05-13 01:00:10+00:00
1778634010,Minnesota Timberwolves,5771676627182954113677164857547228277089396639521594262964034606220001939923,0.0185,2026-05-13 01:00:10+00:00
1778634010,Oklahoma City Thunder,49500299856831034491021962156746701298730459370557900271970866855042624695770,0.615,2026-05-13 01:00:10+00:00
1778637608,San Antonio Spurs,102227184035967850089766981958743064457339118173548431660886438726896222843254,0.188,2026-05-13 02:00:08+00:00
1778637609,New York Knicks,20257190540739490630509657713144742134547949967093643458458133445357169845406,0.1365,2026-05-13 02:00:09+00:00
1778637610,Cleveland Cavaliers,21929863894047830651599085392978377118642353711084157807549430066031384497667,0.0265,2026-05-13 02:00:10+00:00
1778637611,Detroit Pistons,59742411602053785892348440048778056320272639465974092140970920277782290781360,0.0385,2026-05-13 02:00:11+00:00
1778637611,Minnesota Timberwolves,5771676627182954113677164857547228277089396639521594262964034606220001939923,0.0125,2026-05-13 02:00:11+00:00
1778637611,Oklahoma City Thunder,49500299856831034491021962156746701298730459370557900271970866855042624695770,0.61,2026-05-13 02:00:11+00:00
1778641204,San Antonio Spurs,102227184035967850089766981958743064457339118173548431660886438726896222843254,0.2025,2026-05-13 03:00:04+00:00
1778641216,New York Knicks,20257190540739490630509657713144742134547949967093643458458133445357169845406,0.1365,2026-05-13 03:00:16+00:00
1778641225,Cleveland Cavaliers,21929863894047830651599085392978377118642353711084157807549430066031384497667,0.0265,2026-05-13 03:00:25+00:00
1778641234,Oklahoma City Thunder,49500299856831034491021962156746701298730459370557900271970866855042624695770,0.605,2026-05-13 03:00:34+00:00
1778641236,Minnesota Timberwolves,5771676627182954113677164857547228277089396639521594262964034606220001939923,0.0095,2026-05-13 03:00:36+00:00
1778641237,Detroit Pistons,59742411602053785892348440048778056320272639465974092140970920277782290781360,0.0385,2026-05-13 03:00:37+00:00
1778644806,San Antonio Spurs,102227184035967850089766981958743064457339118173548431660886438726896222843254,0.2015,2026-05-13 04:00:06+00:00
1778644807,New York Knicks,20257190540739490630509657713144742134547949967093643458458133445357169845406,0.1365,2026-05-13 04:00:07+00:00
1778644808,Cleveland Cavaliers,21929863894047830651599085392978377118642353711084157807549430066031384497667,0.0265,2026-05-13 04:00:08+00:00
1778644809,Oklahoma City Thunder,49500299856831034491021962156746701298730459370557900271970866855042624695770,0.605,2026-05-13 04:00:09+00:00
1778644810,Detroit Pistons,59742411602053785892348440048778056320272639465974092140970920277782290781360,0.0375,2026-05-13 04:00:10+00:00
1778644810,Minnesota Timberwolves,5771676627182954113677164857547228277089396639521594262964034606220001939923,0.0085,2026-05-13 04:00:10+00:00
1778648405,San Antonio Spurs,102227184035967850089766981958743064457339118173548431660886438726896222843254,0.2065,2026-05-13 05:00:05+00:00
1778648407,New York Knicks,20257190540739490630509657713144742134547949967093643458458133445357169845406,0.1375,2026-05-13 05:00:07+00:00
1778648409,Cleveland Cavaliers,21929863894047830651599085392978377118642353711084157807549430066031384497667,0.0265,2026-05-13 05:00:09+00:00
1778648412,Detroit Pistons,59742411602053785892348440048778056320272639465974092140970920277782290781360,0.0375,2026-05-13 05:00:12+00:00
1778648412,Minnesota Timberwolves,5771676627182954113677164857547228277089396639521594262964034606220001939923,0.0065,2026-05-13 05:00:12+00:00
1778648412,Oklahoma City Thunder,49500299856831034491021962156746701298730459370557900271970866855042624695770,0.605,2026-05-13 05:00:12+00:00
1778652004,San Antonio Spurs,102227184035967850089766981958743064457339118173548431660886438726896222843254,0.2055,2026-05-13 06:00:04+00:00
1778652006,New York Knicks,20257190540739490630509657713144742134547949967093643458458133445357169845406,0.1365,2026-05-13 06:00:06+00:00
1778652008,Cleveland Cavaliers,21929863894047830651599085392978377118642353711084157807549430066031384497667,0.0265,2026-05-13 06:00:08+00:00
1778652013,Oklahoma City Thunder,49500299856831034491021962156746701298730459370557900271970866855042624695770,0.605,2026-05-13 06:00:13+00:00
1778652014,Detroit Pistons,59742411602053785892348440048778056320272639465974092140970920277782290781360,0.0375,2026-05-13 06:00:14+00:00
1778652014,Minnesota Timberwolves,5771676627182954113677164857547228277089396639521594262964034606220001939923,0.0065,2026-05-13 06:00:14+00:00
1778655604,San Antonio Spurs,102227184035967850089766981958743064457339118173548431660886438726896222843254,0.2045,2026-05-13 07:00:04+00:00
1778655606,New York Knicks,20257190540739490630509657713144742134547949967093643458458133445357169845406,0.1365,2026-05-13 07:00:06+00:00
1778655609,Cleveland Cavaliers,21929863894047830651599085392978377118642353711084157807549430066031384497667,0.0265,2026-05-13 07:00:09+00:00
1778655611,Minnesota Timberwolves,5771676627182954113677164857547228277089396639521594262964034606220001939923,0.0075,2026-05-13 07:00:11+00:00
1778655611,Oklahoma City Thunder,49500299856831034491021962156746701298730459370557900271970866855042624695770,0.605,2026-05-13 07:00:11+00:00
1778655612,Detroit Pistons,59742411602053785892348440048778056320272639465974092140970920277782290781360,0.0375,2026-05-13 07:00:12+00:00
1778659210,San Antonio Spurs,102227184035967850089766981958743064457339118173548431660886438726896222843254,0.205,2026-05-13 08:00:10+00:00
1778659211,New York Knicks,20257190540739490630509657713144742134547949967093643458458133445357169845406,0.1375,2026-05-13 08:00:11+00:00
1778659212,Cleveland Cavaliers,21929863894047830651599085392978377118642353711084157807549430066031384497667,0.0265,2026-05-13 08:00:12+00:00
1778659213,Detroit Pistons,59742411602053785892348440048778056320272639465974092140970920277782290781360,0.0385,2026-05-13 08:00:13+00:00
1778659213,Minnesota Timberwolves,5771676627182954113677164857547228277089396639521594262964034606220001939923,0.0065,2026-05-13 08:00:13+00:00
1778659213,Oklahoma City Thunder,49500299856831034491021962156746701298730459370557900271970866855042624695770,0.605,2026-05-13 08:00:13+00:00
1778662804,San Antonio Spurs,102227184035967850089766981958743064457339118173548431660886438726896222843254,0.2035,2026-05-13 09:00:04+00:00
1778662807,New York Knicks,20257190540739490630509657713144742134547949967093643458458133445357169845406,0.139,2026-05-13 09:00:07+00:00
1778662809,Cleveland Cavaliers,21929863894047830651599085392978377118642353711084157807549430066031384497667,0.0265,2026-05-13 09:00:09+00:00
1778662811,Detroit Pistons,59742411602053785892348440048778056320272639465974092140970920277782290781360,0.0365,2026-05-13 09:00:11+00:00
1778662811,Minnesota Timberwolves,5771676627182954113677164857547228277089396639521594262964034606220001939923,0.0065,2026-05-13 09:00:11+00:00
1778662811,Oklahoma City Thunder,49500299856831034491021962156746701298730459370557900271970866855042624695770,0.605,2026-05-13 09:00:11+00:00
1778666406,San Antonio Spurs,102227184035967850089766981958743064457339118173548431660886438726896222843254,0.2035,2026-05-13 10:00:06+00:00
1778666407,New York Knicks,20257190540739490630509657713144742134547949967093643458458133445357169845406,0.139,2026-05-13 10:00:07+00:00
1778666408,Cleveland Cavaliers,21929863894047830651599085392978377118642353711084157807549430066031384497667,0.0265,2026-05-13 10:00:08+00:00
1778666410,Detroit Pistons,59742411602053785892348440048778056320272639465974092140970920277782290781360,0.0375,2026-05-13 10:00:10+00:00
1778666410,Minnesota Timberwolves,5771676627182954113677164857547228277089396639521594262964034606220001939923,0.0065,2026-05-13 10:00:10+00:00
1778666410,Oklahoma City Thunder,49500299856831034491021962156746701298730459370557900271970866855042624695770,0.605,2026-05-13 10:00:10+00:00
1778670004,San Antonio Spurs,102227184035967850089766981958743064457339118173548431660886438726896222843254,0.2035,2026-05-13 11:00:04+00:00
1778670005,New York Knicks,20257190540739490630509657713144742134547949967093643458458133445357169845406,0.1385,2026-05-13 11:00:05+00:00
1778670006,Cleveland Cavaliers,21929863894047830651599085392978377118642353711084157807549430066031384497667,0.0255,2026-05-13 11:00:06+00:00
1778670007,Oklahoma City Thunder,49500299856831034491021962156746701298730459370557900271970866855042624695770,0.605,2026-05-13 11:00:07+00:00
1778670008,Detroit Pistons,59742411602053785892348440048778056320272639465974092140970920277782290781360,0.0375,2026-05-13 11:00:08+00:00
1778670008,Minnesota Timberwolves,5771676627182954113677164857547228277089396639521594262964034606220001939923,0.007,2026-05-13 11:00:08+00:00
1778673606,San Antonio Spurs,102227184035967850089766981958743064457339118173548431660886438726896222843254,0.1975,2026-05-13 12:00:06+00:00
1778673610,New York Knicks,20257190540739490630509657713144742134547949967093643458458133445357169845406,0.1385,2026-05-13 12:00:10+00:00
1778673611,Cleveland Cavaliers,21929863894047830651599085392978377118642353711084157807549430066031384497667,0.0255,2026-05-13 12:00:11+00:00
1778673614,Detroit Pistons,59742411602053785892348440048778056320272639465974092140970920277782290781360,0.0375,2026-05-13 12:00:14+00:00
1778673614,Minnesota Timberwolves,5771676627182954113677164857547228277089396639521594262964034606220001939923,0.0065,2026-05-13 12:00:14+00:00
1778673614,Oklahoma City Thunder,49500299856831034491021962156746701298730459370557900271970866855042624695770,0.595,2026-05-13 12:00:14+00:00
1778677207,San Antonio Spurs,102227184035967850089766981958743064457339118173548431660886438726896222843254,0.1945,2026-05-13 13:00:07+00:00
1778677208,New York Knicks,20257190540739490630509657713144742134547949967093643458458133445357169845406,0.14,2026-05-13 13:00:08+00:00
1778677210,Cleveland Cavaliers,21929863894047830651599085392978377118642353711084157807549430066031384497667,0.0255,2026-05-13 13:00:10+00:00
1778677212,Oklahoma City Thunder,49500299856831034491021962156746701298730459370557900271970866855042624695770,0.595,2026-05-13 13:00:12+00:00
1778677213,Detroit Pistons,59742411602053785892348440048778056320272639465974092140970920277782290781360,0.0385,2026-05-13 13:00:13+00:00
1778677213,Minnesota Timberwolves,5771676627182954113677164857547228277089396639521594262964034606220001939923,0.0075,2026-05-13 13:00:13+00:00
1778680807,San Antonio Spurs,102227184035967850089766981958743064457339118173548431660886438726896222843254,0.1965,2026-05-13 14:00:07+00:00
1778680808,New York Knicks,20257190540739490630509657713144742134547949967093643458458133445357169845406,0.1405,2026-05-13 14:00:08+00:00
1778680809,Cleveland Cavaliers,21929863894047830651599085392978377118642353711084157807549430066031384497667,0.0255,2026-05-13 14:00:09+00:00
1778680811,Detroit Pistons,59742411602053785892348440048778056320272639465974092140970920277782290781360,0.0385,2026-05-13 14:00:11+00:00
1778680811,Minnesota Timberwolves,5771676627182954113677164857547228277089396639521594262964034606220001939923,0.0075,2026-05-13 14:00:11+00:00
1778680811,Oklahoma City Thunder,49500299856831034491021962156746701298730459370557900271970866855042624695770,0.595,2026-05-13 14:00:11+00:00
1778684413,San Antonio Spurs,102227184035967850089766981958743064457339118173548431660886438726896222843254,0.1975,2026-05-13 15:00:13+00:00
1778684417,New York Knicks,20257190540739490630509657713144742134547949967093643458458133445357169845406,0.1405,2026-05-13 15:00:17+00:00
1778684419,Cleveland Cavaliers,21929863894047830651599085392978377118642353711084157807549430066031384497667,0.0255,2026-05-13 15:00:19+00:00
1778684424,Detroit Pistons,59742411602053785892348440048778056320272639465974092140970920277782290781360,0.0385,2026-05-13 15:00:24+00:00
1778684424,Minnesota Timberwolves,5771676627182954113677164857547228277089396639521594262964034606220001939923,0.0075,2026-05-13 15:00:24+00:00
1778684424,Oklahoma City Thunder,49500299856831034491021962156746701298730459370557900271970866855042624695770,0.595,2026-05-13 15:00:24+00:00
1778688010,San Antonio Spurs,102227184035967850089766981958743064457339118173548431660886438726896222843254,0.1995,2026-05-13 16:00:10+00:00
1778688012,New York Knicks,20257190540739490630509657713144742134547949967093643458458133445357169845406,0.1395,2026-05-13 16:00:12+00:00
1778688013,Cleveland Cavaliers,21929863894047830651599085392978377118642353711084157807549430066031384497667,0.0245,2026-05-13 16:00:13+00:00
1778688016,Oklahoma City Thunder,49500299856831034491021962156746701298730459370557900271970866855042624695770,0.595,2026-05-13 16:00:16+00:00
1778688017,Detroit Pistons,59742411602053785892348440048778056320272639465974092140970920277782290781360,0.0385,2026-05-13 16:00:17+00:00
1778688017,Minnesota Timberwolves,5771676627182954113677164857547228277089396639521594262964034606220001939923,0.0075,2026-05-13 16:00:17+00:00
1778691612,San Antonio Spurs,102227184035967850089766981958743064457339118173548431660886438726896222843254,0.1995,2026-05-13 17:00:12+00:00
1778691615,New York Knicks,20257190540739490630509657713144742134547949967093643458458133445357169845406,0.1395,2026-05-13 17:00:15+00:00
1778691620,Cleveland Cavaliers,21929863894047830651599085392978377118642353711084157807549430066031384497667,0.0245,2026-05-13 17:00:20+00:00
1778691625,Detroit Pistons,59742411602053785892348440048778056320272639465974092140970920277782290781360,0.0375,2026-05-13 17:00:25+00:00
1778691625,Minnesota Timberwolves,5771676627182954113677164857547228277089396639521594262964034606220001939923,0.0075,2026-05-13 17:00:25+00:00
1778691625,Oklahoma City Thunder,49500299856831034491021962156746701298730459370557900271970866855042624695770,0.595,2026-05-13 17:00:25+00:00
1778695210,San Antonio Spurs,102227184035967850089766981958743064457339118173548431660886438726896222843254,0.2025,2026-05-13 18:00:10+00:00
1778695212,New York Knicks,20257190540739490630509657713144742134547949967093643458458133445357169845406,0.14,2026-05-13 18:00:12+00:00
1778695214,Cleveland Cavaliers,21929863894047830651599085392978377118642353711084157807549430066031384497667,0.0245,2026-05-13 18:00:14+00:00
1778695218,Detroit Pistons,59742411602053785892348440048778056320272639465974092140970920277782290781360,0.0385,2026-05-13 18:00:18+00:00
1778695218,Minnesota Timberwolves,5771676627182954113677164857547228277089396639521594262964034606220001939923,0.0075,2026-05-13 18:00:18+00:00
1778695218,Oklahoma City Thunder,49500299856831034491021962156746701298730459370557900271970866855042624695770,0.595,2026-05-13 18:00:18+00:00
1778698807,San Antonio Spurs,102227184035967850089766981958743064457339118173548431660886438726896222843254,0.2025,2026-05-13 19:00:07+00:00
1778698808,New York Knicks,20257190540739490630509657713144742134547949967093643458458133445357169845406,0.1405,2026-05-13 19:00:08+00:00
1778698809,Cleveland Cavaliers,21929863894047830651599085392978377118642353711084157807549430066031384497667,0.0245,2026-05-13 19:00:09+00:00
1778698811,Detroit Pistons,59742411602053785892348440048778056320272639465974092140970920277782290781360,0.0385,2026-05-13 19:00:11+00:00
1778698811,Minnesota Timberwolves,5771676627182954113677164857547228277089396639521594262964034606220001939923,0.0075,2026-05-13 19:00:11+00:00
1778698811,Oklahoma City Thunder,49500299856831034491021962156746701298730459370557900271970866855042624695770,0.595,2026-05-13 19:00:11+00:00
1778702408,San Antonio Spurs,102227184035967850089766981958743064457339118173548431660886438726896222843254,0.2035,2026-05-13 20:00:08+00:00
1778702410,New York Knicks,20257190540739490630509657713144742134547949967093643458458133445357169845406,0.1415,2026-05-13 20:00:10+00:00
1778702412,Cleveland Cavaliers,21929863894047830651599085392978377118642353711084157807549430066031384497667,0.0245,2026-05-13 20:00:12+00:00
1778702414,Oklahoma City Thunder,49500299856831034491021962156746701298730459370557900271970866855042624695770,0.595,2026-05-13 20:00:14+00:00
1778702415,Minnesota Timberwolves,5771676627182954113677164857547228277089396639521594262964034606220001939923,0.0075,2026-05-13 20:00:15+00:00
1778702416,Detroit Pistons,59742411602053785892348440048778056320272639465974092140970920277782290781360,0.0375,2026-05-13 20:00:16+00:00
1778706006,San Antonio Spurs,102227184035967850089766981958743064457339118173548431660886438726896222843254,0.203,2026-05-13 21:00:06+00:00
1778706010,New York Knicks,20257190540739490630509657713144742134547949967093643458458133445357169845406,0.1415,2026-05-13 21:00:10+00:00
1778706012,Cleveland Cavaliers,21929863894047830651599085392978377118642353711084157807549430066031384497667,0.0245,2026-05-13 21:00:12+00:00
1778706015,Detroit Pistons,59742411602053785892348440048778056320272639465974092140970920277782290781360,0.0385,2026-05-13 21:00:15+00:00
1778706015,Minnesota Timberwolves,5771676627182954113677164857547228277089396639521594262964034606220001939923,0.0075,2026-05-13 21:00:15+00:00
1778706015,Oklahoma City Thunder,49500299856831034491021962156746701298730459370557900271970866855042624695770,0.595,2026-05-13 21:00:15+00:00
1778709608,San Antonio Spurs,102227184035967850089766981958743064457339118173548431660886438726896222843254,0.2125,2026-05-13 22:00:08+00:00
1778709609,New York Knicks,20257190540739490630509657713144742134547949967093643458458133445357169845406,0.142,2026-05-13 22:00:09+00:00
1778709610,Cleveland Cavaliers,21929863894047830651599085392978377118642353711084157807549430066031384497667,0.0245,2026-05-13 22:00:10+00:00
1778709611,Oklahoma City Thunder,49500299856831034491021962156746701298730459370557900271970866855042624695770,0.595,2026-05-13 22:00:11+00:00
1778709612,Detroit Pistons,59742411602053785892348440048778056320272639465974092140970920277782290781360,0.0385,2026-05-13 22:00:12+00:00
1778709612,Minnesota Timberwolves,5771676627182954113677164857547228277089396639521594262964034606220001939923,0.0075,2026-05-13 22:00:12+00:00
1778713208,San Antonio Spurs,102227184035967850089766981958743064457339118173548431660886438726896222843254,0.218,2026-05-13 23:00:08+00:00
1778713210,New York Knicks,20257190540739490630509657713144742134547949967093643458458133445357169845406,0.1395,2026-05-13 23:00:10+00:00
1778713211,Cleveland Cavaliers,21929863894047830651599085392978377118642353711084157807549430066031384497667,0.0235,2026-05-13 23:00:11+00:00
1778713214,Detroit Pistons,59742411602053785892348440048778056320272639465974092140970920277782290781360,0.035,2026-05-13 23:00:14+00:00
1778713214,Minnesota Timberwolves,5771676627182954113677164857547228277089396639521594262964034606220001939923,0.0075,2026-05-13 23:00:14+00:00
1778713214,Oklahoma City Thunder,49500299856831034491021962156746701298730459370557900271970866855042624695770,0.59,2026-05-13 23:00:14+00:00
1778716808,San Antonio Spurs,102227184035967850089766981958743064457339118173548431660886438726896222843254,0.2195,2026-05-14 00:00:08+00:00
1778716816,New York Knicks,20257190540739490630509657713144742134547949967093643458458133445357169845406,0.1395,2026-05-14 00:00:16+00:00
1778716818,Cleveland Cavaliers,21929863894047830651599085392978377118642353711084157807549430066031384497667,0.0235,2026-05-14 00:00:18+00:00
1778716823,Detroit Pistons,59742411602053785892348440048778056320272639465974092140970920277782290781360,0.0375,2026-05-14 00:00:23+00:00
1778716823,Minnesota Timberwolves,5771676627182954113677164857547228277089396639521594262964034606220001939923,0.0075,2026-05-14 00:00:23+00:00
1778716823,Oklahoma City Thunder,49500299856831034491021962156746701298730459370557900271970866855042624695770,0.585,2026-05-14 00:00:23+00:00
1778720407,San Antonio Spurs,102227184035967850089766981958743064457339118173548431660886438726896222843254,0.2195,2026-05-14 01:00:07+00:00
1778720408,New York Knicks,20257190540739490630509657713144742134547949967093643458458133445357169845406,0.1395,2026-05-14 01:00:08+00:00
1778720409,Cleveland Cavaliers,21929863894047830651599085392978377118642353711084157807549430066031384497667,0.0185,2026-05-14 01:00:09+00:00
1778720409,Minnesota Timberwolves,5771676627182954113677164857547228277089396639521594262964034606220001939923,0.0075,2026-05-14 01:00:09+00:00
1778720409,Oklahoma City Thunder,49500299856831034491021962156746701298730459370557900271970866855042624695770,0.585,2026-05-14 01:00:09+00:00
1778720410,Detroit Pistons,59742411602053785892348440048778056320272639465974092140970920277782290781360,0.0405,2026-05-14 01:00:10+00:00
1778724018,San Antonio Spurs,102227184035967850089766981958743064457339118173548431660886438726896222843254,0.2195,2026-05-14 02:00:18+00:00
1778724020,New York Knicks,20257190540739490630509657713144742134547949967093643458458133445357169845406,0.1395,2026-05-14 02:00:20+00:00
1778724021,Cleveland Cavaliers,21929863894047830651599085392978377118642353711084157807549430066031384497667,0.0205,2026-05-14 02:00:21+00:00
1778724023,Oklahoma City Thunder,49500299856831034491021962156746701298730459370557900271970866855042624695770,0.585,2026-05-14 02:00:23+00:00
1778724024,Detroit Pistons,59742411602053785892348440048778056320272639465974092140970920277782290781360,0.041,2026-05-14 02:00:24+00:00
1778724024,Minnesota Timberwolves,5771676627182954113677164857547228277089396639521594262964034606220001939923,0.0075,2026-05-14 02:00:24+00:00
1778727606,San Antonio Spurs,102227184035967850089766981958743064457339118173548431660886438726896222843254,0.2185,2026-05-14 03:00:06+00:00
1778727611,New York Knicks,20257190540739490630509657713144742134547949967093643458458133445357169845406,0.1395,2026-05-14 03:00:11+00:00
1778727615,Cleveland Cavaliers,21929863894047830651599085392978377118642353711084157807549430066031384497667,0.0385,2026-05-14 03:00:15+00:00
1778727619,Minnesota Timberwolves,5771676627182954113677164857547228277089396639521594262964034606220001939923,0.0075,2026-05-14 03:00:19+00:00
1778727619,Oklahoma City Thunder,49500299856831034491021962156746701298730459370557900271970866855042624695770,0.585,2026-05-14 03:00:19+00:00
1778727620,Detroit Pistons,59742411602053785892348440048778056320272639465974092140970920277782290781360,0.026,2026-05-14 03:00:20+00:00
1778731206,San Antonio Spurs,102227184035967850089766981958743064457339118173548431660886438726896222843254,0.2255,2026-05-14 04:00:06+00:00
1778731207,Cleveland Cavaliers,21929863894047830651599085392978377118642353711084157807549430066031384497667,0.0415,2026-05-14 04:00:07+00:00
1778731207,New York Knicks,20257190540739490630509657713144742134547949967093643458458133445357169845406,0.1405,2026-05-14 04:00:07+00:00
1778731208,Detroit Pistons,59742411602053785892348440048778056320272639465974092140970920277782290781360,0.0195,2026-05-14 04:00:08+00:00
1778731208,Minnesota Timberwolves,5771676627182954113677164857547228277089396639521594262964034606220001939923,0.0075,2026-05-14 04:00:08+00:00
1778731208,Oklahoma City Thunder,49500299856831034491021962156746701298730459370557900271970866855042624695770,0.585,2026-05-14 04:00:08+00:00
1778734807,San Antonio Spurs,102227184035967850089766981958743064457339118173548431660886438726896222843254,0.2225,2026-05-14 05:00:07+00:00
1778734808,New York Knicks,20257190540739490630509657713144742134547949967093643458458133445357169845406,0.1405,2026-05-14 05:00:08+00:00
1778734809,Cleveland Cavaliers,21929863894047830651599085392978377118642353711084157807549430066031384497667,0.0385,2026-05-14 05:00:09+00:00
1778734811,Oklahoma City Thunder,49500299856831034491021962156746701298730459370557900271970866855042624695770,0.585,2026-05-14 05:00:11+00:00
1778734812,Detroit Pistons,59742411602053785892348440048778056320272639465974092140970920277782290781360,0.018,2026-05-14 05:00:12+00:00
1778734812,Minnesota Timberwolves,5771676627182954113677164857547228277089396639521594262964034606220001939923,0.0075,2026-05-14 05:00:12+00:00
1778738404,San Antonio Spurs,102227184035967850089766981958743064457339118173548431660886438726896222843254,0.2245,2026-05-14 06:00:04+00:00
1778738407,New York Knicks,20257190540739490630509657713144742134547949967093643458458133445357169845406,0.1395,2026-05-14 06:00:07+00:00
1778738409,Cleveland Cavaliers,21929863894047830651599085392978377118642353711084157807549430066031384497667,0.0375,2026-05-14 06:00:09+00:00
1778738412,Detroit Pistons,59742411602053785892348440048778056320272639465974092140970920277782290781360,0.0175,2026-05-14 06:00:12+00:00
1778738412,Minnesota Timberwolves,5771676627182954113677164857547228277089396639521594262964034606220001939923,0.0065,2026-05-14 06:00:12+00:00
1778738412,Oklahoma City Thunder,49500299856831034491021962156746701298730459370557900271970866855042624695770,0.585,2026-05-14 06:00:12+00:00
1778742004,San Antonio Spurs,102227184035967850089766981958743064457339118173548431660886438726896222843254,0.2185,2026-05-14 07:00:04+00:00
1778742006,New York Knicks,20257190540739490630509657713144742134547949967093643458458133445357169845406,0.157,2026-05-14 07:00:06+00:00
1778742008,Cleveland Cavaliers,21929863894047830651599085392978377118642353711084157807549430066031384497667,0.037,2026-05-14 07:00:08+00:00
1778742012,Detroit Pistons,59742411602053785892348440048778056320272639465974092140970920277782290781360,0.0175,2026-05-14 07:00:12+00:00
1778742012,Minnesota Timberwolves,5771676627182954113677164857547228277089396639521594262964034606220001939923,0.0065,2026-05-14 07:00:12+00:00
1778742012,Oklahoma City Thunder,49500299856831034491021962156746701298730459370557900271970866855042624695770,0.585,2026-05-14 07:00:12+00:00
1778745607,New York Knicks,20257190540739490630509657713144742134547949967093643458458133445357169845406,0.153,2026-05-14 08:00:07+00:00
1778745607,San Antonio Spurs,102227184035967850089766981958743064457339118173548431660886438726896222843254,0.2185,2026-05-14 08:00:07+00:00
1778745608,Cleveland Cavaliers,21929863894047830651599085392978377118642353711084157807549430066031384497667,0.0365,2026-05-14 08:00:08+00:00
1778745609,Detroit Pistons,59742411602053785892348440048778056320272639465974092140970920277782290781360,0.0175,2026-05-14 08:00:09+00:00
1778745609,Minnesota Timberwolves,5771676627182954113677164857547228277089396639521594262964034606220001939923,0.0065,2026-05-14 08:00:09+00:00
1778745609,Oklahoma City Thunder,49500299856831034491021962156746701298730459370557900271970866855042624695770,0.585,2026-05-14 08:00:09+00:00
1778749208,San Antonio Spurs,102227184035967850089766981958743064457339118173548431660886438726896222843254,0.2185,2026-05-14 09:00:08+00:00
1778749209,New York Knicks,20257190540739490630509657713144742134547949967093643458458133445357169845406,0.1505,2026-05-14 09:00:09+00:00
1778749211,Cleveland Cavaliers,21929863894047830651599085392978377118642353711084157807549430066031384497667,0.0365,2026-05-14 09:00:11+00:00
1778749212,Detroit Pistons,59742411602053785892348440048778056320272639465974092140970920277782290781360,0.0175,2026-05-14 09:00:12+00:00
1778749212,Minnesota Timberwolves,5771676627182954113677164857547228277089396639521594262964034606220001939923,0.0065,2026-05-14 09:00:12+00:00
1778749212,Oklahoma City Thunder,49500299856831034491021962156746701298730459370557900271970866855042624695770,0.585,2026-05-14 09:00:12+00:00
1778752808,San Antonio Spurs,102227184035967850089766981958743064457339118173548431660886438726896222843254,0.2265,2026-05-14 10:00:08+00:00
1778752809,New York Knicks,20257190540739490630509657713144742134547949967093643458458133445357169845406,0.1495,2026-05-14 10:00:09+00:00
1778752810,Cleveland Cavaliers,21929863894047830651599085392978377118642353711084157807549430066031384497667,0.0365,2026-05-14 10:00:10+00:00
1778752811,Detroit Pistons,59742411602053785892348440048778056320272639465974092140970920277782290781360,0.0175,2026-05-14 10:00:11+00:00
1778752811,Minnesota Timberwolves,5771676627182954113677164857547228277089396639521594262964034606220001939923,0.0065,2026-05-14 10:00:11+00:00
1778752811,Oklahoma City Thunder,49500299856831034491021962156746701298730459370557900271970866855042624695770,0.575,2026-05-14 10:00:11+00:00
1778756407,San Antonio Spurs,102227184035967850089766981958743064457339118173548431660886438726896222843254,0.2275,2026-05-14 11:00:07+00:00
1778756409,Cleveland Cavaliers,21929863894047830651599085392978377118642353711084157807549430066031384497667,0.0365,2026-05-14 11:00:09+00:00
1778756409,New York Knicks,20257190540739490630509657713144742134547949967093643458458133445357169845406,0.1505,2026-05-14 11:00:09+00:00
1778756411,Detroit Pistons,59742411602053785892348440048778056320272639465974092140970920277782290781360,0.0175,2026-05-14 11:00:11+00:00
1778756411,Minnesota Timberwolves,5771676627182954113677164857547228277089396639521594262964034606220001939923,0.0065,2026-05-14 11:00:11+00:00
1778756411,Oklahoma City Thunder,49500299856831034491021962156746701298730459370557900271970866855042624695770,0.575,2026-05-14 11:00:11+00:00
1778760008,San Antonio Spurs,102227184035967850089766981958743064457339118173548431660886438726896222843254,0.227,2026-05-14 12:00:08+00:00
1778760010,Cleveland Cavaliers,21929863894047830651599085392978377118642353711084157807549430066031384497667,0.0365,2026-05-14 12:00:10+00:00
1778760010,New York Knicks,20257190540739490630509657713144742134547949967093643458458133445357169845406,0.1505,2026-05-14 12:00:10+00:00
1778760012,Detroit Pistons,59742411602053785892348440048778056320272639465974092140970920277782290781360,0.0175,2026-05-14 12:00:12+00:00
1778760012,Minnesota Timberwolves,5771676627182954113677164857547228277089396639521594262964034606220001939923,0.0065,2026-05-14 12:00:12+00:00
1778760012,Oklahoma City Thunder,49500299856831034491021962156746701298730459370557900271970866855042624695770,0.575,2026-05-14 12:00:12+00:00
1778763607,San Antonio Spurs,102227184035967850089766981958743064457339118173548431660886438726896222843254,0.2265,2026-05-14 13:00:07+00:00
1778763609,New York Knicks,20257190540739490630509657713144742134547949967093643458458133445357169845406,0.1505,2026-05-14 13:00:09+00:00
1778763610,Cleveland Cavaliers,21929863894047830651599085392978377118642353711084157807549430066031384497667,0.0365,2026-05-14 13:00:10+00:00
1778763611,Detroit Pistons,59742411602053785892348440048778056320272639465974092140970920277782290781360,0.0175,2026-05-14 13:00:11+00:00
1778763611,Minnesota Timberwolves,5771676627182954113677164857547228277089396639521594262964034606220001939923,0.0065,2026-05-14 13:00:11+00:00
1778763611,Oklahoma City Thunder,49500299856831034491021962156746701298730459370557900271970866855042624695770,0.575,2026-05-14 13:00:11+00:00
1778767207,San Antonio Spurs,102227184035967850089766981958743064457339118173548431660886438726896222843254,0.2265,2026-05-14 14:00:07+00:00
1778767208,New York Knicks,20257190540739490630509657713144742134547949967093643458458133445357169845406,0.1465,2026-05-14 14:00:08+00:00
1778767209,Cleveland Cavaliers,21929863894047830651599085392978377118642353711084157807549430066031384497667,0.0365,2026-05-14 14:00:09+00:00
1778767210,Detroit Pistons,59742411602053785892348440048778056320272639465974092140970920277782290781360,0.0175,2026-05-14 14:00:10+00:00
1778767210,Minnesota Timberwolves,5771676627182954113677164857547228277089396639521594262964034606220001939923,0.0065,2026-05-14 14:00:10+00:00
1778767210,Oklahoma City Thunder,49500299856831034491021962156746701298730459370557900271970866855042624695770,0.575,2026-05-14 14:00:10+00:00
1778770806,San Antonio Spurs,102227184035967850089766981958743064457339118173548431660886438726896222843254,0.2245,2026-05-14 15:00:06+00:00
1778770807,New York Knicks,20257190540739490630509657713144742134547949967093643458458133445357169845406,0.1455,2026-05-14 15:00:07+00:00
1778770808,Cleveland Cavaliers,21929863894047830651599085392978377118642353711084157807549430066031384497667,0.0365,2026-05-14 15:00:08+00:00
1778770810,Detroit Pistons,59742411602053785892348440048778056320272639465974092140970920277782290781360,0.0175,2026-05-14 15:00:10+00:00
1778770810,Minnesota Timberwolves,5771676627182954113677164857547228277089396639521594262964034606220001939923,0.0065,2026-05-14 15:00:10+00:00
1778770810,Oklahoma City Thunder,49500299856831034491021962156746701298730459370557900271970866855042624695770,0.575,2026-05-14 15:00:10+00:00
1778774406,San Antonio Spurs,102227184035967850089766981958743064457339118173548431660886438726896222843254,0.2255,2026-05-14 16:00:06+00:00
1778774407,Cleveland Cavaliers,21929863894047830651599085392978377118642353711084157807549430066031384497667,0.0365,2026-05-14 16:00:07+00:00
1778774407,New York Knicks,20257190540739490630509657713144742134547949967093643458458133445357169845406,0.1445,2026-05-14 16:00:07+00:00
1778774409,Detroit Pistons,59742411602053785892348440048778056320272639465974092140970920277782290781360,0.0175,2026-05-14 16:00:09+00:00
1778774409,Minnesota Timberwolves,5771676627182954113677164857547228277089396639521594262964034606220001939923,0.0065,2026-05-14 16:00:09+00:00
1778774409,Oklahoma City Thunder,49500299856831034491021962156746701298730459370557900271970866855042624695770,0.58,2026-05-14 16:00:09+00:00
1778778007,San Antonio Spurs,102227184035967850089766981958743064457339118173548431660886438726896222843254,0.2245,2026-05-14 17:00:07+00:00
1778778010,New York Knicks,20257190540739490630509657713144742134547949967093643458458133445357169845406,0.1445,2026-05-14 17:00:10+00:00
1778778013,Cleveland Cavaliers,21929863894047830651599085392978377118642353711084157807549430066031384497667,0.0365,2026-05-14 17:00:13+00:00
1778778017,Minnesota Timberwolves,5771676627182954113677164857547228277089396639521594262964034606220001939923,0.0065,2026-05-14 17:00:17+00:00
1778778017,Oklahoma City Thunder,49500299856831034491021962156746701298730459370557900271970866855042624695770,0.585,2026-05-14 17:00:17+00:00
1778778018,Detroit Pistons,59742411602053785892348440048778056320272639465974092140970920277782290781360,0.0175,2026-05-14 17:00:18+00:00
1778781608,San Antonio Spurs,102227184035967850089766981958743064457339118173548431660886438726896222843254,0.2185,2026-05-14 18:00:08+00:00
1778781613,New York Knicks,20257190540739490630509657713144742134547949967093643458458133445357169845406,0.1445,2026-05-14 18:00:13+00:00
1778781616,Cleveland Cavaliers,21929863894047830651599085392978377118642353711084157807549430066031384497667,0.0365,2026-05-14 18:00:16+00:00
1778781621,Oklahoma City Thunder,49500299856831034491021962156746701298730459370557900271970866855042624695770,0.585,2026-05-14 18:00:21+00:00
1778781622,Minnesota Timberwolves,5771676627182954113677164857547228277089396639521594262964034606220001939923,0.0065,2026-05-14 18:00:22+00:00
1778781623,Detroit Pistons,59742411602053785892348440048778056320272639465974092140970920277782290781360,0.0175,2026-05-14 18:00:23+00:00
1778785209,San Antonio Spurs,102227184035967850089766981958743064457339118173548431660886438726896222843254,0.2185,2026-05-14 19:00:09+00:00
1778785212,New York Knicks,20257190540739490630509657713144742134547949967093643458458133445357169845406,0.1445,2026-05-14 19:00:12+00:00
1778785214,Cleveland Cavaliers,21929863894047830651599085392978377118642353711084157807549430066031384497667,0.0365,2026-05-14 19:00:14+00:00
1778785217,Minnesota Timberwolves,5771676627182954113677164857547228277089396639521594262964034606220001939923,0.0065,2026-05-14 19:00:17+00:00
1778785217,Oklahoma City Thunder,49500299856831034491021962156746701298730459370557900271970866855042624695770,0.585,2026-05-14 19:00:17+00:00
1778785218,Detroit Pistons,59742411602053785892348440048778056320272639465974092140970920277782290781360,0.0175,2026-05-14 19:00:18+00:00
1778788806,San Antonio Spurs,102227184035967850089766981958743064457339118173548431660886438726896222843254,0.2185,2026-05-14 20:00:06+00:00
1778788807,New York Knicks,20257190540739490630509657713144742134547949967093643458458133445357169845406,0.1445,2026-05-14 20:00:07+00:00
1778788808,Cleveland Cavaliers,21929863894047830651599085392978377118642353711084157807549430066031384497667,0.0365,2026-05-14 20:00:08+00:00
1778788809,Detroit Pistons,59742411602053785892348440048778056320272639465974092140970920277782290781360,0.0175,2026-05-14 20:00:09+00:00
1778788809,Minnesota Timberwolves,5771676627182954113677164857547228277089396639521594262964034606220001939923,0.0065,2026-05-14 20:00:09+00:00
1778788809,Oklahoma City Thunder,49500299856831034491021962156746701298730459370557900271970866855042624695770,0.585,2026-05-14 20:00:09+00:00
1778792408,San Antonio Spurs,102227184035967850089766981958743064457339118173548431660886438726896222843254,0.2185,2026-05-14 21:00:08+00:00
1778792411,New York Knicks,20257190540739490630509657713144742134547949967093643458458133445357169845406,0.1435,2026-05-14 21:00:11+00:00
1778792413,Cleveland Cavaliers,21929863894047830651599085392978377118642353711084157807549430066031384497667,0.0365,2026-05-14 21:00:13+00:00
1778792414,Oklahoma City Thunder,49500299856831034491021962156746701298730459370557900271970866855042624695770,0.585,2026-05-14 21:00:14+00:00
1778792415,Detroit Pistons,59742411602053785892348440048778056320272639465974092140970920277782290781360,0.0175,2026-05-14 21:00:15+00:00
1778792415,Minnesota Timberwolves,5771676627182954113677164857547228277089396639521594262964034606220001939923,0.0065,2026-05-14 21:00:15+00:00
1778796006,San Antonio Spurs,102227184035967850089766981958743064457339118173548431660886438726896222843254,0.2175,2026-05-14 22:00:06+00:00
1778796008,New York Knicks,20257190540739490630509657713144742134547949967093643458458133445357169845406,0.1425,2026-05-14 22:00:08+00:00
1778796011,Cleveland Cavaliers,21929863894047830651599085392978377118642353711084157807549430066031384497667,0.0365,2026-05-14 22:00:11+00:00
1778796013,Oklahoma City Thunder,49500299856831034491021962156746701298730459370557900271970866855042624695770,0.585,2026-05-14 22:00:13+00:00
1778796014,Detroit Pistons,59742411602053785892348440048778056320272639465974092140970920277782290781360,0.0175,2026-05-14 22:00:14+00:00
1778796014,Minnesota Timberwolves,5771676627182954113677164857547228277089396639521594262964034606220001939923,0.0065,2026-05-14 22:00:14+00:00
1778799608,San Antonio Spurs,102227184035967850089766981958743064457339118173548431660886438726896222843254,0.2175,2026-05-14 23:00:08+00:00
1778799609,Cleveland Cavaliers,21929863894047830651599085392978377118642353711084157807549430066031384497667,0.0365,2026-05-14 23:00:09+00:00
1778799609,New York Knicks,20257190540739490630509657713144742134547949967093643458458133445357169845406,0.1415,2026-05-14 23:00:09+00:00
1778799610,Oklahoma City Thunder,49500299856831034491021962156746701298730459370557900271970866855042624695770,0.585,2026-05-14 23:00:10+00:00
1778799611,Detroit Pistons,59742411602053785892348440048778056320272639465974092140970920277782290781360,0.0175,2026-05-14 23:00:11+00:00
1778799611,Minnesota Timberwolves,5771676627182954113677164857547228277089396639521594262964034606220001939923,0.0065,2026-05-14 23:00:11+00:00
1778803206,San Antonio Spurs,102227184035967850089766981958743064457339118173548431660886438726896222843254,0.2165,2026-05-15 00:00:06+00:00
1778803209,New York Knicks,20257190540739490630509657713144742134547949967093643458458133445357169845406,0.1415,2026-05-15 00:00:09+00:00
1778803211,Cleveland Cavaliers,21929863894047830651599085392978377118642353711084157807549430066031384497667,0.0365,2026-05-15 00:00:11+00:00
1778803213,Detroit Pistons,59742411602053785892348440048778056320272639465974092140970920277782290781360,0.0175,2026-05-15 00:00:13+00:00
1778803213,Minnesota Timberwolves,5771676627182954113677164857547228277089396639521594262964034606220001939923,0.0065,2026-05-15 00:00:13+00:00
1778803213,Oklahoma City Thunder,49500299856831034491021962156746701298730459370557900271970866855042624695770,0.585,2026-05-15 00:00:13+00:00
1778806808,New York Knicks,20257190540739490630509657713144742134547949967093643458458133445357169845406,0.1415,2026-05-15 01:00:08+00:00
1778806808,San Antonio Spurs,102227184035967850089766981958743064457339118173548431660886438726896222843254,0.2055,2026-05-15 01:00:08+00:00
1778806809,Cleveland Cavaliers,21929863894047830651599085392978377118642353711084157807549430066031384497667,0.0365,2026-05-15 01:00:09+00:00
1778806810,Detroit Pistons,59742411602053785892348440048778056320272639465974092140970920277782290781360,0.0175,2026-05-15 01:00:10+00:00
1778806810,Minnesota Timberwolves,5771676627182954113677164857547228277089396639521594262964034606220001939923,0.0065,2026-05-15 01:00:10+00:00
1778806810,Oklahoma City Thunder,49500299856831034491021962156746701298730459370557900271970866855042624695770,0.585,2026-05-15 01:00:10+00:00
1778810406,San Antonio Spurs,102227184035967850089766981958743064457339118173548431660886438726896222843254,0.2125,2026-05-15 02:00:06+00:00
1778810407,New York Knicks,20257190540739490630509657713144742134547949967093643458458133445357169845406,0.1415,2026-05-15 02:00:07+00:00
1778810408,Cleveland Cavaliers,21929863894047830651599085392978377118642353711084157807549430066031384497667,0.0365,2026-05-15 02:00:08+00:00
1778810409,Detroit Pistons,59742411602053785892348440048778056320272639465974092140970920277782290781360,0.0175,2026-05-15 02:00:09+00:00
1778810409,Minnesota Timberwolves,5771676627182954113677164857547228277089396639521594262964034606220001939923,0.0065,2026-05-15 02:00:09+00:00
1778810409,Oklahoma City Thunder,49500299856831034491021962156746701298730459370557900271970866855042624695770,0.595,2026-05-15 02:00:09+00:00
1778814006,San Antonio Spurs,102227184035967850089766981958743064457339118173548431660886438726896222843254,0.2065,2026-05-15 03:00:06+00:00
1778814008,New York Knicks,20257190540739490630509657713144742134547949967093643458458133445357169845406,0.1415,2026-05-15 03:00:08+00:00
1778814010,Cleveland Cavaliers,21929863894047830651599085392978377118642353711084157807549430066031384497667,0.0365,2026-05-15 03:00:10+00:00
1778814013,Detroit Pistons,59742411602053785892348440048778056320272639465974092140970920277782290781360,0.0175,2026-05-15 03:00:13+00:00
1778814013,Minnesota Timberwolves,5771676627182954113677164857547228277089396639521594262964034606220001939923,0.0065,2026-05-15 03:00:13+00:00
1778814013,Oklahoma City Thunder,49500299856831034491021962156746701298730459370557900271970866855042624695770,0.595,2026-05-15 03:00:13+00:00
1778817605,San Antonio Spurs,102227184035967850089766981958743064457339118173548431660886438726896222843254,0.2075,2026-05-15 04:00:05+00:00
1778817606,New York Knicks,20257190540739490630509657713144742134547949967093643458458133445357169845406,0.1415,2026-05-15 04:00:06+00:00
1778817607,Cleveland Cavaliers,21929863894047830651599085392978377118642353711084157807549430066031384497667,0.0365,2026-05-15 04:00:07+00:00
1778817608,Detroit Pistons,59742411602053785892348440048778056320272639465974092140970920277782290781360,0.0175,2026-05-15 04:00:08+00:00
1778817608,Minnesota Timberwolves,5771676627182954113677164857547228277089396639521594262964034606220001939923,0.0065,2026-05-15 04:00:08+00:00
1778817608,Oklahoma City Thunder,49500299856831034491021962156746701298730459370557900271970866855042624695770,0.595,2026-05-15 04:00:08+00:00
1778821211,New York Knicks,20257190540739490630509657713144742134547949967093643458458133445357169845406,0.1415,2026-05-15 05:00:11+00:00
1778821211,San Antonio Spurs,102227184035967850089766981958743064457339118173548431660886438726896222843254,0.2075,2026-05-15 05:00:11+00:00
1778821212,Cleveland Cavaliers,21929863894047830651599085392978377118642353711084157807549430066031384497667,0.0365,2026-05-15 05:00:12+00:00
1778821214,Detroit Pistons,59742411602053785892348440048778056320272639465974092140970920277782290781360,0.0175,2026-05-15 05:00:14+00:00
1778821214,Minnesota Timberwolves,5771676627182954113677164857547228277089396639521594262964034606220001939923,0.0065,2026-05-15 05:00:14+00:00
1778821214,Oklahoma City Thunder,49500299856831034491021962156746701298730459370557900271970866855042624695770,0.595,2026-05-15 05:00:14+00:00
1778824806,San Antonio Spurs,102227184035967850089766981958743064457339118173548431660886438726896222843254,0.2155,2026-05-15 06:00:06+00:00
1778824809,New York Knicks,20257190540739490630509657713144742134547949967093643458458133445357169845406,0.1415,2026-05-15 06:00:09+00:00
1778824811,Cleveland Cavaliers,21929863894047830651599085392978377118642353711084157807549430066031384497667,0.0365,2026-05-15 06:00:11+00:00
1778824814,Oklahoma City Thunder,49500299856831034491021962156746701298730459370557900271970866855042624695770,0.585,2026-05-15 06:00:14+00:00
1778824815,Detroit Pistons,59742411602053785892348440048778056320272639465974092140970920277782290781360,0.0175,2026-05-15 06:00:15+00:00
1778824815,Minnesota Timberwolves,5771676627182954113677164857547228277089396639521594262964034606220001939923,0.0065,2026-05-15 06:00:15+00:00
1778828404,San Antonio Spurs,102227184035967850089766981958743064457339118173548431660886438726896222843254,0.2185,2026-05-15 07:00:04+00:00
1778828405,New York Knicks,20257190540739490630509657713144742134547949967093643458458133445357169845406,0.1415,2026-05-15 07:00:05+00:00
1778828406,Cleveland Cavaliers,21929863894047830651599085392978377118642353711084157807549430066031384497667,0.0365,2026-05-15 07:00:06+00:00
1778828407,Minnesota Timberwolves,5771676627182954113677164857547228277089396639521594262964034606220001939923,0.0065,2026-05-15 07:00:07+00:00
1778828407,Oklahoma City Thunder,49500299856831034491021962156746701298730459370557900271970866855042624695770,0.585,2026-05-15 07:00:07+00:00
1778828408,Detroit Pistons,59742411602053785892348440048778056320272639465974092140970920277782290781360,0.0175,2026-05-15 07:00:08+00:00
1778832007,San Antonio Spurs,102227184035967850089766981958743064457339118173548431660886438726896222843254,0.218,2026-05-15 08:00:07+00:00
1778832008,New York Knicks,20257190540739490630509657713144742134547949967093643458458133445357169845406,0.1415,2026-05-15 08:00:08+00:00
1778832009,Cleveland Cavaliers,21929863894047830651599085392978377118642353711084157807549430066031384497667,0.0355,2026-05-15 08:00:09+00:00
1778832010,Detroit Pistons,59742411602053785892348440048778056320272639465974092140970920277782290781360,0.0175,2026-05-15 08:00:10+00:00
1778832010,Minnesota Timberwolves,5771676627182954113677164857547228277089396639521594262964034606220001939923,0.0065,2026-05-15 08:00:10+00:00
1778832010,Oklahoma City Thunder,49500299856831034491021962156746701298730459370557900271970866855042624695770,0.585,2026-05-15 08:00:10+00:00
1778835606,San Antonio Spurs,102227184035967850089766981958743064457339118173548431660886438726896222843254,0.221,2026-05-15 09:00:06+00:00
1778835607,New York Knicks,20257190540739490630509657713144742134547949967093643458458133445357169845406,0.1415,2026-05-15 09:00:07+00:00
1778835608,Cleveland Cavaliers,21929863894047830651599085392978377118642353711084157807549430066031384497667,0.0335,2026-05-15 09:00:08+00:00
1778835610,Detroit Pistons,59742411602053785892348440048778056320272639465974092140970920277782290781360,0.0175,2026-05-15 09:00:10+00:00
1778835610,Minnesota Timberwolves,5771676627182954113677164857547228277089396639521594262964034606220001939923,0.0065,2026-05-15 09:00:10+00:00
1778835610,Oklahoma City Thunder,49500299856831034491021962156746701298730459370557900271970866855042624695770,0.595,2026-05-15 09:00:10+00:00
1778839207,San Antonio Spurs,102227184035967850089766981958743064457339118173548431660886438726896222843254,0.2225,2026-05-15 10:00:07+00:00
1778839208,New York Knicks,20257190540739490630509657713144742134547949967093643458458133445357169845406,0.1415,2026-05-15 10:00:08+00:00
1778839209,Cleveland Cavaliers,21929863894047830651599085392978377118642353711084157807549430066031384497667,0.0335,2026-05-15 10:00:09+00:00
1778839210,Minnesota Timberwolves,5771676627182954113677164857547228277089396639521594262964034606220001939923,0.0065,2026-05-15 10:00:10+00:00
1778839210,Oklahoma City Thunder,49500299856831034491021962156746701298730459370557900271970866855042624695770,0.595,2026-05-15 10:00:10+00:00
1778839211,Detroit Pistons,59742411602053785892348440048778056320272639465974092140970920277782290781360,0.0175,2026-05-15 10:00:11+00:00
1778842808,San Antonio Spurs,102227184035967850089766981958743064457339118173548431660886438726896222843254,0.2205,2026-05-15 11:00:08+00:00
1778842809,New York Knicks,20257190540739490630509657713144742134547949967093643458458133445357169845406,0.1415,2026-05-15 11:00:09+00:00
1778842810,Cleveland Cavaliers,21929863894047830651599085392978377118642353711084157807549430066031384497667,0.034,2026-05-15 11:00:10+00:00
1778842811,Detroit Pistons,59742411602053785892348440048778056320272639465974092140970920277782290781360,0.0175,2026-05-15 11:00:11+00:00
1778842811,Minnesota Timberwolves,5771676627182954113677164857547228277089396639521594262964034606220001939923,0.0065,2026-05-15 11:00:11+00:00
1778842811,Oklahoma City Thunder,49500299856831034491021962156746701298730459370557900271970866855042624695770,0.595,2026-05-15 11:00:11+00:00
1778846408,San Antonio Spurs,102227184035967850089766981958743064457339118173548431660886438726896222843254,0.221,2026-05-15 12:00:08+00:00
1778846411,New York Knicks,20257190540739490630509657713144742134547949967093643458458133445357169845406,0.1415,2026-05-15 12:00:11+00:00
1778846413,Cleveland Cavaliers,21929863894047830651599085392978377118642353711084157807549430066031384497667,0.0345,2026-05-15 12:00:13+00:00
1778846415,Detroit Pistons,59742411602053785892348440048778056320272639465974092140970920277782290781360,0.0175,2026-05-15 12:00:15+00:00
1778846415,Minnesota Timberwolves,5771676627182954113677164857547228277089396639521594262964034606220001939923,0.0065,2026-05-15 12:00:15+00:00
1778846415,Oklahoma City Thunder,49500299856831034491021962156746701298730459370557900271970866855042624695770,0.595,2026-05-15 12:00:15+00:00
1778850014,San Antonio Spurs,102227184035967850089766981958743064457339118173548431660886438726896222843254,0.221,2026-05-15 13:00:14+00:00
1778850015,Cleveland Cavaliers,21929863894047830651599085392978377118642353711084157807549430066031384497667,0.0345,2026-05-15 13:00:15+00:00
1778850015,New York Knicks,20257190540739490630509657713144742134547949967093643458458133445357169845406,0.1415,2026-05-15 13:00:15+00:00
1778850017,Detroit Pistons,59742411602053785892348440048778056320272639465974092140970920277782290781360,0.0175,2026-05-15 13:00:17+00:00
1778850017,Minnesota Timberwolves,5771676627182954113677164857547228277089396639521594262964034606220001939923,0.0065,2026-05-15 13:00:17+00:00
1778850017,Oklahoma City Thunder,49500299856831034491021962156746701298730459370557900271970866855042624695770,0.595,2026-05-15 13:00:17+00:00
1778857210,San Antonio Spurs,102227184035967850089766981958743064457339118173548431660886438726896222843254,0.221,2026-05-15 15:00:10+00:00
1778857213,New York Knicks,20257190540739490630509657713144742134547949967093643458458133445357169845406,0.1415,2026-05-15 15:00:13+00:00
1778857215,Cleveland Cavaliers,21929863894047830651599085392978377118642353711084157807549430066031384497667,0.0355,2026-05-15 15:00:15+00:00
1778857218,Minnesota Timberwolves,5771676627182954113677164857547228277089396639521594262964034606220001939923,0.0065,2026-05-15 15:00:18+00:00
1778857218,Oklahoma City Thunder,49500299856831034491021962156746701298730459370557900271970866855042624695770,0.595,2026-05-15 15:00:18+00:00
1778857219,Detroit Pistons,59742411602053785892348440048778056320272639465974092140970920277782290781360,0.0175,2026-05-15 15:00:19+00:00
1778860812,San Antonio Spurs,102227184035967850089766981958743064457339118173548431660886438726896222843254,0.2205,2026-05-15 16:00:12+00:00
1778860813,New York Knicks,20257190540739490630509657713144742134547949967093643458458133445357169845406,0.1415,2026-05-15 16:00:13+00:00
1778860814,Cleveland Cavaliers,21929863894047830651599085392978377118642353711084157807549430066031384497667,0.0355,2026-05-15 16:00:14+00:00
1778860815,Detroit Pistons,59742411602053785892348440048778056320272639465974092140970920277782290781360,0.0175,2026-05-15 16:00:15+00:00
1778860815,Minnesota Timberwolves,5771676627182954113677164857547228277089396639521594262964034606220001939923,0.0065,2026-05-15 16:00:15+00:00
1778860815,Oklahoma City Thunder,49500299856831034491021962156746701298730459370557900271970866855042624695770,0.595,2026-05-15 16:00:15+00:00
1778864404,San Antonio Spurs,102227184035967850089766981958743064457339118173548431660886438726896222843254,0.2205,2026-05-15 17:00:04+00:00
1778864405,New York Knicks,20257190540739490630509657713144742134547949967093643458458133445357169845406,0.1415,2026-05-15 17:00:05+00:00
1778864406,Cleveland Cavaliers,21929863894047830651599085392978377118642353711084157807549430066031384497667,0.034,2026-05-15 17:00:06+00:00
1778864407,Detroit Pistons,59742411602053785892348440048778056320272639465974092140970920277782290781360,0.0175,2026-05-15 17:00:07+00:00
1778864407,Minnesota Timberwolves,5771676627182954113677164857547228277089396639521594262964034606220001939923,0.0065,2026-05-15 17:00:07+00:00
1778864407,Oklahoma City Thunder,49500299856831034491021962156746701298730459370557900271970866855042624695770,0.595,2026-05-15 17:00:07+00:00
1778868007,San Antonio Spurs,102227184035967850089766981958743064457339118173548431660886438726896222843254,0.2205,2026-05-15 18:00:07+00:00
1778868010,New York Knicks,20257190540739490630509657713144742134547949967093643458458133445357169845406,0.1415,2026-05-15 18:00:10+00:00
1778868012,Cleveland Cavaliers,21929863894047830651599085392978377118642353711084157807549430066031384497667,0.0355,2026-05-15 18:00:12+00:00
1778868014,Detroit Pistons,59742411602053785892348440048778056320272639465974092140970920277782290781360,0.0175,2026-05-15 18:00:14+00:00
1778868014,Minnesota Timberwolves,5771676627182954113677164857547228277089396639521594262964034606220001939923,0.0065,2026-05-15 18:00:14+00:00
1778868014,Oklahoma City Thunder,49500299856831034491021962156746701298730459370557900271970866855042624695770,0.595,2026-05-15 18:00:14+00:00
1778871606,San Antonio Spurs,102227184035967850089766981958743064457339118173548431660886438726896222843254,0.2205,2026-05-15 19:00:06+00:00
1778871607,New York Knicks,20257190540739490630509657713144742134547949967093643458458133445357169845406,0.1415,2026-05-15 19:00:07+00:00
1778871608,Cleveland Cavaliers,21929863894047830651599085392978377118642353711084157807549430066031384497667,0.0355,2026-05-15 19:00:08+00:00
1778871610,Detroit Pistons,59742411602053785892348440048778056320272639465974092140970920277782290781360,0.0175,2026-05-15 19:00:10+00:00
1778871610,Minnesota Timberwolves,5771676627182954113677164857547228277089396639521594262964034606220001939923,0.0065,2026-05-15 19:00:10+00:00
1778871610,Oklahoma City Thunder,49500299856831034491021962156746701298730459370557900271970866855042624695770,0.595,2026-05-15 19:00:10+00:00
1778875206,San Antonio Spurs,102227184035967850089766981958743064457339118173548431660886438726896222843254,0.2205,2026-05-15 20:00:06+00:00
1778875207,New York Knicks,20257190540739490630509657713144742134547949967093643458458133445357169845406,0.1415,2026-05-15 20:00:07+00:00
1778875208,Cleveland Cavaliers,21929863894047830651599085392978377118642353711084157807549430066031384497667,0.0355,2026-05-15 20:00:08+00:00
1778875210,Detroit Pistons,59742411602053785892348440048778056320272639465974092140970920277782290781360,0.0175,2026-05-15 20:00:10+00:00
1778875210,Minnesota Timberwolves,5771676627182954113677164857547228277089396639521594262964034606220001939923,0.0065,2026-05-15 20:00:10+00:00
1778875210,Oklahoma City Thunder,49500299856831034491021962156746701298730459370557900271970866855042624695770,0.595,2026-05-15 20:00:10+00:00
1778878806,San Antonio Spurs,102227184035967850089766981958743064457339118173548431660886438726896222843254,0.218,2026-05-15 21:00:06+00:00
1778878808,New York Knicks,20257190540739490630509657713144742134547949967093643458458133445357169845406,0.1415,2026-05-15 21:00:08+00:00
1778878810,Cleveland Cavaliers,21929863894047830651599085392978377118642353711084157807549430066031384497667,0.0355,2026-05-15 21:00:10+00:00
1778878813,Minnesota Timberwolves,5771676627182954113677164857547228277089396639521594262964034606220001939923,0.0065,2026-05-15 21:00:13+00:00
1778878813,Oklahoma City Thunder,49500299856831034491021962156746701298730459370557900271970866855042624695770,0.595,2026-05-15 21:00:13+00:00
1778878814,Detroit Pistons,59742411602053785892348440048778056320272639465974092140970920277782290781360,0.0175,2026-05-15 21:00:14+00:00
1778882404,San Antonio Spurs,102227184035967850089766981958743064457339118173548431660886438726896222843254,0.2195,2026-05-15 22:00:04+00:00
1778882406,New York Knicks,20257190540739490630509657713144742134547949967093643458458133445357169845406,0.1415,2026-05-15 22:00:06+00:00
1778882407,Cleveland Cavaliers,21929863894047830651599085392978377118642353711084157807549430066031384497667,0.036,2026-05-15 22:00:07+00:00
1778882408,Minnesota Timberwolves,5771676627182954113677164857547228277089396639521594262964034606220001939923,0.0065,2026-05-15 22:00:08+00:00
1778882408,Oklahoma City Thunder,49500299856831034491021962156746701298730459370557900271970866855042624695770,0.595,2026-05-15 22:00:08+00:00
1778882410,Detroit Pistons,59742411602053785892348440048778056320272639465974092140970920277782290781360,0.0175,2026-05-15 22:00:10+00:00
1778886006,San Antonio Spurs,102227184035967850089766981958743064457339118173548431660886438726896222843254,0.2205,2026-05-15 23:00:06+00:00
1778886008,New York Knicks,20257190540739490630509657713144742134547949967093643458458133445357169845406,0.1415,2026-05-15 23:00:08+00:00
1778886009,Cleveland Cavaliers,21929863894047830651599085392978377118642353711084157807549430066031384497667,0.0365,2026-05-15 23:00:09+00:00
1778886010,Minnesota Timberwolves,5771676627182954113677164857547228277089396639521594262964034606220001939923,0.0065,2026-05-15 23:00:10+00:00
1778886010,Oklahoma City Thunder,49500299856831034491021962156746701298730459370557900271970866855042624695770,0.595,2026-05-15 23:00:10+00:00
1778886011,Detroit Pistons,59742411602053785892348440048778056320272639465974092140970920277782290781360,0.0165,2026-05-15 23:00:11+00:00
1778889612,San Antonio Spurs,102227184035967850089766981958743064457339118173548431660886438726896222843254,0.2205,2026-05-16 00:00:12+00:00
1778889616,New York Knicks,20257190540739490630509657713144742134547949967093643458458133445357169845406,0.1395,2026-05-16 00:00:16+00:00
1778889618,Cleveland Cavaliers,21929863894047830651599085392978377118642353711084157807549430066031384497667,0.0305,2026-05-16 00:00:18+00:00
1778889620,Minnesota Timberwolves,5771676627182954113677164857547228277089396639521594262964034606220001939923,0.0065,2026-05-16 00:00:20+00:00
1778889620,Oklahoma City Thunder,49500299856831034491021962156746701298730459370557900271970866855042624695770,0.595,2026-05-16 00:00:20+00:00
1778889621,Detroit Pistons,59742411602053785892348440048778056320272639465974092140970920277782290781360,0.0265,2026-05-16 00:00:21+00:00
1778893209,San Antonio Spurs,102227184035967850089766981958743064457339118173548431660886438726896222843254,0.2205,2026-05-16 01:00:09+00:00
1778893210,New York Knicks,20257190540739490630509657713144742134547949967093643458458133445357169845406,0.141,2026-05-16 01:00:10+00:00
1778893211,Cleveland Cavaliers,21929863894047830651599085392978377118642353711084157807549430066031384497667,0.0275,2026-05-16 01:00:11+00:00
1778893212,Detroit Pistons,59742411602053785892348440048778056320272639465974092140970920277782290781360,0.027,2026-05-16 01:00:12+00:00
1778893212,Minnesota Timberwolves,5771676627182954113677164857547228277089396639521594262964034606220001939923,0.0065,2026-05-16 01:00:12+00:00
1778893212,Oklahoma City Thunder,49500299856831034491021962156746701298730459370557900271970866855042624695770,0.595,2026-05-16 01:00:12+00:00
1778896805,New York Knicks,20257190540739490630509657713144742134547949967093643458458133445357169845406,0.1405,2026-05-16 02:00:05+00:00
1778896805,San Antonio Spurs,102227184035967850089766981958743064457339118173548431660886438726896222843254,0.2205,2026-05-16 02:00:05+00:00
1778896806,Cleveland Cavaliers,21929863894047830651599085392978377118642353711084157807549430066031384497667,0.0195,2026-05-16 02:00:06+00:00
1778896807,Minnesota Timberwolves,5771676627182954113677164857547228277089396639521594262964034606220001939923,0.0055,2026-05-16 02:00:07+00:00
1778896807,Oklahoma City Thunder,49500299856831034491021962156746701298730459370557900271970866855042624695770,0.595,2026-05-16 02:00:07+00:00
1778896808,Detroit Pistons,59742411602053785892348440048778056320272639465974092140970920277782290781360,0.0395,2026-05-16 02:00:08+00:00
1778900416,San Antonio Spurs,102227184035967850089766981958743064457339118173548431660886438726896222843254,0.2345,2026-05-16 03:00:16+00:00
1778900419,New York Knicks,20257190540739490630509657713144742134547949967093643458458133445357169845406,0.1285,2026-05-16 03:00:19+00:00
1778900421,Cleveland Cavaliers,21929863894047830651599085392978377118642353711084157807549430066031384497667,0.0195,2026-05-16 03:00:21+00:00
1778900425,Detroit Pistons,59742411602053785892348440048778056320272639465974092140970920277782290781360,0.036,2026-05-16 03:00:25+00:00
1778900425,Minnesota Timberwolves,5771676627182954113677164857547228277089396639521594262964034606220001939923,0.0025,2026-05-16 03:00:25+00:00
1778900425,Oklahoma City Thunder,49500299856831034491021962156746701298730459370557900271970866855042624695770,0.595,2026-05-16 03:00:25+00:00
1778904007,San Antonio Spurs,102227184035967850089766981958743064457339118173548431660886438726896222843254,0.2425,2026-05-16 04:00:07+00:00
1778904008,New York Knicks,20257190540739490630509657713144742134547949967093643458458133445357169845406,0.132,2026-05-16 04:00:08+00:00
1778904009,Cleveland Cavaliers,21929863894047830651599085392978377118642353711084157807549430066031384497667,0.0185,2026-05-16 04:00:09+00:00
1778904010,Minnesota Timberwolves,5771676627182954113677164857547228277089396639521594262964034606220001939923,0.0005,2026-05-16 04:00:10+00:00
1778904010,Oklahoma City Thunder,49500299856831034491021962156746701298730459370557900271970866855042624695770,0.595,2026-05-16 04:00:10+00:00
1778904011,Detroit Pistons,59742411602053785892348440048778056320272639465974092140970920277782290781360,0.036,2026-05-16 04:00:11+00:00
1778907603,San Antonio Spurs,102227184035967850089766981958743064457339118173548431660886438726896222843254,0.2335,2026-05-16 05:00:03+00:00
1778907604,New York Knicks,20257190540739490630509657713144742134547949967093643458458133445357169845406,0.1355,2026-05-16 05:00:04+00:00
1778907605,Cleveland Cavaliers,21929863894047830651599085392978377118642353711084157807549430066031384497667,0.0185,2026-05-16 05:00:05+00:00
1778907606,Detroit Pistons,59742411602053785892348440048778056320272639465974092140970920277782290781360,0.0405,2026-05-16 05:00:06+00:00
1778907606,Minnesota Timberwolves,5771676627182954113677164857547228277089396639521594262964034606220001939923,0.0005,2026-05-16 05:00:06+00:00
1778907606,Oklahoma City Thunder,49500299856831034491021962156746701298730459370557900271970866855042624695770,0.585,2026-05-16 05:00:06+00:00
1778911203,San Antonio Spurs,102227184035967850089766981958743064457339118173548431660886438726896222843254,0.2275,2026-05-16 06:00:03+00:00
1778911206,New York Knicks,20257190540739490630509657713144742134547949967093643458458133445357169845406,0.1355,2026-05-16 06:00:06+00:00
1778911209,Cleveland Cavaliers,21929863894047830651599085392978377118642353711084157807549430066031384497667,0.0185,2026-05-16 06:00:09+00:00
1778911212,Detroit Pistons,59742411602053785892348440048778056320272639465974092140970920277782290781360,0.0455,2026-05-16 06:00:12+00:00
1778911212,Minnesota Timberwolves,5771676627182954113677164857547228277089396639521594262964034606220001939923,0.0005,2026-05-16 06:00:12+00:00
1778911212,Oklahoma City Thunder,49500299856831034491021962156746701298730459370557900271970866855042624695770,0.585,2026-05-16 06:00:12+00:00
1778914806,San Antonio Spurs,102227184035967850089766981958743064457339118173548431660886438726896222843254,0.2295,2026-05-16 07:00:06+00:00
1778914807,New York Knicks,20257190540739490630509657713144742134547949967093643458458133445357169845406,0.1365,2026-05-16 07:00:07+00:00
1778914808,Cleveland Cavaliers,21929863894047830651599085392978377118642353711084157807549430066031384497667,0.0185,2026-05-16 07:00:08+00:00
1778914810,Detroit Pistons,59742411602053785892348440048778056320272639465974092140970920277782290781360,0.0405,2026-05-16 07:00:10+00:00
1778914810,Minnesota Timberwolves,5771676627182954113677164857547228277089396639521594262964034606220001939923,0.0005,2026-05-16 07:00:10+00:00
1778914810,Oklahoma City Thunder,49500299856831034491021962156746701298730459370557900271970866855042624695770,0.585,2026-05-16 07:00:10+00:00
1778918407,San Antonio Spurs,102227184035967850089766981958743064457339118173548431660886438726896222843254,0.2275,2026-05-16 08:00:07+00:00
1778918408,New York Knicks,20257190540739490630509657713144742134547949967093643458458133445357169845406,0.1385,2026-05-16 08:00:08+00:00
1778918409,Cleveland Cavaliers,21929863894047830651599085392978377118642353711084157807549430066031384497667,0.018,2026-05-16 08:00:09+00:00
1778918410,Detroit Pistons,59742411602053785892348440048778056320272639465974092140970920277782290781360,0.0395,2026-05-16 08:00:10+00:00
1778918410,Oklahoma City Thunder,49500299856831034491021962156746701298730459370557900271970866855042624695770,0.585,2026-05-16 08:00:10+00:00
1778922007,San Antonio Spurs,102227184035967850089766981958743064457339118173548431660886438726896222843254,0.229,2026-05-16 09:00:07+00:00
1778922010,New York Knicks,20257190540739490630509657713144742134547949967093643458458133445357169845406,0.1385,2026-05-16 09:00:10+00:00
1778922012,Cleveland Cavaliers,21929863894047830651599085392978377118642353711084157807549430066031384497667,0.0195,2026-05-16 09:00:12+00:00
1778922014,Detroit Pistons,59742411602053785892348440048778056320272639465974092140970920277782290781360,0.039,2026-05-16 09:00:14+00:00
1778922014,Oklahoma City Thunder,49500299856831034491021962156746701298730459370557900271970866855042624695770,0.585,2026-05-16 09:00:14+00:00
1778925609,San Antonio Spurs,102227184035967850089766981958743064457339118173548431660886438726896222843254,0.2295,2026-05-16 10:00:09+00:00
1778925610,Cleveland Cavaliers,21929863894047830651599085392978377118642353711084157807549430066031384497667,0.0185,2026-05-16 10:00:10+00:00
1778925610,New York Knicks,20257190540739490630509657713144742134547949967093643458458133445357169845406,0.1385,2026-05-16 10:00:10+00:00
1778925612,Detroit Pistons,59742411602053785892348440048778056320272639465974092140970920277782290781360,0.0395,2026-05-16 10:00:12+00:00
1778925612,Oklahoma City Thunder,49500299856831034491021962156746701298730459370557900271970866855042624695770,0.585,2026-05-16 10:00:12+00:00
1778929221,San Antonio Spurs,102227184035967850089766981958743064457339118173548431660886438726896222843254,0.226,2026-05-16 11:00:21+00:00
1778929222,New York Knicks,20257190540739490630509657713144742134547949967093643458458133445357169845406,0.1385,2026-05-16 11:00:22+00:00
1778929223,Cleveland Cavaliers,21929863894047830651599085392978377118642353711084157807549430066031384497667,0.0195,2026-05-16 11:00:23+00:00
1778929225,Detroit Pistons,59742411602053785892348440048778056320272639465974092140970920277782290781360,0.044,2026-05-16 11:00:25+00:00
1778929225,Oklahoma City Thunder,49500299856831034491021962156746701298730459370557900271970866855042624695770,0.585,2026-05-16 11:00:25+00:00
1778932809,San Antonio Spurs,102227184035967850089766981958743064457339118173548431660886438726896222843254,0.225,2026-05-16 12:00:09+00:00
1778932812,New York Knicks,20257190540739490630509657713144742134547949967093643458458133445357169845406,0.1385,2026-05-16 12:00:12+00:00
1778932814,Cleveland Cavaliers,21929863894047830651599085392978377118642353711084157807549430066031384497667,0.0195,2026-05-16 12:00:14+00:00
1778932817,Detroit Pistons,59742411602053785892348440048778056320272639465974092140970920277782290781360,0.044,2026-05-16 12:00:17+00:00
1778932817,Oklahoma City Thunder,49500299856831034491021962156746701298730459370557900271970866855042624695770,0.585,2026-05-16 12:00:17+00:00
1778936407,San Antonio Spurs,102227184035967850089766981958743064457339118173548431660886438726896222843254,0.2285,2026-05-16 13:00:07+00:00
1778936409,New York Knicks,20257190540739490630509657713144742134547949967093643458458133445357169845406,0.1385,2026-05-16 13:00:09+00:00
1778936411,Cleveland Cavaliers,21929863894047830651599085392978377118642353711084157807549430066031384497667,0.0195,2026-05-16 13:00:11+00:00
1778936413,Oklahoma City Thunder,49500299856831034491021962156746701298730459370557900271970866855042624695770,0.585,2026-05-16 13:00:13+00:00
1778936415,Detroit Pistons,59742411602053785892348440048778056320272639465974092140970920277782290781360,0.0435,2026-05-16 13:00:15+00:00
1778940006,San Antonio Spurs,102227184035967850089766981958743064457339118173548431660886438726896222843254,0.2285,2026-05-16 14:00:06+00:00
1778940007,New York Knicks,20257190540739490630509657713144742134547949967093643458458133445357169845406,0.1385,2026-05-16 14:00:07+00:00
1778940008,Cleveland Cavaliers,21929863894047830651599085392978377118642353711084157807549430066031384497667,0.0195,2026-05-16 14:00:08+00:00
1778940009,Oklahoma City Thunder,49500299856831034491021962156746701298730459370557900271970866855042624695770,0.585,2026-05-16 14:00:09+00:00
1778940010,Detroit Pistons,59742411602053785892348440048778056320272639465974092140970920277782290781360,0.0435,2026-05-16 14:00:10+00:00
1778943608,San Antonio Spurs,102227184035967850089766981958743064457339118173548431660886438726896222843254,0.2285,2026-05-16 15:00:08+00:00
1778943611,New York Knicks,20257190540739490630509657713144742134547949967093643458458133445357169845406,0.1385,2026-05-16 15:00:11+00:00
1778943613,Cleveland Cavaliers,21929863894047830651599085392978377118642353711084157807549430066031384497667,0.0195,2026-05-16 15:00:13+00:00
1778943616,Detroit Pistons,59742411602053785892348440048778056320272639465974092140970920277782290781360,0.0405,2026-05-16 15:00:16+00:00
1778943616,Oklahoma City Thunder,49500299856831034491021962156746701298730459370557900271970866855042624695770,0.585,2026-05-16 15:00:16+00:00
1778947206,San Antonio Spurs,102227184035967850089766981958743064457339118173548431660886438726896222843254,0.2295,2026-05-16 16:00:06+00:00
1778947207,New York Knicks,20257190540739490630509657713144742134547949967093643458458133445357169845406,0.1385,2026-05-16 16:00:07+00:00
1778947208,Cleveland Cavaliers,21929863894047830651599085392978377118642353711084157807549430066031384497667,0.0195,2026-05-16 16:00:08+00:00
1778947208,Oklahoma City Thunder,49500299856831034491021962156746701298730459370557900271970866855042624695770,0.585,2026-05-16 16:00:08+00:00
1778947209,Detroit Pistons,59742411602053785892348440048778056320272639465974092140970920277782290781360,0.04,2026-05-16 16:00:09+00:00
1778950811,San Antonio Spurs,102227184035967850089766981958743064457339118173548431660886438726896222843254,0.2295,2026-05-16 17:00:11+00:00
1778950813,New York Knicks,20257190540739490630509657713144742134547949967093643458458133445357169845406,0.1385,2026-05-16 17:00:13+00:00
1778950815,Cleveland Cavaliers,21929863894047830651599085392978377118642353711084157807549430066031384497667,0.0195,2026-05-16 17:00:15+00:00
1778950817,Oklahoma City Thunder,49500299856831034491021962156746701298730459370557900271970866855042624695770,0.585,2026-05-16 17:00:17+00:00
1778950819,Detroit Pistons,59742411602053785892348440048778056320272639465974092140970920277782290781360,0.0425,2026-05-16 17:00:19+00:00
1778954406,San Antonio Spurs,102227184035967850089766981958743064457339118173548431660886438726896222843254,0.2295,2026-05-16 18:00:06+00:00
1778954409,New York Knicks,20257190540739490630509657713144742134547949967093643458458133445357169845406,0.1385,2026-05-16 18:00:09+00:00
1778954411,Cleveland Cavaliers,21929863894047830651599085392978377118642353711084157807549430066031384497667,0.0195,2026-05-16 18:00:11+00:00
1778954413,Oklahoma City Thunder,49500299856831034491021962156746701298730459370557900271970866855042624695770,0.585,2026-05-16 18:00:13+00:00
1778954414,Detroit Pistons,59742411602053785892348440048778056320272639465974092140970920277782290781360,0.041,2026-05-16 18:00:14+00:00
1778958004,San Antonio Spurs,102227184035967850089766981958743064457339118173548431660886438726896222843254,0.2295,2026-05-16 19:00:04+00:00
1778958005,New York Knicks,20257190540739490630509657713144742134547949967093643458458133445357169845406,0.1385,2026-05-16 19:00:05+00:00
1778958006,Cleveland Cavaliers,21929863894047830651599085392978377118642353711084157807549430066031384497667,0.0195,2026-05-16 19:00:06+00:00
1778958007,Detroit Pistons,59742411602053785892348440048778056320272639465974092140970920277782290781360,0.0405,2026-05-16 19:00:07+00:00
1778958007,Oklahoma City Thunder,49500299856831034491021962156746701298730459370557900271970866855042624695770,0.585,2026-05-16 19:00:07+00:00
1778961607,San Antonio Spurs,102227184035967850089766981958743064457339118173548431660886438726896222843254,0.2295,2026-05-16 20:00:07+00:00
1778961608,New York Knicks,20257190540739490630509657713144742134547949967093643458458133445357169845406,0.1435,2026-05-16 20:00:08+00:00
1778961609,Cleveland Cavaliers,21929863894047830651599085392978377118642353711084157807549430066031384497667,0.0195,2026-05-16 20:00:09+00:00
1778961610,Detroit Pistons,59742411602053785892348440048778056320272639465974092140970920277782290781360,0.0395,2026-05-16 20:00:10+00:00
1778961610,Oklahoma City Thunder,49500299856831034491021962156746701298730459370557900271970866855042624695770,0.585,2026-05-16 20:00:10+00:00
1778965208,San Antonio Spurs,102227184035967850089766981958743064457339118173548431660886438726896222843254,0.2295,2026-05-16 21:00:08+00:00
1778965211,New York Knicks,20257190540739490630509657713144742134547949967093643458458133445357169845406,0.143,2026-05-16 21:00:11+00:00
1778965213,Cleveland Cavaliers,21929863894047830651599085392978377118642353711084157807549430066031384497667,0.0195,2026-05-16 21:00:13+00:00
1778965215,Detroit Pistons,59742411602053785892348440048778056320272639465974092140970920277782290781360,0.0385,2026-05-16 21:00:15+00:00
1778965215,Oklahoma City Thunder,49500299856831034491021962156746701298730459370557900271970866855042624695770,0.585,2026-05-16 21:00:15+00:00
1778968805,San Antonio Spurs,102227184035967850089766981958743064457339118173548431660886438726896222843254,0.2295,2026-05-16 22:00:05+00:00
1778968806,New York Knicks,20257190540739490630509657713144742134547949967093643458458133445357169845406,0.1425,2026-05-16 22:00:06+00:00
1778968807,Cleveland Cavaliers,21929863894047830651599085392978377118642353711084157807549430066031384497667,0.0195,2026-05-16 22:00:07+00:00
1778968808,Detroit Pistons,59742411602053785892348440048778056320272639465974092140970920277782290781360,0.0385,2026-05-16 22:00:08+00:00
1778968808,Oklahoma City Thunder,49500299856831034491021962156746701298730459370557900271970866855042624695770,0.585,2026-05-16 22:00:08+00:00
1778972404,San Antonio Spurs,102227184035967850089766981958743064457339118173548431660886438726896222843254,0.2295,2026-05-16 23:00:04+00:00
1778972406,New York Knicks,20257190540739490630509657713144742134547949967093643458458133445357169845406,0.1435,2026-05-16 23:00:06+00:00
1778972407,Cleveland Cavaliers,21929863894047830651599085392978377118642353711084157807549430066031384497667,0.0195,2026-05-16 23:00:07+00:00
1778972408,Detroit Pistons,59742411602053785892348440048778056320272639465974092140970920277782290781360,0.0385,2026-05-16 23:00:08+00:00
1778972408,Oklahoma City Thunder,49500299856831034491021962156746701298730459370557900271970866855042624695770,0.585,2026-05-16 23:00:08+00:00
1778976023,San Antonio Spurs,102227184035967850089766981958743064457339118173548431660886438726896222843254,0.2295,2026-05-17 00:00:23+00:00
1778976027,New York Knicks,20257190540739490630509657713144742134547949967093643458458133445357169845406,0.1435,2026-05-17 00:00:27+00:00
1778976028,Cleveland Cavaliers,21929863894047830651599085392978377118642353711084157807549430066031384497667,0.0195,2026-05-17 00:00:28+00:00
1778976030,Oklahoma City Thunder,49500299856831034491021962156746701298730459370557900271970866855042624695770,0.585,2026-05-17 00:00:30+00:00
1778976031,Detroit Pistons,59742411602053785892348440048778056320272639465974092140970920277782290781360,0.0395,2026-05-17 00:00:31+00:00
1778979605,San Antonio Spurs,102227184035967850089766981958743064457339118173548431660886438726896222843254,0.2295,2026-05-17 01:00:05+00:00
1778979606,Cleveland Cavaliers,21929863894047830651599085392978377118642353711084157807549430066031384497667,0.0195,2026-05-17 01:00:06+00:00
1778979606,New York Knicks,20257190540739490630509657713144742134547949967093643458458133445357169845406,0.1435,2026-05-17 01:00:06+00:00
1778979607,Detroit Pistons,59742411602053785892348440048778056320272639465974092140970920277782290781360,0.0395,2026-05-17 01:00:07+00:00
1778979607,Oklahoma City Thunder,49500299856831034491021962156746701298730459370557900271970866855042624695770,0.585,2026-05-17 01:00:07+00:00
1778983206,San Antonio Spurs,102227184035967850089766981958743064457339118173548431660886438726896222843254,0.2295,2026-05-17 02:00:06+00:00
1778983207,New York Knicks,20257190540739490630509657713144742134547949967093643458458133445357169845406,0.1425,2026-05-17 02:00:07+00:00
1778983208,Cleveland Cavaliers,21929863894047830651599085392978377118642353711084157807549430066031384497667,0.0195,2026-05-17 02:00:08+00:00
1778983209,Detroit Pistons,59742411602053785892348440048778056320272639465974092140970920277782290781360,0.039,2026-05-17 02:00:09+00:00
1778983209,Oklahoma City Thunder,49500299856831034491021962156746701298730459370557900271970866855042624695770,0.585,2026-05-17 02:00:09+00:00
1778986805,San Antonio Spurs,102227184035967850089766981958743064457339118173548431660886438726896222843254,0.2295,2026-05-17 03:00:05+00:00
1778986807,New York Knicks,20257190540739490630509657713144742134547949967093643458458133445357169845406,0.1425,2026-05-17 03:00:07+00:00
1778986809,Cleveland Cavaliers,21929863894047830651599085392978377118642353711084157807549430066031384497667,0.0195,2026-05-17 03:00:09+00:00
1778986811,Oklahoma City Thunder,49500299856831034491021962156746701298730459370557900271970866855042624695770,0.585,2026-05-17 03:00:11+00:00
1778986812,Detroit Pistons,59742411602053785892348440048778056320272639465974092140970920277782290781360,0.039,2026-05-17 03:00:12+00:00
1778990404,San Antonio Spurs,102227184035967850089766981958743064457339118173548431660886438726896222843254,0.2295,2026-05-17 04:00:04+00:00
1778990405,New York Knicks,20257190540739490630509657713144742134547949967093643458458133445357169845406,0.1425,2026-05-17 04:00:05+00:00
1778990406,Cleveland Cavaliers,21929863894047830651599085392978377118642353711084157807549430066031384497667,0.0195,2026-05-17 04:00:06+00:00
1778990406,Detroit Pistons,59742411602053785892348440048778056320272639465974092140970920277782290781360,0.0395,2026-05-17 04:00:06+00:00
1778990406,Oklahoma City Thunder,49500299856831034491021962156746701298730459370557900271970866855042624695770,0.585,2026-05-17 04:00:06+00:00
1778994005,San Antonio Spurs,102227184035967850089766981958743064457339118173548431660886438726896222843254,0.2295,2026-05-17 05:00:05+00:00
1778994007,Cleveland Cavaliers,21929863894047830651599085392978377118642353711084157807549430066031384497667,0.0195,2026-05-17 05:00:07+00:00
1778994007,New York Knicks,20257190540739490630509657713144742134547949967093643458458133445357169845406,0.1435,2026-05-17 05:00:07+00:00
1778994008,Detroit Pistons,59742411602053785892348440048778056320272639465974092140970920277782290781360,0.0395,2026-05-17 05:00:08+00:00
1778994008,Oklahoma City Thunder,49500299856831034491021962156746701298730459370557900271970866855042624695770,0.585,2026-05-17 05:00:08+00:00
1778997610,San Antonio Spurs,102227184035967850089766981958743064457339118173548431660886438726896222843254,0.2295,2026-05-17 06:00:10+00:00
1778997613,New York Knicks,20257190540739490630509657713144742134547949967093643458458133445357169845406,0.1435,2026-05-17 06:00:13+00:00
1778997614,Cleveland Cavaliers,21929863894047830651599085392978377118642353711084157807549430066031384497667,0.0195,2026-05-17 06:00:14+00:00
1778997617,Detroit Pistons,59742411602053785892348440048778056320272639465974092140970920277782290781360,0.0365,2026-05-17 06:00:17+00:00
1778997617,Oklahoma City Thunder,49500299856831034491021962156746701298730459370557900271970866855042624695770,0.585,2026-05-17 06:00:17+00:00
1779001223,San Antonio Spurs,102227184035967850089766981958743064457339118173548431660886438726896222843254,0.23,2026-05-17 07:00:23+00:00
1779001224,New York Knicks,20257190540739490630509657713144742134547949967093643458458133445357169845406,0.1425,2026-05-17 07:00:24+00:00
1779001225,Cleveland Cavaliers,21929863894047830651599085392978377118642353711084157807549430066031384497667,0.0195,2026-05-17 07:00:25+00:00
1779001226,Detroit Pistons,59742411602053785892348440048778056320272639465974092140970920277782290781360,0.0365,2026-05-17 07:00:26+00:00
1779001226,Oklahoma City Thunder,49500299856831034491021962156746701298730459370557900271970866855042624695770,0.585,2026-05-17 07:00:26+00:00
1779004806,San Antonio Spurs,102227184035967850089766981958743064457339118173548431660886438726896222843254,0.2305,2026-05-17 08:00:06+00:00
1779004808,Cleveland Cavaliers,21929863894047830651599085392978377118642353711084157807549430066031384497667,0.0195,2026-05-17 08:00:08+00:00
1779004808,New York Knicks,20257190540739490630509657713144742134547949967093643458458133445357169845406,0.1425,2026-05-17 08:00:08+00:00
1779004809,Detroit Pistons,59742411602053785892348440048778056320272639465974092140970920277782290781360,0.0375,2026-05-17 08:00:09+00:00
1779004809,Oklahoma City Thunder,49500299856831034491021962156746701298730459370557900271970866855042624695770,0.585,2026-05-17 08:00:09+00:00
1779008405,San Antonio Spurs,102227184035967850089766981958743064457339118173548431660886438726896222843254,0.2305,2026-05-17 09:00:05+00:00
1779008407,New York Knicks,20257190540739490630509657713144742134547949967093643458458133445357169845406,0.1425,2026-05-17 09:00:07+00:00
1779008409,Cleveland Cavaliers,21929863894047830651599085392978377118642353711084157807549430066031384497667,0.0195,2026-05-17 09:00:09+00:00
1779008413,Oklahoma City Thunder,49500299856831034491021962156746701298730459370557900271970866855042624695770,0.585,2026-05-17 09:00:13+00:00
1779008414,Detroit Pistons,59742411602053785892348440048778056320272639465974092140970920277782290781360,0.0375,2026-05-17 09:00:14+00:00
1779012006,San Antonio Spurs,102227184035967850089766981958743064457339118173548431660886438726896222843254,0.2305,2026-05-17 10:00:06+00:00
1779012007,New York Knicks,20257190540739490630509657713144742134547949967093643458458133445357169845406,0.1425,2026-05-17 10:00:07+00:00
1779012008,Cleveland Cavaliers,21929863894047830651599085392978377118642353711084157807549430066031384497667,0.0195,2026-05-17 10:00:08+00:00
1779012009,Detroit Pistons,59742411602053785892348440048778056320272639465974092140970920277782290781360,0.0375,2026-05-17 10:00:09+00:00
1779012009,Oklahoma City Thunder,49500299856831034491021962156746701298730459370557900271970866855042624695770,0.585,2026-05-17 10:00:09+00:00
1779015611,San Antonio Spurs,102227184035967850089766981958743064457339118173548431660886438726896222843254,0.2305,2026-05-17 11:00:11+00:00
1779015612,New York Knicks,20257190540739490630509657713144742134547949967093643458458133445357169845406,0.1425,2026-05-17 11:00:12+00:00
1779015613,Cleveland Cavaliers,21929863894047830651599085392978377118642353711084157807549430066031384497667,0.0195,2026-05-17 11:00:13+00:00
1779015614,Detroit Pistons,59742411602053785892348440048778056320272639465974092140970920277782290781360,0.0375,2026-05-17 11:00:14+00:00
1779015614,Oklahoma City Thunder,49500299856831034491021962156746701298730459370557900271970866855042624695770,0.585,2026-05-17 11:00:14+00:00
1779019206,San Antonio Spurs,102227184035967850089766981958743064457339118173548431660886438726896222843254,0.2305,2026-05-17 12:00:06+00:00
1779019211,New York Knicks,20257190540739490630509657713144742134547949967093643458458133445357169845406,0.1425,2026-05-17 12:00:11+00:00
1779019213,Cleveland Cavaliers,21929863894047830651599085392978377118642353711084157807549430066031384497667,0.0195,2026-05-17 12:00:13+00:00
1779019216,Oklahoma City Thunder,49500299856831034491021962156746701298730459370557900271970866855042624695770,0.585,2026-05-17 12:00:16+00:00
1779019217,Detroit Pistons,59742411602053785892348440048778056320272639465974092140970920277782290781360,0.0375,2026-05-17 12:00:17+00:00
1779022805,San Antonio Spurs,102227184035967850089766981958743064457339118173548431660886438726896222843254,0.2305,2026-05-17 13:00:05+00:00
1779022806,New York Knicks,20257190540739490630509657713144742134547949967093643458458133445357169845406,0.1425,2026-05-17 13:00:06+00:00
1779022807,Cleveland Cavaliers,21929863894047830651599085392978377118642353711084157807549430066031384497667,0.0195,2026-05-17 13:00:07+00:00
1779022807,Detroit Pistons,59742411602053785892348440048778056320272639465974092140970920277782290781360,0.0375,2026-05-17 13:00:07+00:00
1779022807,Oklahoma City Thunder,49500299856831034491021962156746701298730459370557900271970866855042624695770,0.585,2026-05-17 13:00:07+00:00
1779026404,San Antonio Spurs,102227184035967850089766981958743064457339118173548431660886438726896222843254,0.2305,2026-05-17 14:00:04+00:00
1779026407,New York Knicks,20257190540739490630509657713144742134547949967093643458458133445357169845406,0.1425,2026-05-17 14:00:07+00:00
1779026408,Cleveland Cavaliers,21929863894047830651599085392978377118642353711084157807549430066031384497667,0.0195,2026-05-17 14:00:08+00:00
1779026409,Detroit Pistons,59742411602053785892348440048778056320272639465974092140970920277782290781360,0.0375,2026-05-17 14:00:09+00:00
1779026409,Oklahoma City Thunder,49500299856831034491021962156746701298730459370557900271970866855042624695770,0.585,2026-05-17 14:00:09+00:00
1779030007,San Antonio Spurs,102227184035967850089766981958743064457339118173548431660886438726896222843254,0.231,2026-05-17 15:00:07+00:00
1779030010,New York Knicks,20257190540739490630509657713144742134547949967093643458458133445357169845406,0.1425,2026-05-17 15:00:10+00:00
1779030011,Cleveland Cavaliers,21929863894047830651599085392978377118642353711084157807549430066031384497667,0.0195,2026-05-17 15:00:11+00:00
1779030013,Oklahoma City Thunder,49500299856831034491021962156746701298730459370557900271970866855042624695770,0.585,2026-05-17 15:00:13+00:00
1779030014,Detroit Pistons,59742411602053785892348440048778056320272639465974092140970920277782290781360,0.0375,2026-05-17 15:00:14+00:00
1779033607,New York Knicks,20257190540739490630509657713144742134547949967093643458458133445357169845406,0.142,2026-05-17 16:00:07+00:00
1779033607,San Antonio Spurs,102227184035967850089766981958743064457339118173548431660886438726896222843254,0.232,2026-05-17 16:00:07+00:00
1779033608,Cleveland Cavaliers,21929863894047830651599085392978377118642353711084157807549430066031384497667,0.0195,2026-05-17 16:00:08+00:00
1779033609,Detroit Pistons,59742411602053785892348440048778056320272639465974092140970920277782290781360,0.0375,2026-05-17 16:00:09+00:00
1779033609,Oklahoma City Thunder,49500299856831034491021962156746701298730459370557900271970866855042624695770,0.585,2026-05-17 16:00:09+00:00
1779037208,San Antonio Spurs,102227184035967850089766981958743064457339118173548431660886438726896222843254,0.238,2026-05-17 17:00:08+00:00
1779037215,New York Knicks,20257190540739490630509657713144742134547949967093643458458133445357169845406,0.1405,2026-05-17 17:00:15+00:00
1779037221,Cleveland Cavaliers,21929863894047830651599085392978377118642353711084157807549430066031384497667,0.0185,2026-05-17 17:00:21+00:00
1779037231,Oklahoma City Thunder,49500299856831034491021962156746701298730459370557900271970866855042624695770,0.585,2026-05-17 17:00:31+00:00
1779037237,Detroit Pistons,59742411602053785892348440048778056320272639465974092140970920277782290781360,0.0365,2026-05-17 17:00:37+00:00
1779040807,San Antonio Spurs,102227184035967850089766981958743064457339118173548431660886438726896222843254,0.237,2026-05-17 18:00:07+00:00
1779040810,New York Knicks,20257190540739490630509657713144742134547949967093643458458133445357169845406,0.1405,2026-05-17 18:00:10+00:00
1779040813,Cleveland Cavaliers,21929863894047830651599085392978377118642353711084157807549430066031384497667,0.0185,2026-05-17 18:00:13+00:00
1779040814,Oklahoma City Thunder,49500299856831034491021962156746701298730459370557900271970866855042624695770,0.585,2026-05-17 18:00:14+00:00
1779040815,Detroit Pistons,59742411602053785892348440048778056320272639465974092140970920277782290781360,0.0365,2026-05-17 18:00:15+00:00
1779044407,San Antonio Spurs,102227184035967850089766981958743064457339118173548431660886438726896222843254,0.2455,2026-05-17 19:00:07+00:00
1779044408,Cleveland Cavaliers,21929863894047830651599085392978377118642353711084157807549430066031384497667,0.0195,2026-05-17 19:00:08+00:00
1779044408,New York Knicks,20257190540739490630509657713144742134547949967093643458458133445357169845406,0.1295,2026-05-17 19:00:08+00:00
1779044409,Detroit Pistons,59742411602053785892348440048778056320272639465974092140970920277782290781360,0.0385,2026-05-17 19:00:09+00:00
1779044409,Oklahoma City Thunder,49500299856831034491021962156746701298730459370557900271970866855042624695770,0.585,2026-05-17 19:00:09+00:00
1779048005,San Antonio Spurs,102227184035967850089766981958743064457339118173548431660886438726896222843254,0.2455,2026-05-17 20:00:05+00:00
1779048007,New York Knicks,20257190540739490630509657713144742134547949967093643458458133445357169845406,0.1305,2026-05-17 20:00:07+00:00
1779048009,Cleveland Cavaliers,21929863894047830651599085392978377118642353711084157807549430066031384497667,0.0175,2026-05-17 20:00:09+00:00
1779048010,Detroit Pistons,59742411602053785892348440048778056320272639465974092140970920277782290781360,0.038,2026-05-17 20:00:10+00:00
1779048010,Oklahoma City Thunder,49500299856831034491021962156746701298730459370557900271970866855042624695770,0.585,2026-05-17 20:00:10+00:00
1779051610,San Antonio Spurs,102227184035967850089766981958743064457339118173548431660886438726896222843254,0.2455,2026-05-17 21:00:10+00:00
1779051613,New York Knicks,20257190540739490630509657713144742134547949967093643458458133445357169845406,0.1255,2026-05-17 21:00:13+00:00
1779051615,Cleveland Cavaliers,21929863894047830651599085392978377118642353711084157807549430066031384497667,0.0165,2026-05-17 21:00:15+00:00
1779051618,Oklahoma City Thunder,49500299856831034491021962156746701298730459370557900271970866855042624695770,0.585,2026-05-17 21:00:18+00:00
1779051619,Detroit Pistons,59742411602053785892348440048778056320272639465974092140970920277782290781360,0.0395,2026-05-17 21:00:19+00:00
1779055206,San Antonio Spurs,102227184035967850089766981958743064457339118173548431660886438726896222843254,0.2445,2026-05-17 22:00:06+00:00
1779055207,New York Knicks,20257190540739490630509657713144742134547949967093643458458133445357169845406,0.127,2026-05-17 22:00:07+00:00
1779055208,Cleveland Cavaliers,21929863894047830651599085392978377118642353711084157807549430066031384497667,0.0165,2026-05-17 22:00:08+00:00
1779055208,Detroit Pistons,59742411602053785892348440048778056320272639465974092140970920277782290781360,0.0405,2026-05-17 22:00:08+00:00
1779055208,Oklahoma City Thunder,49500299856831034491021962156746701298730459370557900271970866855042624695770,0.585,2026-05-17 22:00:08+00:00
1779058808,San Antonio Spurs,102227184035967850089766981958743064457339118173548431660886438726896222843254,0.2445,2026-05-17 23:00:08+00:00
1779058809,Cleveland Cavaliers,21929863894047830651599085392978377118642353711084157807549430066031384497667,0.0165,2026-05-17 23:00:09+00:00
1779058809,New York Knicks,20257190540739490630509657713144742134547949967093643458458133445357169845406,0.1305,2026-05-17 23:00:09+00:00
1779058810,Detroit Pistons,59742411602053785892348440048778056320272639465974092140970920277782290781360,0.0395,2026-05-17 23:00:10+00:00
1779058810,Oklahoma City Thunder,49500299856831034491021962156746701298730459370557900271970866855042624695770,0.585,2026-05-17 23:00:10+00:00
1779062407,San Antonio Spurs,102227184035967850089766981958743064457339118173548431660886438726896222843254,0.24,2026-05-18 00:00:07+00:00
1779062410,New York Knicks,20257190540739490630509657713144742134547949967093643458458133445357169845406,0.1405,2026-05-18 00:00:10+00:00
1779062413,Cleveland Cavaliers,21929863894047830651599085392978377118642353711084157807549430066031384497667,0.0155,2026-05-18 00:00:13+00:00
1779062415,Oklahoma City Thunder,49500299856831034491021962156746701298730459370557900271970866855042624695770,0.585,2026-05-18 00:00:15+00:00
1779062416,Detroit Pistons,59742411602053785892348440048778056320272639465974092140970920277782290781360,0.0385,2026-05-18 00:00:16+00:00
1779066006,San Antonio Spurs,102227184035967850089766981958743064457339118173548431660886438726896222843254,0.242,2026-05-18 01:00:06+00:00
1779066007,Cleveland Cavaliers,21929863894047830651599085392978377118642353711084157807549430066031384497667,0.0275,2026-05-18 01:00:07+00:00
1779066007,New York Knicks,20257190540739490630509657713144742134547949967093643458458133445357169845406,0.1325,2026-05-18 01:00:07+00:00
1779066008,Detroit Pistons,59742411602053785892348440048778056320272639465974092140970920277782290781360,0.0235,2026-05-18 01:00:08+00:00
1779066008,Oklahoma City Thunder,49500299856831034491021962156746701298730459370557900271970866855042624695770,0.585,2026-05-18 01:00:08+00:00
1779069604,San Antonio Spurs,102227184035967850089766981958743064457339118173548431660886438726896222843254,0.2405,2026-05-18 02:00:04+00:00
1779069605,New York Knicks,20257190540739490630509657713144742134547949967093643458458133445357169845406,0.139,2026-05-18 02:00:05+00:00
1779069606,Cleveland Cavaliers,21929863894047830651599085392978377118642353711084157807549430066031384497667,0.0455,2026-05-18 02:00:06+00:00
1779069606,Detroit Pistons,59742411602053785892348440048778056320272639465974092140970920277782290781360,0.0035,2026-05-18 02:00:06+00:00
1779069606,Oklahoma City Thunder,49500299856831034491021962156746701298730459370557900271970866855042624695770,0.585,2026-05-18 02:00:06+00:00
1779073205,San Antonio Spurs,102227184035967850089766981958743064457339118173548431660886438726896222843254,0.241,2026-05-18 03:00:05+00:00
1779073208,New York Knicks,20257190540739490630509657713144742134547949967093643458458133445357169845406,0.1405,2026-05-18 03:00:08+00:00
1779073210,Cleveland Cavaliers,21929863894047830651599085392978377118642353711084157807549430066031384497667,0.0485,2026-05-18 03:00:10+00:00
1779073212,Detroit Pistons,59742411602053785892348440048778056320272639465974092140970920277782290781360,0.0005,2026-05-18 03:00:12+00:00
1779073212,Oklahoma City Thunder,49500299856831034491021962156746701298730459370557900271970866855042624695770,0.585,2026-05-18 03:00:12+00:00
1779076804,San Antonio Spurs,102227184035967850089766981958743064457339118173548431660886438726896222843254,0.238,2026-05-18 04:00:04+00:00
1779076805,New York Knicks,20257190540739490630509657713144742134547949967093643458458133445357169845406,0.1405,2026-05-18 04:00:05+00:00
1779076806,Cleveland Cavaliers,21929863894047830651599085392978377118642353711084157807549430066031384497667,0.0445,2026-05-18 04:00:06+00:00
1779076806,Detroit Pistons,59742411602053785892348440048778056320272639465974092140970920277782290781360,0.0005,2026-05-18 04:00:06+00:00
1779076806,Oklahoma City Thunder,49500299856831034491021962156746701298730459370557900271970866855042624695770,0.585,2026-05-18 04:00:06+00:00
1779080418,San Antonio Spurs,102227184035967850089766981958743064457339118173548431660886438726896222843254,0.2375,2026-05-18 05:00:18+00:00
1779080419,New York Knicks,20257190540739490630509657713144742134547949967093643458458133445357169845406,0.1375,2026-05-18 05:00:19+00:00
1779080420,Cleveland Cavaliers,21929863894047830651599085392978377118642353711084157807549430066031384497667,0.0425,2026-05-18 05:00:20+00:00
1779080421,Detroit Pistons,59742411602053785892348440048778056320272639465974092140970920277782290781360,0.0005,2026-05-18 05:00:21+00:00
1779080421,Oklahoma City Thunder,49500299856831034491021962156746701298730459370557900271970866855042624695770,0.585,2026-05-18 05:00:21+00:00
1779084006,San Antonio Spurs,102227184035967850089766981958743064457339118173548431660886438726896222843254,0.2395,2026-05-18 06:00:06+00:00
1779084008,New York Knicks,20257190540739490630509657713144742134547949967093643458458133445357169845406,0.1375,2026-05-18 06:00:08+00:00
1779084010,Cleveland Cavaliers,21929863894047830651599085392978377118642353711084157807549430066031384497667,0.038,2026-05-18 06:00:10+00:00
1779084012,Detroit Pistons,59742411602053785892348440048778056320272639465974092140970920277782290781360,0.0005,2026-05-18 06:00:12+00:00
1779084012,Oklahoma City Thunder,49500299856831034491021962156746701298730459370557900271970866855042624695770,0.585,2026-05-18 06:00:12+00:00
1779087604,San Antonio Spurs,102227184035967850089766981958743064457339118173548431660886438726896222843254,0.2355,2026-05-18 07:00:04+00:00
1779087605,New York Knicks,20257190540739490630509657713144742134547949967093643458458133445357169845406,0.1385,2026-05-18 07:00:05+00:00
1779087607,Cleveland Cavaliers,21929863894047830651599085392978377118642353711084157807549430066031384497667,0.0395,2026-05-18 07:00:07+00:00
1779087609,Oklahoma City Thunder,49500299856831034491021962156746701298730459370557900271970866855042624695770,0.585,2026-05-18 07:00:09+00:00
1779091203,San Antonio Spurs,102227184035967850089766981958743064457339118173548431660886438726896222843254,0.2395,2026-05-18 08:00:03+00:00
1779091205,Cleveland Cavaliers,21929863894047830651599085392978377118642353711084157807549430066031384497667,0.0395,2026-05-18 08:00:05+00:00
1779091205,New York Knicks,20257190540739490630509657713144742134547949967093643458458133445357169845406,0.1375,2026-05-18 08:00:05+00:00
1779091206,Oklahoma City Thunder,49500299856831034491021962156746701298730459370557900271970866855042624695770,0.585,2026-05-18 08:00:06+00:00
1779094804,San Antonio Spurs,102227184035967850089766981958743064457339118173548431660886438726896222843254,0.2405,2026-05-18 09:00:04+00:00
1779094806,New York Knicks,20257190540739490630509657713144742134547949967093643458458133445357169845406,0.1365,2026-05-18 09:00:06+00:00
1779094808,Cleveland Cavaliers,21929863894047830651599085392978377118642353711084157807549430066031384497667,0.0395,2026-05-18 09:00:08+00:00
1779094810,Oklahoma City Thunder,49500299856831034491021962156746701298730459370557900271970866855042624695770,0.585,2026-05-18 09:00:10+00:00
1779098406,San Antonio Spurs,102227184035967850089766981958743064457339118173548431660886438726896222843254,0.2415,2026-05-18 10:00:06+00:00
1779098407,New York Knicks,20257190540739490630509657713144742134547949967093643458458133445357169845406,0.1365,2026-05-18 10:00:07+00:00
1779098408,Cleveland Cavaliers,21929863894047830651599085392978377118642353711084157807549430066031384497667,0.0395,2026-05-18 10:00:08+00:00
1779098408,Oklahoma City Thunder,49500299856831034491021962156746701298730459370557900271970866855042624695770,0.585,2026-05-18 10:00:08+00:00
1779102004,San Antonio Spurs,102227184035967850089766981958743064457339118173548431660886438726896222843254,0.2455,2026-05-18 11:00:04+00:00
1779102005,New York Knicks,20257190540739490630509657713144742134547949967093643458458133445357169845406,0.1405,2026-05-18 11:00:05+00:00
1779102006,Cleveland Cavaliers,21929863894047830651599085392978377118642353711084157807549430066031384497667,0.0385,2026-05-18 11:00:06+00:00
1779102007,Oklahoma City Thunder,49500299856831034491021962156746701298730459370557900271970866855042624695770,0.585,2026-05-18 11:00:07+00:00
1779105606,San Antonio Spurs,102227184035967850089766981958743064457339118173548431660886438726896222843254,0.2455,2026-05-18 12:00:06+00:00
1779105609,New York Knicks,20257190540739490630509657713144742134547949967093643458458133445357169845406,0.1405,2026-05-18 12:00:09+00:00
1779105611,Cleveland Cavaliers,21929863894047830651599085392978377118642353711084157807549430066031384497667,0.0385,2026-05-18 12:00:11+00:00
1779105614,Oklahoma City Thunder,49500299856831034491021962156746701298730459370557900271970866855042624695770,0.585,2026-05-18 12:00:14+00:00
1779109204,San Antonio Spurs,102227184035967850089766981958743064457339118173548431660886438726896222843254,0.2455,2026-05-18 13:00:04+00:00
1779109205,Cleveland Cavaliers,21929863894047830651599085392978377118642353711084157807549430066031384497667,0.0415,2026-05-18 13:00:05+00:00
1779109205,New York Knicks,20257190540739490630509657713144742134547949967093643458458133445357169845406,0.1405,2026-05-18 13:00:05+00:00
1779109206,Oklahoma City Thunder,49500299856831034491021962156746701298730459370557900271970866855042624695770,0.585,2026-05-18 13:00:06+00:00
1779112808,San Antonio Spurs,102227184035967850089766981958743064457339118173548431660886438726896222843254,0.2475,2026-05-18 14:00:08+00:00
1779112809,Cleveland Cavaliers,21929863894047830651599085392978377118642353711084157807549430066031384497667,0.0425,2026-05-18 14:00:09+00:00
1779112809,New York Knicks,20257190540739490630509657713144742134547949967093643458458133445357169845406,0.1405,2026-05-18 14:00:09+00:00
1779112810,Oklahoma City Thunder,49500299856831034491021962156746701298730459370557900271970866855042624695770,0.585,2026-05-18 14:00:10+00:00
1779116403,San Antonio Spurs,102227184035967850089766981958743064457339118173548431660886438726896222843254,0.2425,2026-05-18 15:00:03+00:00
1779116406,New York Knicks,20257190540739490630509657713144742134547949967093643458458133445357169845406,0.1405,2026-05-18 15:00:06+00:00
1779116408,Cleveland Cavaliers,21929863894047830651599085392978377118642353711084157807549430066031384497667,0.0435,2026-05-18 15:00:08+00:00
1779116409,Oklahoma City Thunder,49500299856831034491021962156746701298730459370557900271970866855042624695770,0.585,2026-05-18 15:00:09+00:00
1779120005,San Antonio Spurs,102227184035967850089766981958743064457339118173548431660886438726896222843254,0.2365,2026-05-18 16:00:05+00:00
1779120006,Cleveland Cavaliers,21929863894047830651599085392978377118642353711084157807549430066031384497667,0.0435,2026-05-18 16:00:06+00:00
1779120006,New York Knicks,20257190540739490630509657713144742134547949967093643458458133445357169845406,0.1415,2026-05-18 16:00:06+00:00
1779120007,Oklahoma City Thunder,49500299856831034491021962156746701298730459370557900271970866855042624695770,0.585,2026-05-18 16:00:07+00:00
1779123603,San Antonio Spurs,102227184035967850089766981958743064457339118173548431660886438726896222843254,0.2305,2026-05-18 17:00:03+00:00
1779123606,New York Knicks,20257190540739490630509657713144742134547949967093643458458133445357169845406,0.147,2026-05-18 17:00:06+00:00
1779123607,Cleveland Cavaliers,21929863894047830651599085392978377118642353711084157807549430066031384497667,0.0435,2026-05-18 17:00:07+00:00
1779123609,Oklahoma City Thunder,49500299856831034491021962156746701298730459370557900271970866855042624695770,0.585,2026-05-18 17:00:09+00:00
1779127205,San Antonio Spurs,102227184035967850089766981958743064457339118173548431660886438726896222843254,0.2315,2026-05-18 18:00:05+00:00
1779127207,New York Knicks,20257190540739490630509657713144742134547949967093643458458133445357169845406,0.1515,2026-05-18 18:00:07+00:00
1779127209,Cleveland Cavaliers,21929863894047830651599085392978377118642353711084157807549430066031384497667,0.0435,2026-05-18 18:00:09+00:00
1779127211,Oklahoma City Thunder,49500299856831034491021962156746701298730459370557900271970866855042624695770,0.585,2026-05-18 18:00:11+00:00
1779130805,San Antonio Spurs,102227184035967850089766981958743064457339118173548431660886438726896222843254,0.2315,2026-05-18 19:00:05+00:00
1779130808,New York Knicks,20257190540739490630509657713144742134547949967093643458458133445357169845406,0.151,2026-05-18 19:00:08+00:00
1779130810,Cleveland Cavaliers,21929863894047830651599085392978377118642353711084157807549430066031384497667,0.0435,2026-05-18 19:00:10+00:00
1779130811,Oklahoma City Thunder,49500299856831034491021962156746701298730459370557900271970866855042624695770,0.585,2026-05-18 19:00:11+00:00
1779134417,San Antonio Spurs,102227184035967850089766981958743064457339118173548431660886438726896222843254,0.2315,2026-05-18 20:00:17+00:00
1779134418,New York Knicks,20257190540739490630509657713144742134547949967093643458458133445357169845406,0.151,2026-05-18 20:00:18+00:00
1779134419,Cleveland Cavaliers,21929863894047830651599085392978377118642353711084157807549430066031384497667,0.0435,2026-05-18 20:00:19+00:00
1779134420,Oklahoma City Thunder,49500299856831034491021962156746701298730459370557900271970866855042624695770,0.585,2026-05-18 20:00:20+00:00
1779138003,San Antonio Spurs,102227184035967850089766981958743064457339118173548431660886438726896222843254,0.2285,2026-05-18 21:00:03+00:00
1779138006,New York Knicks,20257190540739490630509657713144742134547949967093643458458133445357169845406,0.1495,2026-05-18 21:00:06+00:00
1779138008,Cleveland Cavaliers,21929863894047830651599085392978377118642353711084157807549430066031384497667,0.0445,2026-05-18 21:00:08+00:00
1779138010,Oklahoma City Thunder,49500299856831034491021962156746701298730459370557900271970866855042624695770,0.585,2026-05-18 21:00:10+00:00
1779141605,San Antonio Spurs,102227184035967850089766981958743064457339118173548431660886438726896222843254,0.2275,2026-05-18 22:00:05+00:00
1779141607,Cleveland Cavaliers,21929863894047830651599085392978377118642353711084157807549430066031384497667,0.0435,2026-05-18 22:00:07+00:00
1779141607,New York Knicks,20257190540739490630509657713144742134547949967093643458458133445357169845406,0.1495,2026-05-18 22:00:07+00:00
1779141608,Oklahoma City Thunder,49500299856831034491021962156746701298730459370557900271970866855042624695770,0.585,2026-05-18 22:00:08+00:00
1779145204,San Antonio Spurs,102227184035967850089766981958743064457339118173548431660886438726896222843254,0.2275,2026-05-18 23:00:04+00:00
1779145206,New York Knicks,20257190540739490630509657713144742134547949967093643458458133445357169845406,0.1495,2026-05-18 23:00:06+00:00
1779145207,Cleveland Cavaliers,21929863894047830651599085392978377118642353711084157807549430066031384497667,0.0435,2026-05-18 23:00:07+00:00
1779145208,Oklahoma City Thunder,49500299856831034491021962156746701298730459370557900271970866855042624695770,0.585,2026-05-18 23:00:08+00:00
1779148805,San Antonio Spurs,102227184035967850089766981958743064457339118173548431660886438726896222843254,0.223,2026-05-19 00:00:05+00:00
1779148808,New York Knicks,20257190540739490630509657713144742134547949967093643458458133445357169845406,0.149,2026-05-19 00:00:08+00:00
1779148809,Cleveland Cavaliers,21929863894047830651599085392978377118642353711084157807549430066031384497667,0.0435,2026-05-19 00:00:09+00:00
1779148811,Oklahoma City Thunder,49500299856831034491021962156746701298730459370557900271970866855042624695770,0.585,2026-05-19 00:00:11+00:00
1779152406,Cleveland Cavaliers,21929863894047830651599085392978377118642353711084157807549430066031384497667,0.0395,2026-05-19 01:00:06+00:00
1779152406,New York Knicks,20257190540739490630509657713144742134547949967093643458458133445357169845406,0.1455,2026-05-19 01:00:06+00:00
1779152406,San Antonio Spurs,102227184035967850089766981958743064457339118173548431660886438726896222843254,0.259,2026-05-19 01:00:06+00:00
1779152407,Oklahoma City Thunder,49500299856831034491021962156746701298730459370557900271970866855042624695770,0.575,2026-05-19 01:00:07+00:00
1779156003,San Antonio Spurs,102227184035967850089766981958743064457339118173548431660886438726896222843254,0.2725,2026-05-19 02:00:03+00:00
1779156004,Cleveland Cavaliers,21929863894047830651599085392978377118642353711084157807549430066031384497667,0.0445,2026-05-19 02:00:04+00:00
1779156004,New York Knicks,20257190540739490630509657713144742134547949967093643458458133445357169845406,0.1455,2026-05-19 02:00:04+00:00
1779156004,Oklahoma City Thunder,49500299856831034491021962156746701298730459370557900271970866855042624695770,0.555,2026-05-19 02:00:04+00:00
1779159605,San Antonio Spurs,102227184035967850089766981958743064457339118173548431660886438726896222843254,0.305,2026-05-19 03:00:05+00:00
1779159607,New York Knicks,20257190540739490630509657713144742134547949967093643458458133445357169845406,0.148,2026-05-19 03:00:07+00:00
1779159609,Cleveland Cavaliers,21929863894047830651599085392978377118642353711084157807549430066031384497667,0.0425,2026-05-19 03:00:09+00:00
1779159610,Oklahoma City Thunder,49500299856831034491021962156746701298730459370557900271970866855042624695770,0.51,2026-05-19 03:00:10+00:00
1779163206,New York Knicks,20257190540739490630509657713144742134547949967093643458458133445357169845406,0.1495,2026-05-19 04:00:06+00:00
1779163206,San Antonio Spurs,102227184035967850089766981958743064457339118173548431660886438726896222843254,0.3775,2026-05-19 04:00:06+00:00
1779163207,Cleveland Cavaliers,21929863894047830651599085392978377118642353711084157807549430066031384497667,0.0475,2026-05-19 04:00:07+00:00
1779163207,Oklahoma City Thunder,49500299856831034491021962156746701298730459370557900271970866855042624695770,0.425,2026-05-19 04:00:07+00:00
1779166804,San Antonio Spurs,102227184035967850089766981958743064457339118173548431660886438726896222843254,0.3955,2026-05-19 05:00:04+00:00
1779166805,New York Knicks,20257190540739490630509657713144742134547949967093643458458133445357169845406,0.1635,2026-05-19 05:00:05+00:00
1779166806,Cleveland Cavaliers,21929863894047830651599085392978377118642353711084157807549430066031384497667,0.0455,2026-05-19 05:00:06+00:00
1779166806,Oklahoma City Thunder,49500299856831034491021962156746701298730459370557900271970866855042624695770,0.415,2026-05-19 05:00:06+00:00
1779170404,San Antonio Spurs,102227184035967850089766981958743064457339118173548431660886438726896222843254,0.3885,2026-05-19 06:00:04+00:00
1779170406,New York Knicks,20257190540739490630509657713144742134547949967093643458458133445357169845406,0.1685,2026-05-19 06:00:06+00:00
1779170408,Cleveland Cavaliers,21929863894047830651599085392978377118642353711084157807549430066031384497667,0.0435,2026-05-19 06:00:08+00:00
1779170409,Oklahoma City Thunder,49500299856831034491021962156746701298730459370557900271970866855042624695770,0.405,2026-05-19 06:00:09+00:00
1779174003,San Antonio Spurs,102227184035967850089766981958743064457339118173548431660886438726896222843254,0.3605,2026-05-19 07:00:03+00:00
1779174004,New York Knicks,20257190540739490630509657713144742134547949967093643458458133445357169845406,0.1685,2026-05-19 07:00:04+00:00
1779174005,Cleveland Cavaliers,21929863894047830651599085392978377118642353711084157807549430066031384497667,0.0445,2026-05-19 07:00:05+00:00
1779174005,Oklahoma City Thunder,49500299856831034491021962156746701298730459370557900271970866855042624695770,0.405,2026-05-19 07:00:05+00:00
1779177603,San Antonio Spurs,102227184035967850089766981958743064457339118173548431660886438726896222843254,0.3755,2026-05-19 08:00:03+00:00
1779177604,Cleveland Cavaliers,21929863894047830651599085392978377118642353711084157807549430066031384497667,0.0465,2026-05-19 08:00:04+00:00
1779177604,New York Knicks,20257190540739490630509657713144742134547949967093643458458133445357169845406,0.1685,2026-05-19 08:00:04+00:00
1779177604,Oklahoma City Thunder,49500299856831034491021962156746701298730459370557900271970866855042624695770,0.405,2026-05-19 08:00:04+00:00
1779181206,San Antonio Spurs,102227184035967850089766981958743064457339118173548431660886438726896222843254,0.3645,2026-05-19 09:00:06+00:00
1779181208,New York Knicks,20257190540739490630509657713144742134547949967093643458458133445357169845406,0.1685,2026-05-19 09:00:08+00:00
1779181210,Cleveland Cavaliers,21929863894047830651599085392978377118642353711084157807549430066031384497667,0.0455,2026-05-19 09:00:10+00:00
1779181211,Oklahoma City Thunder,49500299856831034491021962156746701298730459370557900271970866855042624695770,0.405,2026-05-19 09:00:11+00:00
1779184803,San Antonio Spurs,102227184035967850089766981958743064457339118173548431660886438726896222843254,0.3725,2026-05-19 10:00:03+00:00
1779184804,New York Knicks,20257190540739490630509657713144742134547949967093643458458133445357169845406,0.1645,2026-05-19 10:00:04+00:00
1779184805,Cleveland Cavaliers,21929863894047830651599085392978377118642353711084157807549430066031384497667,0.043,2026-05-19 10:00:05+00:00
1779184806,Oklahoma City Thunder,49500299856831034491021962156746701298730459370557900271970866855042624695770,0.405,2026-05-19 10:00:06+00:00
1779188408,San Antonio Spurs,102227184035967850089766981958743064457339118173548431660886438726896222843254,0.3755,2026-05-19 11:00:08+00:00
1779188409,Cleveland Cavaliers,21929863894047830651599085392978377118642353711084157807549430066031384497667,0.0435,2026-05-19 11:00:09+00:00
1779188409,New York Knicks,20257190540739490630509657713144742134547949967093643458458133445357169845406,0.16,2026-05-19 11:00:09+00:00
1779188410,Oklahoma City Thunder,49500299856831034491021962156746701298730459370557900271970866855042624695770,0.405,2026-05-19 11:00:10+00:00
1779192019,San Antonio Spurs,102227184035967850089766981958743064457339118173548431660886438726896222843254,0.3855,2026-05-19 12:00:19+00:00
1779192023,New York Knicks,20257190540739490630509657713144742134547949967093643458458133445357169845406,0.1615,2026-05-19 12:00:23+00:00
1779192026,Cleveland Cavaliers,21929863894047830651599085392978377118642353711084157807549430066031384497667,0.044,2026-05-19 12:00:26+00:00
1779192030,Oklahoma City Thunder,49500299856831034491021962156746701298730459370557900271970866855042624695770,0.405,2026-05-19 12:00:30+00:00
1779195607,San Antonio Spurs,102227184035967850089766981958743064457339118173548431660886438726896222843254,0.3815,2026-05-19 13:00:07+00:00
1779195608,Cleveland Cavaliers,21929863894047830651599085392978377118642353711084157807549430066031384497667,0.0435,2026-05-19 13:00:08+00:00
1779195608,New York Knicks,20257190540739490630509657713144742134547949967093643458458133445357169845406,0.1645,2026-05-19 13:00:08+00:00
1779195609,Oklahoma City Thunder,49500299856831034491021962156746701298730459370557900271970866855042624695770,0.405,2026-05-19 13:00:09+00:00
1779199207,San Antonio Spurs,102227184035967850089766981958743064457339118173548431660886438726896222843254,0.3775,2026-05-19 14:00:07+00:00
1779199208,Cleveland Cavaliers,21929863894047830651599085392978377118642353711084157807549430066031384497667,0.0425,2026-05-19 14:00:08+00:00
1779199208,New York Knicks,20257190540739490630509657713144742134547949967093643458458133445357169845406,0.1645,2026-05-19 14:00:08+00:00
1779199208,Oklahoma City Thunder,49500299856831034491021962156746701298730459370557900271970866855042624695770,0.405,2026-05-19 14:00:08+00:00
1779202807,San Antonio Spurs,102227184035967850089766981958743064457339118173548431660886438726896222843254,0.3785,2026-05-19 15:00:07+00:00
1779202809,New York Knicks,20257190540739490630509657713144742134547949967093643458458133445357169845406,0.162,2026-05-19 15:00:09+00:00
1779202811,Cleveland Cavaliers,21929863894047830651599085392978377118642353711084157807549430066031384497667,0.0435,2026-05-19 15:00:11+00:00
1779202813,Oklahoma City Thunder,49500299856831034491021962156746701298730459370557900271970866855042624695770,0.405,2026-05-19 15:00:13+00:00
1779206407,San Antonio Spurs,102227184035967850089766981958743064457339118173548431660886438726896222843254,0.3775,2026-05-19 16:00:07+00:00
1779206408,Cleveland Cavaliers,21929863894047830651599085392978377118642353711084157807549430066031384497667,0.0445,2026-05-19 16:00:08+00:00
1779206408,New York Knicks,20257190540739490630509657713144742134547949967093643458458133445357169845406,0.1605,2026-05-19 16:00:08+00:00
1779206408,Oklahoma City Thunder,49500299856831034491021962156746701298730459370557900271970866855042624695770,0.405,2026-05-19 16:00:08+00:00
1779210005,San Antonio Spurs,102227184035967850089766981958743064457339118173548431660886438726896222843254,0.3785,2026-05-19 17:00:05+00:00
1779210009,New York Knicks,20257190540739490630509657713144742134547949967093643458458133445357169845406,0.1605,2026-05-19 17:00:09+00:00
1779210012,Cleveland Cavaliers,21929863894047830651599085392978377118642353711084157807549430066031384497667,0.0445,2026-05-19 17:00:12+00:00
1779210017,Oklahoma City Thunder,49500299856831034491021962156746701298730459370557900271970866855042624695770,0.415,2026-05-19 17:00:17+00:00
1779213603,San Antonio Spurs,102227184035967850089766981958743064457339118173548431660886438726896222843254,0.3785,2026-05-19 18:00:03+00:00
1779213606,New York Knicks,20257190540739490630509657713144742134547949967093643458458133445357169845406,0.1585,2026-05-19 18:00:06+00:00
1779213607,Cleveland Cavaliers,21929863894047830651599085392978377118642353711084157807549430066031384497667,0.0445,2026-05-19 18:00:07+00:00
1779213609,Oklahoma City Thunder,49500299856831034491021962156746701298730459370557900271970866855042624695770,0.415,2026-05-19 18:00:09+00:00
1779217217,San Antonio Spurs,102227184035967850089766981958743064457339118173548431660886438726896222843254,0.3765,2026-05-19 19:00:17+00:00
1779217219,New York Knicks,20257190540739490630509657713144742134547949967093643458458133445357169845406,0.1585,2026-05-19 19:00:19+00:00
1779217220,Cleveland Cavaliers,21929863894047830651599085392978377118642353711084157807549430066031384497667,0.0445,2026-05-19 19:00:20+00:00
1779217221,Oklahoma City Thunder,49500299856831034491021962156746701298730459370557900271970866855042624695770,0.415,2026-05-19 19:00:21+00:00
1779220806,San Antonio Spurs,102227184035967850089766981958743064457339118173548431660886438726896222843254,0.3755,2026-05-19 20:00:06+00:00
1779220807,New York Knicks,20257190540739490630509657713144742134547949967093643458458133445357169845406,0.1585,2026-05-19 20:00:07+00:00
1779220808,Cleveland Cavaliers,21929863894047830651599085392978377118642353711084157807549430066031384497667,0.0445,2026-05-19 20:00:08+00:00
1779220809,Oklahoma City Thunder,49500299856831034491021962156746701298730459370557900271970866855042624695770,0.415,2026-05-19 20:00:09+00:00
1779224404,San Antonio Spurs,102227184035967850089766981958743064457339118173548431660886438726896222843254,0.3735,2026-05-19 21:00:04+00:00
1779224406,New York Knicks,20257190540739490630509657713144742134547949967093643458458133445357169845406,0.1785,2026-05-19 21:00:06+00:00
1779224408,Cleveland Cavaliers,21929863894047830651599085392978377118642353711084157807549430066031384497667,0.0425,2026-05-19 21:00:08+00:00
1779224410,Oklahoma City Thunder,49500299856831034491021962156746701298730459370557900271970866855042624695770,0.415,2026-05-19 21:00:10+00:00
1779228021,New York Knicks,20257190540739490630509657713144742134547949967093643458458133445357169845406,0.1645,2026-05-19 22:00:21+00:00
1779228021,San Antonio Spurs,102227184035967850089766981958743064457339118173548431660886438726896222843254,0.3735,2026-05-19 22:00:21+00:00
1779228022,Cleveland Cavaliers,21929863894047830651599085392978377118642353711084157807549430066031384497667,0.0415,2026-05-19 22:00:22+00:00
1779228022,Oklahoma City Thunder,49500299856831034491021962156746701298730459370557900271970866855042624695770,0.415,2026-05-19 22:00:22+00:00
1779231607,San Antonio Spurs,102227184035967850089766981958743064457339118173548431660886438726896222843254,0.3745,2026-05-19 23:00:07+00:00
1779231608,New York Knicks,20257190540739490630509657713144742134547949967093643458458133445357169845406,0.1675,2026-05-19 23:00:08+00:00
1779231609,Cleveland Cavaliers,21929863894047830651599085392978377118642353711084157807549430066031384497667,0.0415,2026-05-19 23:00:09+00:00
1779231610,Oklahoma City Thunder,49500299856831034491021962156746701298730459370557900271970866855042624695770,0.415,2026-05-19 23:00:10+00:00
1779235208,San Antonio Spurs,102227184035967850089766981958743064457339118173548431660886438726896222843254,0.3735,2026-05-20 00:00:08+00:00
1779235211,New York Knicks,20257190540739490630509657713144742134547949967093643458458133445357169845406,0.1695,2026-05-20 00:00:11+00:00
1779235213,Cleveland Cavaliers,21929863894047830651599085392978377118642353711084157807549430066031384497667,0.0445,2026-05-20 00:00:13+00:00
1779235215,Oklahoma City Thunder,49500299856831034491021962156746701298730459370557900271970866855042624695770,0.415,2026-05-20 00:00:15+00:00
1779238805,San Antonio Spurs,102227184035967850089766981958743064457339118173548431660886438726896222843254,0.374,2026-05-20 01:00:05+00:00
1779238806,Cleveland Cavaliers,21929863894047830651599085392978377118642353711084157807549430066031384497667,0.0385,2026-05-20 01:00:06+00:00
1779238806,New York Knicks,20257190540739490630509657713144742134547949967093643458458133445357169845406,0.184,2026-05-20 01:00:06+00:00
1779238807,Oklahoma City Thunder,49500299856831034491021962156746701298730459370557900271970866855042624695770,0.415,2026-05-20 01:00:07+00:00
1779242404,New York Knicks,20257190540739490630509657713144742134547949967093643458458133445357169845406,0.1175,2026-05-20 02:00:04+00:00
1779242404,San Antonio Spurs,102227184035967850089766981958743064457339118173548431660886438726896222843254,0.3705,2026-05-20 02:00:04+00:00
1779242405,Cleveland Cavaliers,21929863894047830651599085392978377118642353711084157807549430066031384497667,0.0665,2026-05-20 02:00:05+00:00
1779242405,Oklahoma City Thunder,49500299856831034491021962156746701298730459370557900271970866855042624695770,0.415,2026-05-20 02:00:05+00:00
1779246003,San Antonio Spurs,102227184035967850089766981958743064457339118173548431660886438726896222843254,0.3545,2026-05-20 03:00:03+00:00
1779246006,New York Knicks,20257190540739490630509657713144742134547949967093643458458133445357169845406,0.186,2026-05-20 03:00:06+00:00
1779246007,Cleveland Cavaliers,21929863894047830651599085392978377118642353711084157807549430066031384497667,0.0365,2026-05-20 03:00:07+00:00
1779246009,Oklahoma City Thunder,49500299856831034491021962156746701298730459370557900271970866855042624695770,0.415,2026-05-20 03:00:09+00:00
1779249618,New York Knicks,20257190540739490630509657713144742134547949967093643458458133445357169845406,0.1875,2026-05-20 04:00:18+00:00
1779249618,San Antonio Spurs,102227184035967850089766981958743064457339118173548431660886438726896222843254,0.3755,2026-05-20 04:00:18+00:00
1779249619,Cleveland Cavaliers,21929863894047830651599085392978377118642353711084157807549430066031384497667,0.028,2026-05-20 04:00:19+00:00
1779249619,Oklahoma City Thunder,49500299856831034491021962156746701298730459370557900271970866855042624695770,0.415,2026-05-20 04:00:19+00:00
1779253206,San Antonio Spurs,102227184035967850089766981958743064457339118173548431660886438726896222843254,0.3795,2026-05-20 05:00:06+00:00
1779253208,New York Knicks,20257190540739490630509657713144742134547949967093643458458133445357169845406,0.1865,2026-05-20 05:00:08+00:00
1779253209,Cleveland Cavaliers,21929863894047830651599085392978377118642353711084157807549430066031384497667,0.0325,2026-05-20 05:00:09+00:00
1779253210,Oklahoma City Thunder,49500299856831034491021962156746701298730459370557900271970866855042624695770,0.415,2026-05-20 05:00:10+00:00
1779256805,San Antonio Spurs,102227184035967850089766981958743064457339118173548431660886438726896222843254,0.3795,2026-05-20 06:00:05+00:00
1779256808,New York Knicks,20257190540739490630509657713144742134547949967093643458458133445357169845406,0.1825,2026-05-20 06:00:08+00:00
1779256810,Cleveland Cavaliers,21929863894047830651599085392978377118642353711084157807549430066031384497667,0.0335,2026-05-20 06:00:10+00:00
1779256812,Oklahoma City Thunder,49500299856831034491021962156746701298730459370557900271970866855042624695770,0.415,2026-05-20 06:00:12+00:00
1779260405,New York Knicks,20257190540739490630509657713144742134547949967093643458458133445357169845406,0.1805,2026-05-20 07:00:05+00:00
1779260405,San Antonio Spurs,102227184035967850089766981958743064457339118173548431660886438726896222843254,0.3775,2026-05-20 07:00:05+00:00
1779260406,Cleveland Cavaliers,21929863894047830651599085392978377118642353711084157807549430066031384497667,0.0365,2026-05-20 07:00:06+00:00
1779260407,Oklahoma City Thunder,49500299856831034491021962156746701298730459370557900271970866855042624695770,0.415,2026-05-20 07:00:07+00:00
1779264007,San Antonio Spurs,102227184035967850089766981958743064457339118173548431660886438726896222843254,0.3775,2026-05-20 08:00:07+00:00
1779264008,Cleveland Cavaliers,21929863894047830651599085392978377118642353711084157807549430066031384497667,0.0295,2026-05-20 08:00:08+00:00
1779264008,New York Knicks,20257190540739490630509657713144742134547949967093643458458133445357169845406,0.1805,2026-05-20 08:00:08+00:00
1779264009,Oklahoma City Thunder,49500299856831034491021962156746701298730459370557900271970866855042624695770,0.415,2026-05-20 08:00:09+00:00
1779267603,San Antonio Spurs,102227184035967850089766981958743064457339118173548431660886438726896222843254,0.3775,2026-05-20 09:00:03+00:00
1779267606,New York Knicks,20257190540739490630509657713144742134547949967093643458458133445357169845406,0.1805,2026-05-20 09:00:06+00:00
1779267608,Cleveland Cavaliers,21929863894047830651599085392978377118642353711084157807549430066031384497667,0.0305,2026-05-20 09:00:08+00:00
1779267610,Oklahoma City Thunder,49500299856831034491021962156746701298730459370557900271970866855042624695770,0.415,2026-05-20 09:00:10+00:00
1779271210,San Antonio Spurs,102227184035967850089766981958743064457339118173548431660886438726896222843254,0.3775,2026-05-20 10:00:10+00:00
1779271211,Cleveland Cavaliers,21929863894047830651599085392978377118642353711084157807549430066031384497667,0.0295,2026-05-20 10:00:11+00:00
1779271211,New York Knicks,20257190540739490630509657713144742134547949967093643458458133445357169845406,0.1805,2026-05-20 10:00:11+00:00
1779271212,Oklahoma City Thunder,49500299856831034491021962156746701298730459370557900271970866855042624695770,0.415,2026-05-20 10:00:12+00:00
1779274807,San Antonio Spurs,102227184035967850089766981958743064457339118173548431660886438726896222843254,0.3785,2026-05-20 11:00:07+00:00
1779274808,Cleveland Cavaliers,21929863894047830651599085392978377118642353711084157807549430066031384497667,0.0295,2026-05-20 11:00:08+00:00
1779274808,New York Knicks,20257190540739490630509657713144742134547949967093643458458133445357169845406,0.1795,2026-05-20 11:00:08+00:00
1779274809,Oklahoma City Thunder,49500299856831034491021962156746701298730459370557900271970866855042624695770,0.415,2026-05-20 11:00:09+00:00
1779278405,San Antonio Spurs,102227184035967850089766981958743064457339118173548431660886438726896222843254,0.3755,2026-05-20 12:00:05+00:00
1779278411,New York Knicks,20257190540739490630509657713144742134547949967093643458458133445357169845406,0.1795,2026-05-20 12:00:11+00:00
1779278415,Cleveland Cavaliers,21929863894047830651599085392978377118642353711084157807549430066031384497667,0.0295,2026-05-20 12:00:15+00:00
1779278418,Oklahoma City Thunder,49500299856831034491021962156746701298730459370557900271970866855042624695770,0.415,2026-05-20 12:00:18+00:00
1779282007,San Antonio Spurs,102227184035967850089766981958743064457339118173548431660886438726896222843254,0.3755,2026-05-20 13:00:07+00:00
1779282009,New York Knicks,20257190540739490630509657713144742134547949967093643458458133445357169845406,0.1795,2026-05-20 13:00:09+00:00
1779282010,Cleveland Cavaliers,21929863894047830651599085392978377118642353711084157807549430066031384497667,0.0305,2026-05-20 13:00:10+00:00
1779282011,Oklahoma City Thunder,49500299856831034491021962156746701298730459370557900271970866855042624695770,0.415,2026-05-20 13:00:11+00:00
1779285607,San Antonio Spurs,102227184035967850089766981958743064457339118173548431660886438726896222843254,0.3775,2026-05-20 14:00:07+00:00
1779285608,New York Knicks,20257190540739490630509657713144742134547949967093643458458133445357169845406,0.1795,2026-05-20 14:00:08+00:00
1779285610,Cleveland Cavaliers,21929863894047830651599085392978377118642353711084157807549430066031384497667,0.0305,2026-05-20 14:00:10+00:00
1779285612,Oklahoma City Thunder,49500299856831034491021962156746701298730459370557900271970866855042624695770,0.415,2026-05-20 14:00:12+00:00
1779289204,San Antonio Spurs,102227184035967850089766981958743064457339118173548431660886438726896222843254,0.3775,2026-05-20 15:00:04+00:00
1779289207,New York Knicks,20257190540739490630509657713144742134547949967093643458458133445357169845406,0.1795,2026-05-20 15:00:07+00:00
1779289209,Cleveland Cavaliers,21929863894047830651599085392978377118642353711084157807549430066031384497667,0.0315,2026-05-20 15:00:09+00:00
1779289211,Oklahoma City Thunder,49500299856831034491021962156746701298730459370557900271970866855042624695770,0.425,2026-05-20 15:00:11+00:00
1779292807,San Antonio Spurs,102227184035967850089766981958743064457339118173548431660886438726896222843254,0.3775,2026-05-20 16:00:07+00:00
1779292808,Cleveland Cavaliers,21929863894047830651599085392978377118642353711084157807549430066031384497667,0.0315,2026-05-20 16:00:08+00:00
1779292808,New York Knicks,20257190540739490630509657713144742134547949967093643458458133445357169845406,0.1765,2026-05-20 16:00:08+00:00
1779292809,Oklahoma City Thunder,49500299856831034491021962156746701298730459370557900271970866855042624695770,0.425,2026-05-20 16:00:09+00:00
1779296404,San Antonio Spurs,102227184035967850089766981958743064457339118173548431660886438726896222843254,0.3775,2026-05-20 17:00:04+00:00
1779296405,New York Knicks,20257190540739490630509657713144742134547949967093643458458133445357169845406,0.1785,2026-05-20 17:00:05+00:00
1779296406,Cleveland Cavaliers,21929863894047830651599085392978377118642353711084157807549430066031384497667,0.0315,2026-05-20 17:00:06+00:00
1779296407,Oklahoma City Thunder,49500299856831034491021962156746701298730459370557900271970866855042624695770,0.425,2026-05-20 17:00:07+00:00
1779300006,San Antonio Spurs,102227184035967850089766981958743064457339118173548431660886438726896222843254,0.3775,2026-05-20 18:00:06+00:00
1779300009,New York Knicks,20257190540739490630509657713144742134547949967093643458458133445357169845406,0.1785,2026-05-20 18:00:09+00:00
1779300011,Cleveland Cavaliers,21929863894047830651599085392978377118642353711084157807549430066031384497667,0.0305,2026-05-20 18:00:11+00:00
1779300013,Oklahoma City Thunder,49500299856831034491021962156746701298730459370557900271970866855042624695770,0.425,2026-05-20 18:00:13+00:00
1779303605,San Antonio Spurs,102227184035967850089766981958743064457339118173548431660886438726896222843254,0.3775,2026-05-20 19:00:05+00:00
1779303606,New York Knicks,20257190540739490630509657713144742134547949967093643458458133445357169845406,0.1755,2026-05-20 19:00:06+00:00
1779303607,Cleveland Cavaliers,21929863894047830651599085392978377118642353711084157807549430066031384497667,0.0305,2026-05-20 19:00:07+00:00
1779303608,Oklahoma City Thunder,49500299856831034491021962156746701298730459370557900271970866855042624695770,0.425,2026-05-20 19:00:08+00:00
1779307207,San Antonio Spurs,102227184035967850089766981958743064457339118173548431660886438726896222843254,0.378,2026-05-20 20:00:07+00:00
1779307208,New York Knicks,20257190540739490630509657713144742134547949967093643458458133445357169845406,0.1755,2026-05-20 20:00:08+00:00
1779307209,Cleveland Cavaliers,21929863894047830651599085392978377118642353711084157807549430066031384497667,0.0305,2026-05-20 20:00:09+00:00
1779307209,Oklahoma City Thunder,49500299856831034491021962156746701298730459370557900271970866855042624695770,0.425,2026-05-20 20:00:09+00:00
1779310806,San Antonio Spurs,102227184035967850089766981958743064457339118173548431660886438726896222843254,0.3785,2026-05-20 21:00:06+00:00
1779310809,New York Knicks,20257190540739490630509657713144742134547949967093643458458133445357169845406,0.177,2026-05-20 21:00:09+00:00
1779310812,Cleveland Cavaliers,21929863894047830651599085392978377118642353711084157807549430066031384497667,0.0305,2026-05-20 21:00:12+00:00
1779310814,Oklahoma City Thunder,49500299856831034491021962156746701298730459370557900271970866855042624695770,0.425,2026-05-20 21:00:14+00:00
1779314419,San Antonio Spurs,102227184035967850089766981958743064457339118173548431660886438726896222843254,0.3785,2026-05-20 22:00:19+00:00
1779314421,Cleveland Cavaliers,21929863894047830651599085392978377118642353711084157807549430066031384497667,0.0305,2026-05-20 22:00:21+00:00
1779314421,New York Knicks,20257190540739490630509657713144742134547949967093643458458133445357169845406,0.1755,2026-05-20 22:00:21+00:00
1779314422,Oklahoma City Thunder,49500299856831034491021962156746701298730459370557900271970866855042624695770,0.425,2026-05-20 22:00:22+00:00
1779318019,San Antonio Spurs,102227184035967850089766981958743064457339118173548431660886438726896222843254,0.3785,2026-05-20 23:00:19+00:00
1779318020,New York Knicks,20257190540739490630509657713144742134547949967093643458458133445357169845406,0.1765,2026-05-20 23:00:20+00:00
1779318021,Cleveland Cavaliers,21929863894047830651599085392978377118642353711084157807549430066031384497667,0.0305,2026-05-20 23:00:21+00:00
1779318021,Oklahoma City Thunder,49500299856831034491021962156746701298730459370557900271970866855042624695770,0.425,2026-05-20 23:00:21+00:00
1779321605,San Antonio Spurs,102227184035967850089766981958743064457339118173548431660886438726896222843254,0.378,2026-05-21 00:00:05+00:00
1779321613,New York Knicks,20257190540739490630509657713144742134547949967093643458458133445357169845406,0.1765,2026-05-21 00:00:13+00:00
1779321615,Cleveland Cavaliers,21929863894047830651599085392978377118642353711084157807549430066031384497667,0.0305,2026-05-21 00:00:15+00:00
1779321617,Oklahoma City Thunder,49500299856831034491021962156746701298730459370557900271970866855042624695770,0.425,2026-05-21 00:00:17+00:00
1779325207,San Antonio Spurs,102227184035967850089766981958743064457339118173548431660886438726896222843254,0.3815,2026-05-21 01:00:07+00:00
1779325208,New York Knicks,20257190540739490630509657713144742134547949967093643458458133445357169845406,0.1755,2026-05-21 01:00:08+00:00
1779325209,Cleveland Cavaliers,21929863894047830651599085392978377118642353711084157807549430066031384497667,0.0305,2026-05-21 01:00:09+00:00
1779325209,Oklahoma City Thunder,49500299856831034491021962156746701298730459370557900271970866855042624695770,0.425,2026-05-21 01:00:09+00:00
1779328804,New York Knicks,20257190540739490630509657713144742134547949967093643458458133445357169845406,0.1755,2026-05-21 02:00:04+00:00
1779328804,San Antonio Spurs,102227184035967850089766981958743064457339118173548431660886438726896222843254,0.3005,2026-05-21 02:00:04+00:00
1779328805,Cleveland Cavaliers,21929863894047830651599085392978377118642353711084157807549430066031384497667,0.0295,2026-05-21 02:00:05+00:00
1779328805,Oklahoma City Thunder,49500299856831034491021962156746701298730459370557900271970866855042624695770,0.495,2026-05-21 02:00:05+00:00
1779332407,San Antonio Spurs,102227184035967850089766981958743064457339118173548431660886438726896222843254,0.313,2026-05-21 03:00:07+00:00
1779332410,New York Knicks,20257190540739490630509657713144742134547949967093643458458133445357169845406,0.1665,2026-05-21 03:00:10+00:00
1779332412,Cleveland Cavaliers,21929863894047830651599085392978377118642353711084157807549430066031384497667,0.0295,2026-05-21 03:00:12+00:00
1779332414,Oklahoma City Thunder,49500299856831034491021962156746701298730459370557900271970866855042624695770,0.505,2026-05-21 03:00:14+00:00
1779336007,New York Knicks,20257190540739490630509657713144742134547949967093643458458133445357169845406,0.1725,2026-05-21 04:00:07+00:00
1779336007,San Antonio Spurs,102227184035967850089766981958743064457339118173548431660886438726896222843254,0.3315,2026-05-21 04:00:07+00:00
1779336008,Cleveland Cavaliers,21929863894047830651599085392978377118642353711084157807549430066031384497667,0.0295,2026-05-21 04:00:08+00:00
1779336008,Oklahoma City Thunder,49500299856831034491021962156746701298730459370557900271970866855042624695770,0.485,2026-05-21 04:00:08+00:00
1779339605,San Antonio Spurs,102227184035967850089766981958743064457339118173548431660886438726896222843254,0.3175,2026-05-21 05:00:05+00:00
1779339607,New York Knicks,20257190540739490630509657713144742134547949967093643458458133445357169845406,0.1735,2026-05-21 05:00:07+00:00
1779339608,Cleveland Cavaliers,21929863894047830651599085392978377118642353711084157807549430066031384497667,0.0295,2026-05-21 05:00:08+00:00
1779339610,Oklahoma City Thunder,49500299856831034491021962156746701298730459370557900271970866855042624695770,0.485,2026-05-21 05:00:10+00:00
1779343204,San Antonio Spurs,102227184035967850089766981958743064457339118173548431660886438726896222843254,0.3265,2026-05-21 06:00:04+00:00
1779343207,New York Knicks,20257190540739490630509657713144742134547949967093643458458133445357169845406,0.1745,2026-05-21 06:00:07+00:00
1779343212,Cleveland Cavaliers,21929863894047830651599085392978377118642353711084157807549430066031384497667,0.0295,2026-05-21 06:00:12+00:00
1779343215,Oklahoma City Thunder,49500299856831034491021962156746701298730459370557900271970866855042624695770,0.485,2026-05-21 06:00:15+00:00
1779346807,San Antonio Spurs,102227184035967850089766981958743064457339118173548431660886438726896222843254,0.3275,2026-05-21 07:00:07+00:00
1779346810,New York Knicks,20257190540739490630509657713144742134547949967093643458458133445357169845406,0.1745,2026-05-21 07:00:10+00:00
1779346812,Cleveland Cavaliers,21929863894047830651599085392978377118642353711084157807549430066031384497667,0.0295,2026-05-21 07:00:12+00:00
1779346814,Oklahoma City Thunder,49500299856831034491021962156746701298730459370557900271970866855042624695770,0.485,2026-05-21 07:00:14+00:00
1779350405,San Antonio Spurs,102227184035967850089766981958743064457339118173548431660886438726896222843254,0.3265,2026-05-21 08:00:05+00:00
1779350406,New York Knicks,20257190540739490630509657713144742134547949967093643458458133445357169845406,0.1745,2026-05-21 08:00:06+00:00
1779350408,Cleveland Cavaliers,21929863894047830651599085392978377118642353711084157807549430066031384497667,0.0305,2026-05-21 08:00:08+00:00
1779350409,Oklahoma City Thunder,49500299856831034491021962156746701298730459370557900271970866855042624695770,0.485,2026-05-21 08:00:09+00:00
1779354017,San Antonio Spurs,102227184035967850089766981958743064457339118173548431660886438726896222843254,0.3195,2026-05-21 09:00:17+00:00
1779354018,New York Knicks,20257190540739490630509657713144742134547949967093643458458133445357169845406,0.174,2026-05-21 09:00:18+00:00
1779354019,Cleveland Cavaliers,21929863894047830651599085392978377118642353711084157807549430066031384497667,0.0295,2026-05-21 09:00:19+00:00
1779354020,Oklahoma City Thunder,49500299856831034491021962156746701298730459370557900271970866855042624695770,0.485,2026-05-21 09:00:20+00:00
1779357604,San Antonio Spurs,102227184035967850089766981958743064457339118173548431660886438726896222843254,0.3125,2026-05-21 10:00:04+00:00
1779357605,Cleveland Cavaliers,21929863894047830651599085392978377118642353711084157807549430066031384497667,0.0295,2026-05-21 10:00:05+00:00
1779357605,New York Knicks,20257190540739490630509657713144742134547949967093643458458133445357169845406,0.1745,2026-05-21 10:00:05+00:00
1779357606,Oklahoma City Thunder,49500299856831034491021962156746701298730459370557900271970866855042624695770,0.485,2026-05-21 10:00:06+00:00
1779361209,San Antonio Spurs,102227184035967850089766981958743064457339118173548431660886438726896222843254,0.313,2026-05-21 11:00:09+00:00
1779361211,New York Knicks,20257190540739490630509657713144742134547949967093643458458133445357169845406,0.174,2026-05-21 11:00:11+00:00
1779361213,Cleveland Cavaliers,21929863894047830651599085392978377118642353711084157807549430066031384497667,0.0295,2026-05-21 11:00:13+00:00
1779361214,Oklahoma City Thunder,49500299856831034491021962156746701298730459370557900271970866855042624695770,0.485,2026-05-21 11:00:14+00:00
1779364808,San Antonio Spurs,102227184035967850089766981958743064457339118173548431660886438726896222843254,0.3225,2026-05-21 12:00:08+00:00
1779364809,New York Knicks,20257190540739490630509657713144742134547949967093643458458133445357169845406,0.1735,2026-05-21 12:00:09+00:00
1779364811,Cleveland Cavaliers,21929863894047830651599085392978377118642353711084157807549430066031384497667,0.0295,2026-05-21 12:00:11+00:00
1779364812,Oklahoma City Thunder,49500299856831034491021962156746701298730459370557900271970866855042624695770,0.485,2026-05-21 12:00:12+00:00
1779368407,San Antonio Spurs,102227184035967850089766981958743064457339118173548431660886438726896222843254,0.3125,2026-05-21 13:00:07+00:00
1779368408,New York Knicks,20257190540739490630509657713144742134547949967093643458458133445357169845406,0.1735,2026-05-21 13:00:08+00:00
1779368409,Cleveland Cavaliers,21929863894047830651599085392978377118642353711084157807549430066031384497667,0.0295,2026-05-21 13:00:09+00:00
1779368409,Oklahoma City Thunder,49500299856831034491021962156746701298730459370557900271970866855042624695770,0.495,2026-05-21 13:00:09+00:00
1779372006,San Antonio Spurs,102227184035967850089766981958743064457339118173548431660886438726896222843254,0.3155,2026-05-21 14:00:06+00:00
1779372007,New York Knicks,20257190540739490630509657713144742134547949967093643458458133445357169845406,0.171,2026-05-21 14:00:07+00:00
1779372008,Cleveland Cavaliers,21929863894047830651599085392978377118642353711084157807549430066031384497667,0.0265,2026-05-21 14:00:08+00:00
1779372008,Oklahoma City Thunder,49500299856831034491021962156746701298730459370557900271970866855042624695770,0.495,2026-05-21 14:00:08+00:00
1779375606,San Antonio Spurs,102227184035967850089766981958743064457339118173548431660886438726896222843254,0.3125,2026-05-21 15:00:06+00:00
1779375608,New York Knicks,20257190540739490630509657713144742134547949967093643458458133445357169845406,0.1675,2026-05-21 15:00:08+00:00
1779375610,Cleveland Cavaliers,21929863894047830651599085392978377118642353711084157807549430066031384497667,0.0275,2026-05-21 15:00:10+00:00
1779375612,Oklahoma City Thunder,49500299856831034491021962156746701298730459370557900271970866855042624695770,0.495,2026-05-21 15:00:12+00:00
1779379207,San Antonio Spurs,102227184035967850089766981958743064457339118173548431660886438726896222843254,0.3125,2026-05-21 16:00:07+00:00
1779379208,Cleveland Cavaliers,21929863894047830651599085392978377118642353711084157807549430066031384497667,0.0275,2026-05-21 16:00:08+00:00
1779379208,New York Knicks,20257190540739490630509657713144742134547949967093643458458133445357169845406,0.1685,2026-05-21 16:00:08+00:00
1779379209,Oklahoma City Thunder,49500299856831034491021962156746701298730459370557900271970866855042624695770,0.495,2026-05-21 16:00:09+00:00
1779382809,San Antonio Spurs,102227184035967850089766981958743064457339118173548431660886438726896222843254,0.3115,2026-05-21 17:00:09+00:00
1779382813,New York Knicks,20257190540739490630509657713144742134547949967093643458458133445357169845406,0.1675,2026-05-21 17:00:13+00:00
1779382815,Cleveland Cavaliers,21929863894047830651599085392978377118642353711084157807549430066031384497667,0.0295,2026-05-21 17:00:15+00:00
1779382818,Oklahoma City Thunder,49500299856831034491021962156746701298730459370557900271970866855042624695770,0.495,2026-05-21 17:00:18+00:00
1779386408,San Antonio Spurs,102227184035967850089766981958743064457339118173548431660886438726896222843254,0.3115,2026-05-21 18:00:08+00:00
1779386410,New York Knicks,20257190540739490630509657713144742134547949967093643458458133445357169845406,0.1675,2026-05-21 18:00:10+00:00
1779386412,Cleveland Cavaliers,21929863894047830651599085392978377118642353711084157807549430066031384497667,0.0265,2026-05-21 18:00:12+00:00
1779386414,Oklahoma City Thunder,49500299856831034491021962156746701298730459370557900271970866855042624695770,0.495,2026-05-21 18:00:14+00:00
1779390006,San Antonio Spurs,102227184035967850089766981958743064457339118173548431660886438726896222843254,0.3115,2026-05-21 19:00:06+00:00
1779390007,Cleveland Cavaliers,21929863894047830651599085392978377118642353711084157807549430066031384497667,0.0265,2026-05-21 19:00:07+00:00
1779390007,New York Knicks,20257190540739490630509657713144742134547949967093643458458133445357169845406,0.1675,2026-05-21 19:00:07+00:00
1779390008,Oklahoma City Thunder,49500299856831034491021962156746701298730459370557900271970866855042624695770,0.495,2026-05-21 19:00:08+00:00
1779393612,San Antonio Spurs,102227184035967850089766981958743064457339118173548431660886438726896222843254,0.3075,2026-05-21 20:00:12+00:00
1779393615,New York Knicks,20257190540739490630509657713144742134547949967093643458458133445357169845406,0.168,2026-05-21 20:00:15+00:00
1779393618,Cleveland Cavaliers,21929863894047830651599085392978377118642353711084157807549430066031384497667,0.0285,2026-05-21 20:00:18+00:00
1779393622,Oklahoma City Thunder,49500299856831034491021962156746701298730459370557900271970866855042624695770,0.495,2026-05-21 20:00:22+00:00
1779397204,San Antonio Spurs,102227184035967850089766981958743064457339118173548431660886438726896222843254,0.3105,2026-05-21 21:00:04+00:00
1779397207,New York Knicks,20257190540739490630509657713144742134547949967093643458458133445357169845406,0.1705,2026-05-21 21:00:07+00:00
1779397209,Cleveland Cavaliers,21929863894047830651599085392978377118642353711084157807549430066031384497667,0.0285,2026-05-21 21:00:09+00:00
1779397215,Oklahoma City Thunder,49500299856831034491021962156746701298730459370557900271970866855042624695770,0.495,2026-05-21 21:00:15+00:00
1779400807,San Antonio Spurs,102227184035967850089766981958743064457339118173548431660886438726896222843254,0.3135,2026-05-21 22:00:07+00:00
1779400808,New York Knicks,20257190540739490630509657713144742134547949967093643458458133445357169845406,0.1705,2026-05-21 22:00:08+00:00
1779400809,Cleveland Cavaliers,21929863894047830651599085392978377118642353711084157807549430066031384497667,0.0295,2026-05-21 22:00:09+00:00
1779400811,Oklahoma City Thunder,49500299856831034491021962156746701298730459370557900271970866855042624695770,0.485,2026-05-21 22:00:11+00:00
1779404408,San Antonio Spurs,102227184035967850089766981958743064457339118173548431660886438726896222843254,0.3135,2026-05-21 23:00:08+00:00
1779404409,New York Knicks,20257190540739490630509657713144742134547949967093643458458133445357169845406,0.1775,2026-05-21 23:00:09+00:00
1779404410,Cleveland Cavaliers,21929863894047830651599085392978377118642353711084157807549430066031384497667,0.0295,2026-05-21 23:00:10+00:00
1779404410,Oklahoma City Thunder,49500299856831034491021962156746701298730459370557900271970866855042624695770,0.485,2026-05-21 23:00:10+00:00
1779408009,San Antonio Spurs,102227184035967850089766981958743064457339118173548431660886438726896222843254,0.3145,2026-05-22 00:00:09+00:00
1779408014,New York Knicks,20257190540739490630509657713144742134547949967093643458458133445357169845406,0.1785,2026-05-22 00:00:14+00:00
1779408018,Cleveland Cavaliers,21929863894047830651599085392978377118642353711084157807549430066031384497667,0.0305,2026-05-22 00:00:18+00:00
1779408027,Oklahoma City Thunder,49500299856831034491021962156746701298730459370557900271970866855042624695770,0.485,2026-05-22 00:00:27+00:00
1779411605,San Antonio Spurs,102227184035967850089766981958743064457339118173548431660886438726896222843254,0.3145,2026-05-22 01:00:05+00:00
1779411606,New York Knicks,20257190540739490630509657713144742134547949967093643458458133445357169845406,0.1785,2026-05-22 01:00:06+00:00
1779411607,Cleveland Cavaliers,21929863894047830651599085392978377118642353711084157807549430066031384497667,0.0325,2026-05-22 01:00:07+00:00
1779411608,Oklahoma City Thunder,49500299856831034491021962156746701298730459370557900271970866855042624695770,0.485,2026-05-22 01:00:08+00:00
1779415203,San Antonio Spurs,102227184035967850089766981958743064457339118173548431660886438726896222843254,0.3145,2026-05-22 02:00:03+00:00
1779415204,New York Knicks,20257190540739490630509657713144742134547949967093643458458133445357169845406,0.183,2026-05-22 02:00:04+00:00
1779415205,Cleveland Cavaliers,21929863894047830651599085392978377118642353711084157807549430066031384497667,0.0155,2026-05-22 02:00:05+00:00
1779415206,Oklahoma City Thunder,49500299856831034491021962156746701298730459370557900271970866855042624695770,0.485,2026-05-22 02:00:06+00:00
1779418807,San Antonio Spurs,102227184035967850089766981958743064457339118173548431660886438726896222843254,0.3015,2026-05-22 03:00:07+00:00
1779418810,New York Knicks,20257190540739490630509657713144742134547949967093643458458133445357169845406,0.1995,2026-05-22 03:00:10+00:00
1779418812,Cleveland Cavaliers,21929863894047830651599085392978377118642353711084157807549430066031384497667,0.0165,2026-05-22 03:00:12+00:00
1779418814,Oklahoma City Thunder,49500299856831034491021962156746701298730459370557900271970866855042624695770,0.495,2026-05-22 03:00:14+00:00
1779422406,San Antonio Spurs,102227184035967850089766981958743064457339118173548431660886438726896222843254,0.3015,2026-05-22 04:00:06+00:00
1779422407,New York Knicks,20257190540739490630509657713144742134547949967093643458458133445357169845406,0.1995,2026-05-22 04:00:07+00:00
1779422409,Cleveland Cavaliers,21929863894047830651599085392978377118642353711084157807549430066031384497667,0.0155,2026-05-22 04:00:09+00:00
1779422409,Oklahoma City Thunder,49500299856831034491021962156746701298730459370557900271970866855042624695770,0.495,2026-05-22 04:00:09+00:00
1779426012,San Antonio Spurs,102227184035967850089766981958743064457339118173548431660886438726896222843254,0.3015,2026-05-22 05:00:12+00:00
1779426013,New York Knicks,20257190540739490630509657713144742134547949967093643458458133445357169845406,0.202,2026-05-22 05:00:13+00:00
1779426014,Cleveland Cavaliers,21929863894047830651599085392978377118642353711084157807549430066031384497667,0.0165,2026-05-22 05:00:14+00:00
1779426015,Oklahoma City Thunder,49500299856831034491021962156746701298730459370557900271970866855042624695770,0.495,2026-05-22 05:00:15+00:00
1779429617,San Antonio Spurs,102227184035967850089766981958743064457339118173548431660886438726896222843254,0.3015,2026-05-22 06:00:17+00:00
1779429620,New York Knicks,20257190540739490630509657713144742134547949967093643458458133445357169845406,0.2045,2026-05-22 06:00:20+00:00
1779429622,Cleveland Cavaliers,21929863894047830651599085392978377118642353711084157807549430066031384497667,0.0175,2026-05-22 06:00:22+00:00
1779429624,Oklahoma City Thunder,49500299856831034491021962156746701298730459370557900271970866855042624695770,0.495,2026-05-22 06:00:24+00:00
1779433207,San Antonio Spurs,102227184035967850089766981958743064457339118173548431660886438726896222843254,0.3015,2026-05-22 07:00:07+00:00
1779433209,New York Knicks,20257190540739490630509657713144742134547949967093643458458133445357169845406,0.2045,2026-05-22 07:00:09+00:00
1779433211,Cleveland Cavaliers,21929863894047830651599085392978377118642353711084157807549430066031384497667,0.0155,2026-05-22 07:00:11+00:00
1779433214,Oklahoma City Thunder,49500299856831034491021962156746701298730459370557900271970866855042624695770,0.495,2026-05-22 07:00:14+00:00
1779436804,San Antonio Spurs,102227184035967850089766981958743064457339118173548431660886438726896222843254,0.2945,2026-05-22 08:00:04+00:00
1779436805,Cleveland Cavaliers,21929863894047830651599085392978377118642353711084157807549430066031384497667,0.0225,2026-05-22 08:00:05+00:00
1779436805,New York Knicks,20257190540739490630509657713144742134547949967093643458458133445357169845406,0.2035,2026-05-22 08:00:05+00:00
1779436806,Oklahoma City Thunder,49500299856831034491021962156746701298730459370557900271970866855042624695770,0.495,2026-05-22 08:00:06+00:00
1779440407,San Antonio Spurs,102227184035967850089766981958743064457339118173548431660886438726896222843254,0.2945,2026-05-22 09:00:07+00:00
1779440409,New York Knicks,20257190540739490630509657713144742134547949967093643458458133445357169845406,0.1995,2026-05-22 09:00:09+00:00
1779440411,Cleveland Cavaliers,21929863894047830651599085392978377118642353711084157807549430066031384497667,0.0205,2026-05-22 09:00:11+00:00
1779440413,Oklahoma City Thunder,49500299856831034491021962156746701298730459370557900271970866855042624695770,0.495,2026-05-22 09:00:13+00:00
1779444006,San Antonio Spurs,102227184035967850089766981958743064457339118173548431660886438726896222843254,0.2945,2026-05-22 10:00:06+00:00
1779444007,Cleveland Cavaliers,21929863894047830651599085392978377118642353711084157807549430066031384497667,0.0175,2026-05-22 10:00:07+00:00
1779444007,New York Knicks,20257190540739490630509657713144742134547949967093643458458133445357169845406,0.1955,2026-05-22 10:00:07+00:00
1779444008,Oklahoma City Thunder,49500299856831034491021962156746701298730459370557900271970866855042624695770,0.495,2026-05-22 10:00:08+00:00
1779447606,San Antonio Spurs,102227184035967850089766981958743064457339118173548431660886438726896222843254,0.2945,2026-05-22 11:00:06+00:00
1779447607,New York Knicks,20257190540739490630509657713144742134547949967093643458458133445357169845406,0.2015,2026-05-22 11:00:07+00:00
1779447608,Cleveland Cavaliers,21929863894047830651599085392978377118642353711084157807549430066031384497667,0.0175,2026-05-22 11:00:08+00:00
1779447609,Oklahoma City Thunder,49500299856831034491021962156746701298730459370557900271970866855042624695770,0.495,2026-05-22 11:00:09+00:00
1779451206,San Antonio Spurs,102227184035967850089766981958743064457339118173548431660886438726896222843254,0.2955,2026-05-22 12:00:06+00:00
1779451209,New York Knicks,20257190540739490630509657713144742134547949967093643458458133445357169845406,0.2025,2026-05-22 12:00:09+00:00
1779451212,Cleveland Cavaliers,21929863894047830651599085392978377118642353711084157807549430066031384497667,0.0175,2026-05-22 12:00:12+00:00
1779451215,Oklahoma City Thunder,49500299856831034491021962156746701298730459370557900271970866855042624695770,0.495,2026-05-22 12:00:15+00:00
1779454804,San Antonio Spurs,102227184035967850089766981958743064457339118173548431660886438726896222843254,0.2965,2026-05-22 13:00:04+00:00
1779454805,Cleveland Cavaliers,21929863894047830651599085392978377118642353711084157807549430066031384497667,0.0175,2026-05-22 13:00:05+00:00
1779454805,New York Knicks,20257190540739490630509657713144742134547949967093643458458133445357169845406,0.1955,2026-05-22 13:00:05+00:00
1779454806,Oklahoma City Thunder,49500299856831034491021962156746701298730459370557900271970866855042624695770,0.495,2026-05-22 13:00:06+00:00
1779458409,New York Knicks,20257190540739490630509657713144742134547949967093643458458133445357169845406,0.1955,2026-05-22 14:00:09+00:00
1779458409,San Antonio Spurs,102227184035967850089766981958743064457339118173548431660886438726896222843254,0.298,2026-05-22 14:00:09+00:00
1779458410,Cleveland Cavaliers,21929863894047830651599085392978377118642353711084157807549430066031384497667,0.0175,2026-05-22 14:00:10+00:00
1779458411,Oklahoma City Thunder,49500299856831034491021962156746701298730459370557900271970866855042624695770,0.495,2026-05-22 14:00:11+00:00
1779462006,San Antonio Spurs,102227184035967850089766981958743064457339118173548431660886438726896222843254,0.3025,2026-05-22 15:00:06+00:00
1779462008,New York Knicks,20257190540739490630509657713144742134547949967093643458458133445357169845406,0.1955,2026-05-22 15:00:08+00:00
1779462010,Cleveland Cavaliers,21929863894047830651599085392978377118642353711084157807549430066031384497667,0.0175,2026-05-22 15:00:10+00:00
1779462012,Oklahoma City Thunder,49500299856831034491021962156746701298730459370557900271970866855042624695770,0.495,2026-05-22 15:00:12+00:00
1779465615,San Antonio Spurs,102227184035967850089766981958743064457339118173548431660886438726896222843254,0.3035,2026-05-22 16:00:15+00:00
1779465616,Cleveland Cavaliers,21929863894047830651599085392978377118642353711084157807549430066031384497667,0.0175,2026-05-22 16:00:16+00:00
1779465616,New York Knicks,20257190540739490630509657713144742134547949967093643458458133445357169845406,0.1955,2026-05-22 16:00:16+00:00
1779465617,Oklahoma City Thunder,49500299856831034491021962156746701298730459370557900271970866855042624695770,0.495,2026-05-22 16:00:17+00:00
1779469204,San Antonio Spurs,102227184035967850089766981958743064457339118173548431660886438726896222843254,0.3045,2026-05-22 17:00:04+00:00
1779469205,Cleveland Cavaliers,21929863894047830651599085392978377118642353711084157807549430066031384497667,0.0195,2026-05-22 17:00:05+00:00
1779469205,New York Knicks,20257190540739490630509657713144742134547949967093643458458133445357169845406,0.1985,2026-05-22 17:00:05+00:00
1779469206,Oklahoma City Thunder,49500299856831034491021962156746701298730459370557900271970866855042624695770,0.495,2026-05-22 17:00:06+00:00
1779472816,San Antonio Spurs,102227184035967850089766981958743064457339118173548431660886438726896222843254,0.3045,2026-05-22 18:00:16+00:00
1779472819,New York Knicks,20257190540739490630509657713144742134547949967093643458458133445357169845406,0.1975,2026-05-22 18:00:19+00:00
1779472821,Cleveland Cavaliers,21929863894047830651599085392978377118642353711084157807549430066031384497667,0.0195,2026-05-22 18:00:21+00:00
1779472823,Oklahoma City Thunder,49500299856831034491021962156746701298730459370557900271970866855042624695770,0.495,2026-05-22 18:00:23+00:00
1779476406,San Antonio Spurs,102227184035967850089766981958743064457339118173548431660886438726896222843254,0.3045,2026-05-22 19:00:06+00:00
1779476407,New York Knicks,20257190540739490630509657713144742134547949967093643458458133445357169845406,0.197,2026-05-22 19:00:07+00:00
1779476408,Cleveland Cavaliers,21929863894047830651599085392978377118642353711084157807549430066031384497667,0.0205,2026-05-22 19:00:08+00:00
1779476409,Oklahoma City Thunder,49500299856831034491021962156746701298730459370557900271970866855042624695770,0.495,2026-05-22 19:00:09+00:00
1779480004,San Antonio Spurs,102227184035967850089766981958743064457339118173548431660886438726896222843254,0.3065,2026-05-22 20:00:04+00:00
1779480006,New York Knicks,20257190540739490630509657713144742134547949967093643458458133445357169845406,0.1965,2026-05-22 20:00:06+00:00
1779480007,Cleveland Cavaliers,21929863894047830651599085392978377118642353711084157807549430066031384497667,0.0205,2026-05-22 20:00:07+00:00
1779480008,Oklahoma City Thunder,49500299856831034491021962156746701298730459370557900271970866855042624695770,0.495,2026-05-22 20:00:08+00:00
1779483605,San Antonio Spurs,102227184035967850089766981958743064457339118173548431660886438726896222843254,0.3065,2026-05-22 21:00:05+00:00
1779483608,New York Knicks,20257190540739490630509657713144742134547949967093643458458133445357169845406,0.1965,2026-05-22 21:00:08+00:00
1779483610,Cleveland Cavaliers,21929863894047830651599085392978377118642353711084157807549430066031384497667,0.0205,2026-05-22 21:00:10+00:00
1779483612,Oklahoma City Thunder,49500299856831034491021962156746701298730459370557900271970866855042624695770,0.495,2026-05-22 21:00:12+00:00
1779487215,San Antonio Spurs,102227184035967850089766981958743064457339118173548431660886438726896222843254,0.3065,2026-05-22 22:00:15+00:00
1779487217,New York Knicks,20257190540739490630509657713144742134547949967093643458458133445357169845406,0.1965,2026-05-22 22:00:17+00:00
1779487220,Cleveland Cavaliers,21929863894047830651599085392978377118642353711084157807549430066031384497667,0.0205,2026-05-22 22:00:20+00:00
1779487222,Oklahoma City Thunder,49500299856831034491021962156746701298730459370557900271970866855042624695770,0.495,2026-05-22 22:00:22+00:00
1779490804,San Antonio Spurs,102227184035967850089766981958743064457339118173548431660886438726896222843254,0.305,2026-05-22 23:00:04+00:00
1779490805,New York Knicks,20257190540739490630509657713144742134547949967093643458458133445357169845406,0.1965,2026-05-22 23:00:05+00:00
1779490806,Cleveland Cavaliers,21929863894047830651599085392978377118642353711084157807549430066031384497667,0.0205,2026-05-22 23:00:06+00:00
1779490807,Oklahoma City Thunder,49500299856831034491021962156746701298730459370557900271970866855042624695770,0.495,2026-05-22 23:00:07+00:00
1779494406,San Antonio Spurs,102227184035967850089766981958743064457339118173548431660886438726896222843254,0.3075,2026-05-23 00:00:06+00:00
1779494410,New York Knicks,20257190540739490630509657713144742134547949967093643458458133445357169845406,0.1975,2026-05-23 00:00:10+00:00
1779494412,Cleveland Cavaliers,21929863894047830651599085392978377118642353711084157807549430066031384497667,0.0185,2026-05-23 00:00:12+00:00
1779494414,Oklahoma City Thunder,49500299856831034491021962156746701298730459370557900271970866855042624695770,0.485,2026-05-23 00:00:14+00:00
1779498018,San Antonio Spurs,102227184035967850089766981958743064457339118173548431660886438726896222843254,0.3795,2026-05-23 01:00:18+00:00
1779498019,Cleveland Cavaliers,21929863894047830651599085392978377118642353711084157807549430066031384497667,0.0215,2026-05-23 01:00:19+00:00
1779498019,New York Knicks,20257190540739490630509657713144742134547949967093643458458133445357169845406,0.196,2026-05-23 01:00:19+00:00
1779498020,Oklahoma City Thunder,49500299856831034491021962156746701298730459370557900271970866855042624695770,0.405,2026-05-23 01:00:20+00:00
1779501605,San Antonio Spurs,102227184035967850089766981958743064457339118173548431660886438726896222843254,0.277,2026-05-23 02:00:05+00:00
1779501606,New York Knicks,20257190540739490630509657713144742134547949967093643458458133445357169845406,0.197,2026-05-23 02:00:06+00:00
1779501607,Cleveland Cavaliers,21929863894047830651599085392978377118642353711084157807549430066031384497667,0.0175,2026-05-23 02:00:07+00:00
1779501607,Oklahoma City Thunder,49500299856831034491021962156746701298730459370557900271970866855042624695770,0.515,2026-05-23 02:00:07+00:00
1779505205,San Antonio Spurs,102227184035967850089766981958743064457339118173548431660886438726896222843254,0.1585,2026-05-23 03:00:05+00:00
1779505208,New York Knicks,20257190540739490630509657713144742134547949967093643458458133445357169845406,0.174,2026-05-23 03:00:08+00:00
1779505210,Cleveland Cavaliers,21929863894047830651599085392978377118642353711084157807549430066031384497667,0.0195,2026-05-23 03:00:10+00:00
1779505212,Oklahoma City Thunder,49500299856831034491021962156746701298730459370557900271970866855042624695770,0.635,2026-05-23 03:00:12+00:00
1779508804,San Antonio Spurs,102227184035967850089766981958743064457339118173548431660886438726896222843254,0.156,2026-05-23 04:00:04+00:00
1779508805,New York Knicks,20257190540739490630509657713144742134547949967093643458458133445357169845406,0.183,2026-05-23 04:00:05+00:00
1779508806,Cleveland Cavaliers,21929863894047830651599085392978377118642353711084157807549430066031384497667,0.0215,2026-05-23 04:00:06+00:00
1779508807,Oklahoma City Thunder,49500299856831034491021962156746701298730459370557900271970866855042624695770,0.65,2026-05-23 04:00:07+00:00
1779512404,San Antonio Spurs,102227184035967850089766981958743064457339118173548431660886438726896222843254,0.165,2026-05-23 05:00:04+00:00
1779512405,New York Knicks,20257190540739490630509657713144742134547949967093643458458133445357169845406,0.1785,2026-05-23 05:00:05+00:00
1779512406,Cleveland Cavaliers,21929863894047830651599085392978377118642353711084157807549430066031384497667,0.0185,2026-05-23 05:00:06+00:00
1779512407,Oklahoma City Thunder,49500299856831034491021962156746701298730459370557900271970866855042624695770,0.655,2026-05-23 05:00:07+00:00
1779516003,San Antonio Spurs,102227184035967850089766981958743064457339118173548431660886438726896222843254,0.16,2026-05-23 06:00:03+00:00
1779516006,New York Knicks,20257190540739490630509657713144742134547949967093643458458133445357169845406,0.173,2026-05-23 06:00:06+00:00
1779516008,Cleveland Cavaliers,21929863894047830651599085392978377118642353711084157807549430066031384497667,0.0185,2026-05-23 06:00:08+00:00
1779516010,Oklahoma City Thunder,49500299856831034491021962156746701298730459370557900271970866855042624695770,0.655,2026-05-23 06:00:10+00:00
1779519605,San Antonio Spurs,102227184035967850089766981958743064457339118173548431660886438726896222843254,0.1595,2026-05-23 07:00:05+00:00
1779519607,New York Knicks,20257190540739490630509657713144742134547949967093643458458133445357169845406,0.179,2026-05-23 07:00:07+00:00
1779519609,Cleveland Cavaliers,21929863894047830651599085392978377118642353711084157807549430066031384497667,0.0205,2026-05-23 07:00:09+00:00
1779519611,Oklahoma City Thunder,49500299856831034491021962156746701298730459370557900271970866855042624695770,0.655,2026-05-23 07:00:11+00:00
1779523215,San Antonio Spurs,102227184035967850089766981958743064457339118173548431660886438726896222843254,0.1575,2026-05-23 08:00:15+00:00
1779523216,New York Knicks,20257190540739490630509657713144742134547949967093643458458133445357169845406,0.175,2026-05-23 08:00:16+00:00
1779523217,Cleveland Cavaliers,21929863894047830651599085392978377118642353711084157807549430066031384497667,0.0205,2026-05-23 08:00:17+00:00
1779523217,Oklahoma City Thunder,49500299856831034491021962156746701298730459370557900271970866855042624695770,0.645,2026-05-23 08:00:17+00:00
1779526803,San Antonio Spurs,102227184035967850089766981958743064457339118173548431660886438726896222843254,0.1565,2026-05-23 09:00:03+00:00
1779526804,New York Knicks,20257190540739490630509657713144742134547949967093643458458133445357169845406,0.1785,2026-05-23 09:00:04+00:00
1779526805,Cleveland Cavaliers,21929863894047830651599085392978377118642353711084157807549430066031384497667,0.0185,2026-05-23 09:00:05+00:00
1779526806,Oklahoma City Thunder,49500299856831034491021962156746701298730459370557900271970866855042624695770,0.635,2026-05-23 09:00:06+00:00
1779530403,San Antonio Spurs,102227184035967850089766981958743064457339118173548431660886438726896222843254,0.1615,2026-05-23 10:00:03+00:00
1779530404,New York Knicks,20257190540739490630509657713144742134547949967093643458458133445357169845406,0.179,2026-05-23 10:00:04+00:00
1779530405,Cleveland Cavaliers,21929863894047830651599085392978377118642353711084157807549430066031384497667,0.0185,2026-05-23 10:00:05+00:00
1779530406,Oklahoma City Thunder,49500299856831034491021962156746701298730459370557900271970866855042624695770,0.635,2026-05-23 10:00:06+00:00
1779534004,San Antonio Spurs,102227184035967850089766981958743064457339118173548431660886438726896222843254,0.156,2026-05-23 11:00:04+00:00
1779534006,Cleveland Cavaliers,21929863894047830651599085392978377118642353711084157807549430066031384497667,0.0205,2026-05-23 11:00:06+00:00
1779534006,New York Knicks,20257190540739490630509657713144742134547949967093643458458133445357169845406,0.1795,2026-05-23 11:00:06+00:00
1779534007,Oklahoma City Thunder,49500299856831034491021962156746701298730459370557900271970866855042624695770,0.645,2026-05-23 11:00:07+00:00
1779537607,San Antonio Spurs,102227184035967850089766981958743064457339118173548431660886438726896222843254,0.151,2026-05-23 12:00:07+00:00
1779537609,New York Knicks,20257190540739490630509657713144742134547949967093643458458133445357169845406,0.1905,2026-05-23 12:00:09+00:00
1779537610,Cleveland Cavaliers,21929863894047830651599085392978377118642353711084157807549430066031384497667,0.0205,2026-05-23 12:00:10+00:00
1779537611,Oklahoma City Thunder,49500299856831034491021962156746701298730459370557900271970866855042624695770,0.645,2026-05-23 12:00:11+00:00
1779541204,San Antonio Spurs,102227184035967850089766981958743064457339118173548431660886438726896222843254,0.1495,2026-05-23 13:00:04+00:00
1779541205,New York Knicks,20257190540739490630509657713144742134547949967093643458458133445357169845406,0.1815,2026-05-23 13:00:05+00:00
1779541206,Cleveland Cavaliers,21929863894047830651599085392978377118642353711084157807549430066031384497667,0.0205,2026-05-23 13:00:06+00:00
1779541206,Oklahoma City Thunder,49500299856831034491021962156746701298730459370557900271970866855042624695770,0.645,2026-05-23 13:00:06+00:00
1779544804,New York Knicks,20257190540739490630509657713144742134547949967093643458458133445357169845406,0.1785,2026-05-23 14:00:04+00:00
1779544804,San Antonio Spurs,102227184035967850089766981958743064457339118173548431660886438726896222843254,0.1505,2026-05-23 14:00:04+00:00
1779544805,Cleveland Cavaliers,21929863894047830651599085392978377118642353711084157807549430066031384497667,0.0205,2026-05-23 14:00:05+00:00
1779544806,Oklahoma City Thunder,49500299856831034491021962156746701298730459370557900271970866855042624695770,0.645,2026-05-23 14:00:06+00:00
1779548404,San Antonio Spurs,102227184035967850089766981958743064457339118173548431660886438726896222843254,0.1505,2026-05-23 15:00:04+00:00
1779548406,New York Knicks,20257190540739490630509657713144742134547949967093643458458133445357169845406,0.1825,2026-05-23 15:00:06+00:00
1779548407,Cleveland Cavaliers,21929863894047830651599085392978377118642353711084157807549430066031384497667,0.0205,2026-05-23 15:00:07+00:00
1779548408,Oklahoma City Thunder,49500299856831034491021962156746701298730459370557900271970866855042624695770,0.645,2026-05-23 15:00:08+00:00
1779552006,New York Knicks,20257190540739490630509657713144742134547949967093643458458133445357169845406,0.1835,2026-05-23 16:00:06+00:00
1779552006,San Antonio Spurs,102227184035967850089766981958743064457339118173548431660886438726896222843254,0.1505,2026-05-23 16:00:06+00:00
1779552007,Cleveland Cavaliers,21929863894047830651599085392978377118642353711084157807549430066031384497667,0.0195,2026-05-23 16:00:07+00:00
1779552008,Oklahoma City Thunder,49500299856831034491021962156746701298730459370557900271970866855042624695770,0.635,2026-05-23 16:00:08+00:00
1779555604,San Antonio Spurs,102227184035967850089766981958743064457339118173548431660886438726896222843254,0.1505,2026-05-23 17:00:04+00:00
1779555607,New York Knicks,20257190540739490630509657713144742134547949967093643458458133445357169845406,0.1905,2026-05-23 17:00:07+00:00
1779555609,Cleveland Cavaliers,21929863894047830651599085392978377118642353711084157807549430066031384497667,0.0205,2026-05-23 17:00:09+00:00
1779555617,Oklahoma City Thunder,49500299856831034491021962156746701298730459370557900271970866855042624695770,0.635,2026-05-23 17:00:17+00:00
1779559205,San Antonio Spurs,102227184035967850089766981958743064457339118173548431660886438726896222843254,0.1505,2026-05-23 18:00:05+00:00
1779559207,New York Knicks,20257190540739490630509657713144742134547949967093643458458133445357169845406,0.1895,2026-05-23 18:00:07+00:00
1779559208,Cleveland Cavaliers,21929863894047830651599085392978377118642353711084157807549430066031384497667,0.0195,2026-05-23 18:00:08+00:00
1779559210,Oklahoma City Thunder,49500299856831034491021962156746701298730459370557900271970866855042624695770,0.635,2026-05-23 18:00:10+00:00
1779562803,San Antonio Spurs,102227184035967850089766981958743064457339118173548431660886438726896222843254,0.1505,2026-05-23 19:00:03+00:00
1779562804,New York Knicks,20257190540739490630509657713144742134547949967093643458458133445357169845406,0.189,2026-05-23 19:00:04+00:00
1779562805,Cleveland Cavaliers,21929863894047830651599085392978377118642353711084157807549430066031384497667,0.0205,2026-05-23 19:00:05+00:00
1779562806,Oklahoma City Thunder,49500299856831034491021962156746701298730459370557900271970866855042624695770,0.635,2026-05-23 19:00:06+00:00
1779566404,San Antonio Spurs,102227184035967850089766981958743064457339118173548431660886438726896222843254,0.1505,2026-05-23 20:00:04+00:00
1779566407,New York Knicks,20257190540739490630509657713144742134547949967093643458458133445357169845406,0.189,2026-05-23 20:00:07+00:00
1779566408,Cleveland Cavaliers,21929863894047830651599085392978377118642353711084157807549430066031384497667,0.0205,2026-05-23 20:00:08+00:00
1779566410,Oklahoma City Thunder,49500299856831034491021962156746701298730459370557900271970866855042624695770,0.645,2026-05-23 20:00:10+00:00
1779570004,San Antonio Spurs,102227184035967850089766981958743064457339118173548431660886438726896222843254,0.1505,2026-05-23 21:00:04+00:00
1779570006,New York Knicks,20257190540739490630509657713144742134547949967093643458458133445357169845406,0.189,2026-05-23 21:00:06+00:00
1779570007,Cleveland Cavaliers,21929863894047830651599085392978377118642353711084157807549430066031384497667,0.0185,2026-05-23 21:00:07+00:00
1779570008,Oklahoma City Thunder,49500299856831034491021962156746701298730459370557900271970866855042624695770,0.645,2026-05-23 21:00:08+00:00
1779573603,San Antonio Spurs,102227184035967850089766981958743064457339118173548431660886438726896222843254,0.1505,2026-05-23 22:00:03+00:00
1779573604,New York Knicks,20257190540739490630509657713144742134547949967093643458458133445357169845406,0.196,2026-05-23 22:00:04+00:00
1779573605,Cleveland Cavaliers,21929863894047830651599085392978377118642353711084157807549430066031384497667,0.0195,2026-05-23 22:00:05+00:00
1779573606,Oklahoma City Thunder,49500299856831034491021962156746701298730459370557900271970866855042624695770,0.645,2026-05-23 22:00:06+00:00
1779577204,San Antonio Spurs,102227184035967850089766981958743064457339118173548431660886438726896222843254,0.1505,2026-05-23 23:00:04+00:00
1779577206,New York Knicks,20257190540739490630509657713144742134547949967093643458458133445357169845406,0.2,2026-05-23 23:00:06+00:00
1779577207,Cleveland Cavaliers,21929863894047830651599085392978377118642353711084157807549430066031384497667,0.0205,2026-05-23 23:00:07+00:00
1779577209,Oklahoma City Thunder,49500299856831034491021962156746701298730459370557900271970866855042624695770,0.645,2026-05-23 23:00:09+00:00
1779580804,San Antonio Spurs,102227184035967850089766981958743064457339118173548431660886438726896222843254,0.1495,2026-05-24 00:00:04+00:00
1779580806,New York Knicks,20257190540739490630509657713144742134547949967093643458458133445357169845406,0.1965,2026-05-24 00:00:06+00:00
1779580808,Cleveland Cavaliers,21929863894047830651599085392978377118642353711084157807549430066031384497667,0.0205,2026-05-24 00:00:08+00:00
1779580809,Oklahoma City Thunder,49500299856831034491021962156746701298730459370557900271970866855042624695770,0.645,2026-05-24 00:00:09+00:00
1779584403,San Antonio Spurs,102227184035967850089766981958743064457339118173548431660886438726896222843254,0.1495,2026-05-24 01:00:03+00:00
1779584404,New York Knicks,20257190540739490630509657713144742134547949967093643458458133445357169845406,0.202,2026-05-24 01:00:04+00:00
1779584405,Cleveland Cavaliers,21929863894047830651599085392978377118642353711084157807549430066031384497667,0.0205,2026-05-24 01:00:05+00:00
1779584405,Oklahoma City Thunder,49500299856831034491021962156746701298730459370557900271970866855042624695770,0.645,2026-05-24 01:00:05+00:00
1779588003,San Antonio Spurs,102227184035967850089766981958743064457339118173548431660886438726896222843254,0.149,2026-05-24 02:00:03+00:00
1779588004,New York Knicks,20257190540739490630509657713144742134547949967093643458458133445357169845406,0.2155,2026-05-24 02:00:04+00:00
1779588005,Cleveland Cavaliers,21929863894047830651599085392978377118642353711084157807549430066031384497667,0.008,2026-05-24 02:00:05+00:00
1779588006,Oklahoma City Thunder,49500299856831034491021962156746701298730459370557900271970866855042624695770,0.645,2026-05-24 02:00:06+00:00
1779591605,San Antonio Spurs,102227184035967850089766981958743064457339118173548431660886438726896222843254,0.1485,2026-05-24 03:00:05+00:00
1779591607,New York Knicks,20257190540739490630509657713144742134547949967093643458458133445357169845406,0.226,2026-05-24 03:00:07+00:00
1779591609,Cleveland Cavaliers,21929863894047830651599085392978377118642353711084157807549430066031384497667,0.0065,2026-05-24 03:00:09+00:00
1779591610,Oklahoma City Thunder,49500299856831034491021962156746701298730459370557900271970866855042624695770,0.635,2026-05-24 03:00:10+00:00
1779595205,San Antonio Spurs,102227184035967850089766981958743064457339118173548431660886438726896222843254,0.1485,2026-05-24 04:00:05+00:00
1779595206,New York Knicks,20257190540739490630509657713144742134547949967093643458458133445357169845406,0.2295,2026-05-24 04:00:06+00:00
1779595207,Cleveland Cavaliers,21929863894047830651599085392978377118642353711084157807549430066031384497667,0.0045,2026-05-24 04:00:07+00:00
1779595207,Oklahoma City Thunder,49500299856831034491021962156746701298730459370557900271970866855042624695770,0.635,2026-05-24 04:00:07+00:00
1779598805,New York Knicks,20257190540739490630509657713144742134547949967093643458458133445357169845406,0.2215,2026-05-24 05:00:05+00:00
1779598805,San Antonio Spurs,102227184035967850089766981958743064457339118173548431660886438726896222843254,0.1525,2026-05-24 05:00:05+00:00
1779598806,Cleveland Cavaliers,21929863894047830651599085392978377118642353711084157807549430066031384497667,0.0055,2026-05-24 05:00:06+00:00
1779598807,Oklahoma City Thunder,49500299856831034491021962156746701298730459370557900271970866855042624695770,0.635,2026-05-24 05:00:07+00:00
1779602403,San Antonio Spurs,102227184035967850089766981958743064457339118173548431660886438726896222843254,0.1525,2026-05-24 06:00:03+00:00
1779602405,New York Knicks,20257190540739490630509657713144742134547949967093643458458133445357169845406,0.222,2026-05-24 06:00:05+00:00
1779602406,Cleveland Cavaliers,21929863894047830651599085392978377118642353711084157807549430066031384497667,0.0035,2026-05-24 06:00:06+00:00
1779602407,Oklahoma City Thunder,49500299856831034491021962156746701298730459370557900271970866855042624695770,0.635,2026-05-24 06:00:07+00:00
1779606003,San Antonio Spurs,102227184035967850089766981958743064457339118173548431660886438726896222843254,0.1525,2026-05-24 07:00:03+00:00
1779606006,New York Knicks,20257190540739490630509657713144742134547949967093643458458133445357169845406,0.2325,2026-05-24 07:00:06+00:00
1779606008,Cleveland Cavaliers,21929863894047830651599085392978377118642353711084157807549430066031384497667,0.0035,2026-05-24 07:00:08+00:00
1779606010,Oklahoma City Thunder,49500299856831034491021962156746701298730459370557900271970866855042624695770,0.625,2026-05-24 07:00:10+00:00
1779609603,San Antonio Spurs,102227184035967850089766981958743064457339118173548431660886438726896222843254,0.1545,2026-05-24 08:00:03+00:00
1779609604,New York Knicks,20257190540739490630509657713144742134547949967093643458458133445357169845406,0.232,2026-05-24 08:00:04+00:00
1779609606,Cleveland Cavaliers,21929863894047830651599085392978377118642353711084157807549430066031384497667,0.0045,2026-05-24 08:00:06+00:00
1779609607,Oklahoma City Thunder,49500299856831034491021962156746701298730459370557900271970866855042624695770,0.625,2026-05-24 08:00:07+00:00
1779613205,San Antonio Spurs,102227184035967850089766981958743064457339118173548431660886438726896222843254,0.1535,2026-05-24 09:00:05+00:00
1779613206,New York Knicks,20257190540739490630509657713144742134547949967093643458458133445357169845406,0.2305,2026-05-24 09:00:06+00:00
1779613208,Cleveland Cavaliers,21929863894047830651599085392978377118642353711084157807549430066031384497667,0.0035,2026-05-24 09:00:08+00:00
1779613209,Oklahoma City Thunder,49500299856831034491021962156746701298730459370557900271970866855042624695770,0.615,2026-05-24 09:00:09+00:00
1779616803,San Antonio Spurs,102227184035967850089766981958743064457339118173548431660886438726896222843254,0.1535,2026-05-24 10:00:03+00:00
1779616804,New York Knicks,20257190540739490630509657713144742134547949967093643458458133445357169845406,0.2305,2026-05-24 10:00:04+00:00
1779616805,Cleveland Cavaliers,21929863894047830651599085392978377118642353711084157807549430066031384497667,0.0045,2026-05-24 10:00:05+00:00
1779616806,Oklahoma City Thunder,49500299856831034491021962156746701298730459370557900271970866855042624695770,0.615,2026-05-24 10:00:06+00:00
1779620403,San Antonio Spurs,102227184035967850089766981958743064457339118173548431660886438726896222843254,0.1535,2026-05-24 11:00:03+00:00
1779620404,New York Knicks,20257190540739490630509657713144742134547949967093643458458133445357169845406,0.2305,2026-05-24 11:00:04+00:00
1779620405,Cleveland Cavaliers,21929863894047830651599085392978377118642353711084157807549430066031384497667,0.0055,2026-05-24 11:00:05+00:00
1779620405,Oklahoma City Thunder,49500299856831034491021962156746701298730459370557900271970866855042624695770,0.615,2026-05-24 11:00:05+00:00
1779624004,San Antonio Spurs,102227184035967850089766981958743064457339118173548431660886438726896222843254,0.1555,2026-05-24 12:00:04+00:00
1779624007,New York Knicks,20257190540739490630509657713144742134547949967093643458458133445357169845406,0.2305,2026-05-24 12:00:07+00:00
1779624008,Cleveland Cavaliers,21929863894047830651599085392978377118642353711084157807549430066031384497667,0.0055,2026-05-24 12:00:08+00:00
1779624010,Oklahoma City Thunder,49500299856831034491021962156746701298730459370557900271970866855042624695770,0.615,2026-05-24 12:00:10+00:00
1779627604,San Antonio Spurs,102227184035967850089766981958743064457339118173548431660886438726896222843254,0.149,2026-05-24 13:00:04+00:00
1779627605,New York Knicks,20257190540739490630509657713144742134547949967093643458458133445357169845406,0.2305,2026-05-24 13:00:05+00:00
1779627606,Cleveland Cavaliers,21929863894047830651599085392978377118642353711084157807549430066031384497667,0.0045,2026-05-24 13:00:06+00:00
1779627606,Oklahoma City Thunder,49500299856831034491021962156746701298730459370557900271970866855042624695770,0.615,2026-05-24 13:00:06+00:00
1779631204,San Antonio Spurs,102227184035967850089766981958743064457339118173548431660886438726896222843254,0.1545,2026-05-24 14:00:04+00:00
1779631205,New York Knicks,20257190540739490630509657713144742134547949967093643458458133445357169845406,0.2305,2026-05-24 14:00:05+00:00
1779631206,Cleveland Cavaliers,21929863894047830651599085392978377118642353711084157807549430066031384497667,0.0045,2026-05-24 14:00:06+00:00
1779631207,Oklahoma City Thunder,49500299856831034491021962156746701298730459370557900271970866855042624695770,0.615,2026-05-24 14:00:07+00:00
1779634804,San Antonio Spurs,102227184035967850089766981958743064457339118173548431660886438726896222843254,0.1555,2026-05-24 15:00:04+00:00
1779634806,New York Knicks,20257190540739490630509657713144742134547949967093643458458133445357169845406,0.2325,2026-05-24 15:00:06+00:00
1779634807,Cleveland Cavaliers,21929863894047830651599085392978377118642353711084157807549430066031384497667,0.0045,2026-05-24 15:00:07+00:00
1779634809,Oklahoma City Thunder,49500299856831034491021962156746701298730459370557900271970866855042624695770,0.615,2026-05-24 15:00:09+00:00
1779638406,San Antonio Spurs,102227184035967850089766981958743064457339118173548431660886438726896222843254,0.1555,2026-05-24 16:00:06+00:00
1779638407,Cleveland Cavaliers,21929863894047830651599085392978377118642353711084157807549430066031384497667,0.0045,2026-05-24 16:00:07+00:00
1779638407,New York Knicks,20257190540739490630509657713144742134547949967093643458458133445357169845406,0.2315,2026-05-24 16:00:07+00:00
1779638408,Oklahoma City Thunder,49500299856831034491021962156746701298730459370557900271970866855042624695770,0.615,2026-05-24 16:00:08+00:00
1779642004,San Antonio Spurs,102227184035967850089766981958743064457339118173548431660886438726896222843254,0.1555,2026-05-24 17:00:04+00:00
1779642006,New York Knicks,20257190540739490630509657713144742134547949967093643458458133445357169845406,0.2325,2026-05-24 17:00:06+00:00
1779642008,Cleveland Cavaliers,21929863894047830651599085392978377118642353711084157807549430066031384497667,0.0045,2026-05-24 17:00:08+00:00
1779642009,Oklahoma City Thunder,49500299856831034491021962156746701298730459370557900271970866855042624695770,0.615,2026-05-24 17:00:09+00:00
1779645604,San Antonio Spurs,102227184035967850089766981958743064457339118173548431660886438726896222843254,0.1555,2026-05-24 18:00:04+00:00
1779645606,New York Knicks,20257190540739490630509657713144742134547949967093643458458133445357169845406,0.2315,2026-05-24 18:00:06+00:00
1779645608,Cleveland Cavaliers,21929863894047830651599085392978377118642353711084157807549430066031384497667,0.0045,2026-05-24 18:00:08+00:00
1779645610,Oklahoma City Thunder,49500299856831034491021962156746701298730459370557900271970866855042624695770,0.615,2026-05-24 18:00:10+00:00
1779649204,San Antonio Spurs,102227184035967850089766981958743064457339118173548431660886438726896222843254,0.1555,2026-05-24 19:00:04+00:00
1779649205,Cleveland Cavaliers,21929863894047830651599085392978377118642353711084157807549430066031384497667,0.0045,2026-05-24 19:00:05+00:00
1779649205,New York Knicks,20257190540739490630509657713144742134547949967093643458458133445357169845406,0.2315,2026-05-24 19:00:05+00:00
1779649206,Oklahoma City Thunder,49500299856831034491021962156746701298730459370557900271970866855042624695770,0.615,2026-05-24 19:00:06+00:00
1779652803,San Antonio Spurs,102227184035967850089766981958743064457339118173548431660886438726896222843254,0.1555,2026-05-24 20:00:03+00:00
1779652804,New York Knicks,20257190540739490630509657713144742134547949967093643458458133445357169845406,0.2315,2026-05-24 20:00:04+00:00
1779652806,Cleveland Cavaliers,21929863894047830651599085392978377118642353711084157807549430066031384497667,0.0045,2026-05-24 20:00:06+00:00
1779652807,Oklahoma City Thunder,49500299856831034491021962156746701298730459370557900271970866855042624695770,0.605,2026-05-24 20:00:07+00:00
1779656403,San Antonio Spurs,102227184035967850089766981958743064457339118173548431660886438726896222843254,0.1555,2026-05-24 21:00:03+00:00
1779656405,New York Knicks,20257190540739490630509657713144742134547949967093643458458133445357169845406,0.2315,2026-05-24 21:00:05+00:00
1779656406,Cleveland Cavaliers,21929863894047830651599085392978377118642353711084157807549430066031384497667,0.0045,2026-05-24 21:00:06+00:00
1779656407,Oklahoma City Thunder,49500299856831034491021962156746701298730459370557900271970866855042624695770,0.615,2026-05-24 21:00:07+00:00
1779660003,San Antonio Spurs,102227184035967850089766981958743064457339118173548431660886438726896222843254,0.1555,2026-05-24 22:00:03+00:00
1779660006,New York Knicks,20257190540739490630509657713144742134547949967093643458458133445357169845406,0.2315,2026-05-24 22:00:06+00:00
1779660008,Cleveland Cavaliers,21929863894047830651599085392978377118642353711084157807549430066031384497667,0.0045,2026-05-24 22:00:08+00:00
1779660010,Oklahoma City Thunder,49500299856831034491021962156746701298730459370557900271970866855042624695770,0.615,2026-05-24 22:00:10+00:00
1779663606,San Antonio Spurs,102227184035967850089766981958743064457339118173548431660886438726896222843254,0.1555,2026-05-24 23:00:06+00:00
1779663607,Cleveland Cavaliers,21929863894047830651599085392978377118642353711084157807549430066031384497667,0.0045,2026-05-24 23:00:07+00:00
1779663607,New York Knicks,20257190540739490630509657713144742134547949967093643458458133445357169845406,0.2315,2026-05-24 23:00:07+00:00
1779663608,Oklahoma City Thunder,49500299856831034491021962156746701298730459370557900271970866855042624695770,0.615,2026-05-24 23:00:08+00:00
1779667204,San Antonio Spurs,102227184035967850089766981958743064457339118173548431660886438726896222843254,0.1595,2026-05-25 00:00:04+00:00
1779667207,New York Knicks,20257190540739490630509657713144742134547949967093643458458133445357169845406,0.2315,2026-05-25 00:00:07+00:00
1779667208,Cleveland Cavaliers,21929863894047830651599085392978377118642353711084157807549430066031384497667,0.0045,2026-05-25 00:00:08+00:00
1779667209,Oklahoma City Thunder,49500299856831034491021962156746701298730459370557900271970866855042624695770,0.605,2026-05-25 00:00:09+00:00
1779670803,San Antonio Spurs,102227184035967850089766981958743064457339118173548431660886438726896222843254,0.2095,2026-05-25 01:00:03+00:00
1779670804,New York Knicks,20257190540739490630509657713144742134547949967093643458458133445357169845406,0.2315,2026-05-25 01:00:04+00:00
1779670805,Cleveland Cavaliers,21929863894047830651599085392978377118642353711084157807549430066031384497667,0.0045,2026-05-25 01:00:05+00:00
1779670806,Oklahoma City Thunder,49500299856831034491021962156746701298730459370557900271970866855042624695770,0.555,2026-05-25 01:00:06+00:00
1779674403,San Antonio Spurs,102227184035967850089766981958743064457339118173548431660886438726896222843254,0.286,2026-05-25 02:00:03+00:00
1779674404,Cleveland Cavaliers,21929863894047830651599085392978377118642353711084157807549430066031384497667,0.0045,2026-05-25 02:00:04+00:00
1779674404,New York Knicks,20257190540739490630509657713144742134547949967093643458458133445357169845406,0.2455,2026-05-25 02:00:04+00:00
1779674405,Oklahoma City Thunder,49500299856831034491021962156746701298730459370557900271970866855042624695770,0.47,2026-05-25 02:00:05+00:00
1779678005,San Antonio Spurs,102227184035967850089766981958743064457339118173548431660886438726896222843254,0.263,2026-05-25 03:00:05+00:00
1779678007,New York Knicks,20257190540739490630509657713144742134547949967093643458458133445357169845406,0.2505,2026-05-25 03:00:07+00:00
1779678008,Cleveland Cavaliers,21929863894047830651599085392978377118642353711084157807549430066031384497667,0.0045,2026-05-25 03:00:08+00:00
1779678010,Oklahoma City Thunder,49500299856831034491021962156746701298730459370557900271970866855042624695770,0.485,2026-05-25 03:00:10+00:00
1779681603,San Antonio Spurs,102227184035967850089766981958743064457339118173548431660886438726896222843254,0.261,2026-05-25 04:00:03+00:00
1779681605,Cleveland Cavaliers,21929863894047830651599085392978377118642353711084157807549430066031384497667,0.0045,2026-05-25 04:00:05+00:00
1779681605,New York Knicks,20257190540739490630509657713144742134547949967093643458458133445357169845406,0.2505,2026-05-25 04:00:05+00:00
1779681606,Oklahoma City Thunder,49500299856831034491021962156746701298730459370557900271970866855042624695770,0.475,2026-05-25 04:00:06+00:00
1779685205,San Antonio Spurs,102227184035967850089766981958743064457339118173548431660886438726896222843254,0.2595,2026-05-25 05:00:05+00:00
1779685206,New York Knicks,20257190540739490630509657713144742134547949967093643458458133445357169845406,0.2585,2026-05-25 05:00:06+00:00
1779685207,Cleveland Cavaliers,21929863894047830651599085392978377118642353711084157807549430066031384497667,0.0045,2026-05-25 05:00:07+00:00
1779685208,Oklahoma City Thunder,49500299856831034491021962156746701298730459370557900271970866855042624695770,0.475,2026-05-25 05:00:08+00:00
1779688805,San Antonio Spurs,102227184035967850089766981958743064457339118173548431660886438726896222843254,0.261,2026-05-25 06:00:05+00:00
1779688807,New York Knicks,20257190540739490630509657713144742134547949967093643458458133445357169845406,0.2585,2026-05-25 06:00:07+00:00
1779688808,Cleveland Cavaliers,21929863894047830651599085392978377118642353711084157807549430066031384497667,0.0045,2026-05-25 06:00:08+00:00
1779688809,Oklahoma City Thunder,49500299856831034491021962156746701298730459370557900271970866855042624695770,0.475,2026-05-25 06:00:09+00:00
1779692404,San Antonio Spurs,102227184035967850089766981958743064457339118173548431660886438726896222843254,0.2615,2026-05-25 07:00:04+00:00
1779692406,New York Knicks,20257190540739490630509657713144742134547949967093643458458133445357169845406,0.2525,2026-05-25 07:00:06+00:00
1779692408,Cleveland Cavaliers,21929863894047830651599085392978377118642353711084157807549430066031384497667,0.0045,2026-05-25 07:00:08+00:00
1779692410,Oklahoma City Thunder,49500299856831034491021962156746701298730459370557900271970866855042624695770,0.495,2026-05-25 07:00:10+00:00
1779696004,San Antonio Spurs,102227184035967850089766981958743064457339118173548431660886438726896222843254,0.262,2026-05-25 08:00:04+00:00
1779696005,New York Knicks,20257190540739490630509657713144742134547949967093643458458133445357169845406,0.2525,2026-05-25 08:00:05+00:00
1779696006,Cleveland Cavaliers,21929863894047830651599085392978377118642353711084157807549430066031384497667,0.0045,2026-05-25 08:00:06+00:00
1779696007,Oklahoma City Thunder,49500299856831034491021962156746701298730459370557900271970866855042624695770,0.495,2026-05-25 08:00:07+00:00
1779699603,San Antonio Spurs,102227184035967850089766981958743064457339118173548431660886438726896222843254,0.2605,2026-05-25 09:00:03+00:00
1779699605,New York Knicks,20257190540739490630509657713144742134547949967093643458458133445357169845406,0.256,2026-05-25 09:00:05+00:00
1779699607,Cleveland Cavaliers,21929863894047830651599085392978377118642353711084157807549430066031384497667,0.0045,2026-05-25 09:00:07+00:00
1779699608,Oklahoma City Thunder,49500299856831034491021962156746701298730459370557900271970866855042624695770,0.495,2026-05-25 09:00:08+00:00
1779703205,San Antonio Spurs,102227184035967850089766981958743064457339118173548431660886438726896222843254,0.2625,2026-05-25 10:00:05+00:00
1779703206,Cleveland Cavaliers,21929863894047830651599085392978377118642353711084157807549430066031384497667,0.0045,2026-05-25 10:00:06+00:00
1779703206,New York Knicks,20257190540739490630509657713144742134547949967093643458458133445357169845406,0.2555,2026-05-25 10:00:06+00:00
1779703207,Oklahoma City Thunder,49500299856831034491021962156746701298730459370557900271970866855042624695770,0.475,2026-05-25 10:00:07+00:00
1779706803,San Antonio Spurs,102227184035967850089766981958743064457339118173548431660886438726896222843254,0.2625,2026-05-25 11:00:03+00:00
1779706804,Cleveland Cavaliers,21929863894047830651599085392978377118642353711084157807549430066031384497667,0.004,2026-05-25 11:00:04+00:00
1779706804,New York Knicks,20257190540739490630509657713144742134547949967093643458458133445357169845406,0.2535,2026-05-25 11:00:04+00:00
1779706805,Oklahoma City Thunder,49500299856831034491021962156746701298730459370557900271970866855042624695770,0.475,2026-05-25 11:00:05+00:00
1779710403,San Antonio Spurs,102227184035967850089766981958743064457339118173548431660886438726896222843254,0.2605,2026-05-25 12:00:03+00:00
1779710406,New York Knicks,20257190540739490630509657713144742134547949967093643458458133445357169845406,0.2525,2026-05-25 12:00:06+00:00
1779710408,Cleveland Cavaliers,21929863894047830651599085392978377118642353711084157807549430066031384497667,0.0035,2026-05-25 12:00:08+00:00
1779710409,Oklahoma City Thunder,49500299856831034491021962156746701298730459370557900271970866855042624695770,0.475,2026-05-25 12:00:09+00:00
1779714003,San Antonio Spurs,102227184035967850089766981958743064457339118173548431660886438726896222843254,0.2595,2026-05-25 13:00:03+00:00
1779714004,Cleveland Cavaliers,21929863894047830651599085392978377118642353711084157807549430066031384497667,0.0035,2026-05-25 13:00:04+00:00
1779714004,New York Knicks,20257190540739490630509657713144742134547949967093643458458133445357169845406,0.2515,2026-05-25 13:00:04+00:00
1779714005,Oklahoma City Thunder,49500299856831034491021962156746701298730459370557900271970866855042624695770,0.485,2026-05-25 13:00:05+00:00
1779717603,San Antonio Spurs,102227184035967850089766981958743064457339118173548431660886438726896222843254,0.2585,2026-05-25 14:00:03+00:00
1779717604,New York Knicks,20257190540739490630509657713144742134547949967093643458458133445357169845406,0.251,2026-05-25 14:00:04+00:00
1779717605,Cleveland Cavaliers,21929863894047830651599085392978377118642353711084157807549430066031384497667,0.0035,2026-05-25 14:00:05+00:00
1779717606,Oklahoma City Thunder,49500299856831034491021962156746701298730459370557900271970866855042624695770,0.475,2026-05-25 14:00:06+00:00
1779721205,San Antonio Spurs,102227184035967850089766981958743064457339118173548431660886438726896222843254,0.2585,2026-05-25 15:00:05+00:00
1779721207,New York Knicks,20257190540739490630509657713144742134547949967093643458458133445357169845406,0.2545,2026-05-25 15:00:07+00:00
1779721208,Cleveland Cavaliers,21929863894047830651599085392978377118642353711084157807549430066031384497667,0.0035,2026-05-25 15:00:08+00:00
1779721209,Oklahoma City Thunder,49500299856831034491021962156746701298730459370557900271970866855042624695770,0.485,2026-05-25 15:00:09+00:00
1779724806,New York Knicks,20257190540739490630509657713144742134547949967093643458458133445357169845406,0.2545,2026-05-25 16:00:06+00:00
1779724806,San Antonio Spurs,102227184035967850089766981958743064457339118173548431660886438726896222843254,0.2585,2026-05-25 16:00:06+00:00
1779724807,Cleveland Cavaliers,21929863894047830651599085392978377118642353711084157807549430066031384497667,0.0035,2026-05-25 16:00:07+00:00
1779724808,Oklahoma City Thunder,49500299856831034491021962156746701298730459370557900271970866855042624695770,0.485,2026-05-25 16:00:08+00:00
1779728403,San Antonio Spurs,102227184035967850089766981958743064457339118173548431660886438726896222843254,0.2595,2026-05-25 17:00:03+00:00
1779728406,New York Knicks,20257190540739490630509657713144742134547949967093643458458133445357169845406,0.254,2026-05-25 17:00:06+00:00
1779728408,Cleveland Cavaliers,21929863894047830651599085392978377118642353711084157807549430066031384497667,0.0035,2026-05-25 17:00:08+00:00
1779728410,Oklahoma City Thunder,49500299856831034491021962156746701298730459370557900271970866855042624695770,0.485,2026-05-25 17:00:10+00:00
1779732004,San Antonio Spurs,102227184035967850089766981958743064457339118173548431660886438726896222843254,0.2595,2026-05-25 18:00:04+00:00
1779732006,New York Knicks,20257190540739490630509657713144742134547949967093643458458133445357169845406,0.2555,2026-05-25 18:00:06+00:00
1779732007,Cleveland Cavaliers,21929863894047830651599085392978377118642353711084157807549430066031384497667,0.0035,2026-05-25 18:00:07+00:00
1779732009,Oklahoma City Thunder,49500299856831034491021962156746701298730459370557900271970866855042624695770,0.485,2026-05-25 18:00:09+00:00
1779735603,San Antonio Spurs,102227184035967850089766981958743064457339118173548431660886438726896222843254,0.2595,2026-05-25 19:00:03+00:00
1779735604,Cleveland Cavaliers,21929863894047830651599085392978377118642353711084157807549430066031384497667,0.0035,2026-05-25 19:00:04+00:00
1779735604,New York Knicks,20257190540739490630509657713144742134547949967093643458458133445357169845406,0.2555,2026-05-25 19:00:04+00:00
1779735605,Oklahoma City Thunder,49500299856831034491021962156746701298730459370557900271970866855042624695770,0.485,2026-05-25 19:00:05+00:00
1779739203,San Antonio Spurs,102227184035967850089766981958743064457339118173548431660886438726896222843254,0.2595,2026-05-25 20:00:03+00:00
1779739205,New York Knicks,20257190540739490630509657713144742134547949967093643458458133445357169845406,0.2555,2026-05-25 20:00:05+00:00
1779739206,Cleveland Cavaliers,21929863894047830651599085392978377118642353711084157807549430066031384497667,0.0035,2026-05-25 20:00:06+00:00
1779739208,Oklahoma City Thunder,49500299856831034491021962156746701298730459370557900271970866855042624695770,0.485,2026-05-25 20:00:08+00:00
1779742804,San Antonio Spurs,102227184035967850089766981958743064457339118173548431660886438726896222843254,0.2595,2026-05-25 21:00:04+00:00
1779742806,New York Knicks,20257190540739490630509657713144742134547949967093643458458133445357169845406,0.2575,2026-05-25 21:00:06+00:00
1779742807,Cleveland Cavaliers,21929863894047830651599085392978377118642353711084157807549430066031384497667,0.0035,2026-05-25 21:00:07+00:00
1779742808,Oklahoma City Thunder,49500299856831034491021962156746701298730459370557900271970866855042624695770,0.485,2026-05-25 21:00:08+00:00
1779746403,San Antonio Spurs,102227184035967850089766981958743064457339118173548431660886438726896222843254,0.2595,2026-05-25 22:00:03+00:00
1779746404,Cleveland Cavaliers,21929863894047830651599085392978377118642353711084157807549430066031384497667,0.0035,2026-05-25 22:00:04+00:00
1779746404,New York Knicks,20257190540739490630509657713144742134547949967093643458458133445357169845406,0.2585,2026-05-25 22:00:04+00:00
1779746405,Oklahoma City Thunder,49500299856831034491021962156746701298730459370557900271970866855042624695770,0.485,2026-05-25 22:00:05+00:00
1779750003,San Antonio Spurs,102227184035967850089766981958743064457339118173548431660886438726896222843254,0.2595,2026-05-25 23:00:03+00:00
1779750004,New York Knicks,20257190540739490630509657713144742134547949967093643458458133445357169845406,0.2575,2026-05-25 23:00:04+00:00
1779750005,Cleveland Cavaliers,21929863894047830651599085392978377118642353711084157807549430066031384497667,0.0035,2026-05-25 23:00:05+00:00
1779750006,Oklahoma City Thunder,49500299856831034491021962156746701298730459370557900271970866855042624695770,0.485,2026-05-25 23:00:06+00:00
1779753604,San Antonio Spurs,102227184035967850089766981958743064457339118173548431660886438726896222843254,0.2595,2026-05-26 00:00:04+00:00
1779753607,New York Knicks,20257190540739490630509657713144742134547949967093643458458133445357169845406,0.2665,2026-05-26 00:00:07+00:00
1779753608,Cleveland Cavaliers,21929863894047830651599085392978377118642353711084157807549430066031384497667,0.005,2026-05-26 00:00:08+00:00
1779753610,Oklahoma City Thunder,49500299856831034491021962156746701298730459370557900271970866855042624695770,0.485,2026-05-26 00:00:10+00:00
1779757205,New York Knicks,20257190540739490630509657713144742134547949967093643458458133445357169845406,0.2755,2026-05-26 01:00:05+00:00
1779757205,San Antonio Spurs,102227184035967850089766981958743064457339118173548431660886438726896222843254,0.2495,2026-05-26 01:00:05+00:00
1779757206,Cleveland Cavaliers,21929863894047830651599085392978377118642353711084157807549430066031384497667,0.0005,2026-05-26 01:00:06+00:00
1779757206,Oklahoma City Thunder,49500299856831034491021962156746701298730459370557900271970866855042624695770,0.475,2026-05-26 01:00:06+00:00
1779760804,San Antonio Spurs,102227184035967850089766981958743064457339118173548431660886438726896222843254,0.2575,2026-05-26 02:00:04+00:00
1779760805,Cleveland Cavaliers,21929863894047830651599085392978377118642353711084157807549430066031384497667,0.0005,2026-05-26 02:00:05+00:00
1779760805,New York Knicks,20257190540739490630509657713144742134547949967093643458458133445357169845406,0.2785,2026-05-26 02:00:05+00:00
1779760806,Oklahoma City Thunder,49500299856831034491021962156746701298730459370557900271970866855042624695770,0.475,2026-05-26 02:00:06+00:00
1779764403,San Antonio Spurs,102227184035967850089766981958743064457339118173548431660886438726896222843254,0.2565,2026-05-26 03:00:03+00:00
1779764405,New York Knicks,20257190540739490630509657713144742134547949967093643458458133445357169845406,0.2805,2026-05-26 03:00:05+00:00
1779764407,Cleveland Cavaliers,21929863894047830651599085392978377118642353711084157807549430066031384497667,0.0005,2026-05-26 03:00:07+00:00
1779764408,Oklahoma City Thunder,49500299856831034491021962156746701298730459370557900271970866855042624695770,0.475,2026-05-26 03:00:08+00:00
1779768015,San Antonio Spurs,102227184035967850089766981958743064457339118173548431660886438726896222843254,0.256,2026-05-26 04:00:15+00:00
1779768017,Cleveland Cavaliers,21929863894047830651599085392978377118642353711084157807549430066031384497667,0.0005,2026-05-26 04:00:17+00:00
1779768017,New York Knicks,20257190540739490630509657713144742134547949967093643458458133445357169845406,0.2805,2026-05-26 04:00:17+00:00
1779768018,Oklahoma City Thunder,49500299856831034491021962156746701298730459370557900271970866855042624695770,0.475,2026-05-26 04:00:18+00:00
1779771604,New York Knicks,20257190540739490630509657713144742134547949967093643458458133445357169845406,0.2805,2026-05-26 05:00:04+00:00
1779771604,San Antonio Spurs,102227184035967850089766981958743064457339118173548431660886438726896222843254,0.2565,2026-05-26 05:00:04+00:00
1779771605,Cleveland Cavaliers,21929863894047830651599085392978377118642353711084157807549430066031384497667,0.0005,2026-05-26 05:00:05+00:00
1779771606,Oklahoma City Thunder,49500299856831034491021962156746701298730459370557900271970866855042624695770,0.475,2026-05-26 05:00:06+00:00
1779775216,San Antonio Spurs,102227184035967850089766981958743064457339118173548431660886438726896222843254,0.2525,2026-05-26 06:00:16+00:00
1779775218,New York Knicks,20257190540739490630509657713144742134547949967093643458458133445357169845406,0.2865,2026-05-26 06:00:18+00:00
1779775222,Oklahoma City Thunder,49500299856831034491021962156746701298730459370557900271970866855042624695770,0.465,2026-05-26 06:00:22+00:00
1779778803,San Antonio Spurs,102227184035967850089766981958743064457339118173548431660886438726896222843254,0.248,2026-05-26 07:00:03+00:00
1779778804,New York Knicks,20257190540739490630509657713144742134547949967093643458458133445357169845406,0.2895,2026-05-26 07:00:04+00:00
1779778805,Oklahoma City Thunder,49500299856831034491021962156746701298730459370557900271970866855042624695770,0.465,2026-05-26 07:00:05+00:00
1779782405,San Antonio Spurs,102227184035967850089766981958743064457339118173548431660886438726896222843254,0.243,2026-05-26 08:00:05+00:00
1779782406,New York Knicks,20257190540739490630509657713144742134547949967093643458458133445357169845406,0.282,2026-05-26 08:00:06+00:00
1779782407,Oklahoma City Thunder,49500299856831034491021962156746701298730459370557900271970866855042624695770,0.465,2026-05-26 08:00:07+00:00
1779786003,San Antonio Spurs,102227184035967850089766981958743064457339118173548431660886438726896222843254,0.2435,2026-05-26 09:00:03+00:00
1779786005,New York Knicks,20257190540739490630509657713144742134547949967093643458458133445357169845406,0.288,2026-05-26 09:00:05+00:00
1779786008,Oklahoma City Thunder,49500299856831034491021962156746701298730459370557900271970866855042624695770,0.465,2026-05-26 09:00:08+00:00
1779789603,San Antonio Spurs,102227184035967850089766981958743064457339118173548431660886438726896222843254,0.2465,2026-05-26 10:00:03+00:00
1779789604,New York Knicks,20257190540739490630509657713144742134547949967093643458458133445357169845406,0.287,2026-05-26 10:00:04+00:00
1779789605,Oklahoma City Thunder,49500299856831034491021962156746701298730459370557900271970866855042624695770,0.465,2026-05-26 10:00:05+00:00
1779793203,San Antonio Spurs,102227184035967850089766981958743064457339118173548431660886438726896222843254,0.248,2026-05-26 11:00:03+00:00
1779793204,New York Knicks,20257190540739490630509657713144742134547949967093643458458133445357169845406,0.2885,2026-05-26 11:00:04+00:00
1779793206,Oklahoma City Thunder,49500299856831034491021962156746701298730459370557900271970866855042624695770,0.455,2026-05-26 11:00:06+00:00
1779796804,San Antonio Spurs,102227184035967850089766981958743064457339118173548431660886438726896222843254,0.2465,2026-05-26 12:00:04+00:00
1779796809,New York Knicks,20257190540739490630509657713144742134547949967093643458458133445357169845406,0.2845,2026-05-26 12:00:09+00:00
1779796816,Oklahoma City Thunder,49500299856831034491021962156746701298730459370557900271970866855042624695770,0.455,2026-05-26 12:00:16+00:00
1779800404,San Antonio Spurs,102227184035967850089766981958743064457339118173548431660886438726896222843254,0.252,2026-05-26 13:00:04+00:00
1779800405,New York Knicks,20257190540739490630509657713144742134547949967093643458458133445357169845406,0.2875,2026-05-26 13:00:05+00:00
1779800406,Oklahoma City Thunder,49500299856831034491021962156746701298730459370557900271970866855042624695770,0.455,2026-05-26 13:00:06+00:00
1779804003,San Antonio Spurs,102227184035967850089766981958743064457339118173548431660886438726896222843254,0.253,2026-05-26 14:00:03+00:00
1779804005,New York Knicks,20257190540739490630509657713144742134547949967093643458458133445357169845406,0.2895,2026-05-26 14:00:05+00:00
1779804006,Oklahoma City Thunder,49500299856831034491021962156746701298730459370557900271970866855042624695770,0.455,2026-05-26 14:00:06+00:00
1779807605,San Antonio Spurs,102227184035967850089766981958743064457339118173548431660886438726896222843254,0.2545,2026-05-26 15:00:05+00:00
1779807607,New York Knicks,20257190540739490630509657713144742134547949967093643458458133445357169845406,0.2955,2026-05-26 15:00:07+00:00
1779807611,Oklahoma City Thunder,49500299856831034491021962156746701298730459370557900271970866855042624695770,0.455,2026-05-26 15:00:11+00:00
1779811203,San Antonio Spurs,102227184035967850089766981958743064457339118173548431660886438726896222843254,0.2575,2026-05-26 16:00:03+00:00
1779811204,New York Knicks,20257190540739490630509657713144742134547949967093643458458133445357169845406,0.2965,2026-05-26 16:00:04+00:00
1779811205,Oklahoma City Thunder,49500299856831034491021962156746701298730459370557900271970866855042624695770,0.455,2026-05-26 16:00:05+00:00
1779814804,San Antonio Spurs,102227184035967850089766981958743064457339118173548431660886438726896222843254,0.2585,2026-05-26 17:00:04+00:00
1779814807,New York Knicks,20257190540739490630509657713144742134547949967093643458458133445357169845406,0.2965,2026-05-26 17:00:07+00:00
1779814812,Oklahoma City Thunder,49500299856831034491021962156746701298730459370557900271970866855042624695770,0.455,2026-05-26 17:00:12+00:00
1779818403,San Antonio Spurs,102227184035967850089766981958743064457339118173548431660886438726896222843254,0.2625,2026-05-26 18:00:03+00:00
1779818405,New York Knicks,20257190540739490630509657713144742134547949967093643458458133445357169845406,0.2965,2026-05-26 18:00:05+00:00
1779818408,Oklahoma City Thunder,49500299856831034491021962156746701298730459370557900271970866855042624695770,0.455,2026-05-26 18:00:08+00:00
1779822003,San Antonio Spurs,102227184035967850089766981958743064457339118173548431660886438726896222843254,0.259,2026-05-26 19:00:03+00:00
1779822004,New York Knicks,20257190540739490630509657713144742134547949967093643458458133445357169845406,0.2995,2026-05-26 19:00:04+00:00
1779822005,Oklahoma City Thunder,49500299856831034491021962156746701298730459370557900271970866855042624695770,0.455,2026-05-26 19:00:05+00:00
1779825604,San Antonio Spurs,102227184035967850089766981958743064457339118173548431660886438726896222843254,0.2645,2026-05-26 20:00:04+00:00
1779825605,New York Knicks,20257190540739490630509657713144742134547949967093643458458133445357169845406,0.2975,2026-05-26 20:00:05+00:00
1779825606,Oklahoma City Thunder,49500299856831034491021962156746701298730459370557900271970866855042624695770,0.455,2026-05-26 20:00:06+00:00
1779829204,San Antonio Spurs,102227184035967850089766981958743064457339118173548431660886438726896222843254,0.2655,2026-05-26 21:00:04+00:00
1779829206,New York Knicks,20257190540739490630509657713144742134547949967093643458458133445357169845406,0.2975,2026-05-26 21:00:06+00:00
1779829209,Oklahoma City Thunder,49500299856831034491021962156746701298730459370557900271970866855042624695770,0.455,2026-05-26 21:00:09+00:00
1779832803,San Antonio Spurs,102227184035967850089766981958743064457339118173548431660886438726896222843254,0.265,2026-05-26 22:00:03+00:00
1779832804,New York Knicks,20257190540739490630509657713144742134547949967093643458458133445357169845406,0.2985,2026-05-26 22:00:04+00:00
1779832804,Oklahoma City Thunder,49500299856831034491021962156746701298730459370557900271970866855042624695770,0.445,2026-05-26 22:00:04+00:00
1779836404,San Antonio Spurs,102227184035967850089766981958743064457339118173548431660886438726896222843254,0.274,2026-05-26 23:00:04+00:00
1779836405,New York Knicks,20257190540739490630509657713144742134547949967093643458458133445357169845406,0.2955,2026-05-26 23:00:05+00:00
1779836406,Oklahoma City Thunder,49500299856831034491021962156746701298730459370557900271970866855042624695770,0.445,2026-05-26 23:00:06+00:00
1779840005,San Antonio Spurs,102227184035967850089766981958743064457339118173548431660886438726896222843254,0.2795,2026-05-27 00:00:05+00:00
1779840008,New York Knicks,20257190540739490630509657713144742134547949967093643458458133445357169845406,0.2905,2026-05-27 00:00:08+00:00
1779840010,Oklahoma City Thunder,49500299856831034491021962156746701298730459370557900271970866855042624695770,0.445,2026-05-27 00:00:10+00:00
1779843604,New York Knicks,20257190540739490630509657713144742134547949967093643458458133445357169845406,0.2905,2026-05-27 01:00:04+00:00
1779843604,San Antonio Spurs,102227184035967850089766981958743064457339118173548431660886438726896222843254,0.291,2026-05-27 01:00:04+00:00
1779843605,Oklahoma City Thunder,49500299856831034491021962156746701298730459370557900271970866855042624695770,0.415,2026-05-27 01:00:05+00:00
1779847203,San Antonio Spurs,102227184035967850089766981958743064457339118173548431660886438726896222843254,0.211,2026-05-27 02:00:03+00:00
1779847204,New York Knicks,20257190540739490630509657713144742134547949967093643458458133445357169845406,0.2815,2026-05-27 02:00:04+00:00
1779847204,Oklahoma City Thunder,49500299856831034491021962156746701298730459370557900271970866855042624695770,0.525,2026-05-27 02:00:04+00:00
1779850803,San Antonio Spurs,102227184035967850089766981958743064457339118173548431660886438726896222843254,0.1345,2026-05-27 03:00:03+00:00
1779850805,New York Knicks,20257190540739490630509657713144742134547949967093643458458133445357169845406,0.2795,2026-05-27 03:00:05+00:00
1779850807,Oklahoma City Thunder,49500299856831034491021962156746701298730459370557900271970866855042624695770,0.58,2026-05-27 03:00:07+00:00
1779854403,New York Knicks,20257190540739490630509657713144742134547949967093643458458133445357169845406,0.2795,2026-05-27 04:00:03+00:00
1779854403,San Antonio Spurs,102227184035967850089766981958743064457339118173548431660886438726896222843254,0.1515,2026-05-27 04:00:03+00:00
1779854404,Oklahoma City Thunder,49500299856831034491021962156746701298730459370557900271970866855042624695770,0.565,2026-05-27 04:00:04+00:00
1779858004,New York Knicks,20257190540739490630509657713144742134547949967093643458458133445357169845406,0.2865,2026-05-27 05:00:04+00:00
1779858004,San Antonio Spurs,102227184035967850089766981958743064457339118173548431660886438726896222843254,0.1455,2026-05-27 05:00:04+00:00
1779858005,Oklahoma City Thunder,49500299856831034491021962156746701298730459370557900271970866855042624695770,0.585,2026-05-27 05:00:05+00:00
1779861603,San Antonio Spurs,102227184035967850089766981958743064457339118173548431660886438726896222843254,0.153,2026-05-27 06:00:03+00:00
1779861605,New York Knicks,20257190540739490630509657713144742134547949967093643458458133445357169845406,0.2815,2026-05-27 06:00:05+00:00
1779861607,Oklahoma City Thunder,49500299856831034491021962156746701298730459370557900271970866855042624695770,0.575,2026-05-27 06:00:07+00:00
1779865203,San Antonio Spurs,102227184035967850089766981958743064457339118173548431660886438726896222843254,0.153,2026-05-27 07:00:03+00:00
1779865206,New York Knicks,20257190540739490630509657713144742134547949967093643458458133445357169845406,0.2815,2026-05-27 07:00:06+00:00
1779865209,Oklahoma City Thunder,49500299856831034491021962156746701298730459370557900271970866855042624695770,0.575,2026-05-27 07:00:09+00:00
1779868803,San Antonio Spurs,102227184035967850089766981958743064457339118173548431660886438726896222843254,0.153,2026-05-27 08:00:03+00:00
1779868804,New York Knicks,20257190540739490630509657713144742134547949967093643458458133445357169845406,0.2775,2026-05-27 08:00:04+00:00
1779868804,Oklahoma City Thunder,49500299856831034491021962156746701298730459370557900271970866855042624695770,0.575,2026-05-27 08:00:04+00:00
1779872417,San Antonio Spurs,102227184035967850089766981958743064457339118173548431660886438726896222843254,0.1475,2026-05-27 09:00:17+00:00
1779872419,New York Knicks,20257190540739490630509657713144742134547949967093643458458133445357169845406,0.2865,2026-05-27 09:00:19+00:00
1779872421,Oklahoma City Thunder,49500299856831034491021962156746701298730459370557900271970866855042624695770,0.575,2026-05-27 09:00:21+00:00
1779876003,New York Knicks,20257190540739490630509657713144742134547949967093643458458133445357169845406,0.2865,2026-05-27 10:00:03+00:00
1779876003,San Antonio Spurs,102227184035967850089766981958743064457339118173548431660886438726896222843254,0.149,2026-05-27 10:00:03+00:00
1779876004,Oklahoma City Thunder,49500299856831034491021962156746701298730459370557900271970866855042624695770,0.575,2026-05-27 10:00:04+00:00
1779879604,San Antonio Spurs,102227184035967850089766981958743064457339118173548431660886438726896222843254,0.1445,2026-05-27 11:00:04+00:00
1779879605,New York Knicks,20257190540739490630509657713144742134547949967093643458458133445357169845406,0.2795,2026-05-27 11:00:05+00:00
1779879606,Oklahoma City Thunder,49500299856831034491021962156746701298730459370557900271970866855042624695770,0.585,2026-05-27 11:00:06+00:00
1779883203,San Antonio Spurs,102227184035967850089766981958743064457339118173548431660886438726896222843254,0.1435,2026-05-27 12:00:03+00:00
1779883206,New York Knicks,20257190540739490630509657713144742134547949967093643458458133445357169845406,0.2835,2026-05-27 12:00:06+00:00
1779883209,Oklahoma City Thunder,49500299856831034491021962156746701298730459370557900271970866855042624695770,0.575,2026-05-27 12:00:09+00:00
1779886803,New York Knicks,20257190540739490630509657713144742134547949967093643458458133445357169845406,0.2855,2026-05-27 13:00:03+00:00
1779886803,San Antonio Spurs,102227184035967850089766981958743064457339118173548431660886438726896222843254,0.1475,2026-05-27 13:00:03+00:00
1779886804,Oklahoma City Thunder,49500299856831034491021962156746701298730459370557900271970866855042624695770,0.575,2026-05-27 13:00:04+00:00
1779890406,New York Knicks,20257190540739490630509657713144742134547949967093643458458133445357169845406,0.2825,2026-05-27 14:00:06+00:00
1779890406,San Antonio Spurs,102227184035967850089766981958743064457339118173548431660886438726896222843254,0.1475,2026-05-27 14:00:06+00:00
1779890407,Oklahoma City Thunder,49500299856831034491021962156746701298730459370557900271970866855042624695770,0.575,2026-05-27 14:00:07+00:00
1779894003,San Antonio Spurs,102227184035967850089766981958743064457339118173548431660886438726896222843254,0.1525,2026-05-27 15:00:03+00:00
1779894005,New York Knicks,20257190540739490630509657713144742134547949967093643458458133445357169845406,0.2815,2026-05-27 15:00:05+00:00
1779894007,Oklahoma City Thunder,49500299856831034491021962156746701298730459370557900271970866855042624695770,0.575,2026-05-27 15:00:07+00:00
1779897604,San Antonio Spurs,102227184035967850089766981958743064457339118173548431660886438726896222843254,0.155,2026-05-27 16:00:04+00:00
1779897605,New York Knicks,20257190540739490630509657713144742134547949967093643458458133445357169845406,0.2845,2026-05-27 16:00:05+00:00
1779897606,Oklahoma City Thunder,49500299856831034491021962156746701298730459370557900271970866855042624695770,0.575,2026-05-27 16:00:06+00:00
1779901204,San Antonio Spurs,102227184035967850089766981958743064457339118173548431660886438726896222843254,0.1545,2026-05-27 17:00:04+00:00
1779901207,New York Knicks,20257190540739490630509657713144742134547949967093643458458133445357169845406,0.2875,2026-05-27 17:00:07+00:00
1779901211,Oklahoma City Thunder,49500299856831034491021962156746701298730459370557900271970866855042624695770,0.575,2026-05-27 17:00:11+00:00
1779904803,San Antonio Spurs,102227184035967850089766981958743064457339118173548431660886438726896222843254,0.1505,2026-05-27 18:00:03+00:00
1779904805,New York Knicks,20257190540739490630509657713144742134547949967093643458458133445357169845406,0.2855,2026-05-27 18:00:05+00:00
1779904807,Oklahoma City Thunder,49500299856831034491021962156746701298730459370557900271970866855042624695770,0.575,2026-05-27 18:00:07+00:00
1779908421,San Antonio Spurs,102227184035967850089766981958743064457339118173548431660886438726896222843254,0.151,2026-05-27 19:00:21+00:00
1779908422,New York Knicks,20257190540739490630509657713144742134547949967093643458458133445357169845406,0.2865,2026-05-27 19:00:22+00:00
1779908422,Oklahoma City Thunder,49500299856831034491021962156746701298730459370557900271970866855042624695770,0.575,2026-05-27 19:00:22+00:00
1779912004,San Antonio Spurs,102227184035967850089766981958743064457339118173548431660886438726896222843254,0.152,2026-05-27 20:00:04+00:00
1779912007,New York Knicks,20257190540739490630509657713144742134547949967093643458458133445357169845406,0.2865,2026-05-27 20:00:07+00:00
1779912010,Oklahoma City Thunder,49500299856831034491021962156746701298730459370557900271970866855042624695770,0.575,2026-05-27 20:00:10+00:00
1779915604,San Antonio Spurs,102227184035967850089766981958743064457339118173548431660886438726896222843254,0.152,2026-05-27 21:00:04+00:00
1779915606,New York Knicks,20257190540739490630509657713144742134547949967093643458458133445357169845406,0.2855,2026-05-27 21:00:06+00:00
1779915608,Oklahoma City Thunder,49500299856831034491021962156746701298730459370557900271970866855042624695770,0.575,2026-05-27 21:00:08+00:00
1779919206,San Antonio Spurs,102227184035967850089766981958743064457339118173548431660886438726896222843254,0.152,2026-05-27 22:00:06+00:00
1779919208,New York Knicks,20257190540739490630509657713144742134547949967093643458458133445357169845406,0.2855,2026-05-27 22:00:08+00:00
1779919212,Oklahoma City Thunder,49500299856831034491021962156746701298730459370557900271970866855042624695770,0.575,2026-05-27 22:00:12+00:00
1779922803,San Antonio Spurs,102227184035967850089766981958743064457339118173548431660886438726896222843254,0.1475,2026-05-27 23:00:03+00:00
1779922805,New York Knicks,20257190540739490630509657713144742134547949967093643458458133445357169845406,0.2855,2026-05-27 23:00:05+00:00
1779922808,Oklahoma City Thunder,49500299856831034491021962156746701298730459370557900271970866855042624695770,0.575,2026-05-27 23:00:08+00:00
1779926405,San Antonio Spurs,102227184035967850089766981958743064457339118173548431660886438726896222843254,0.15,2026-05-28 00:00:05+00:00
1779926411,New York Knicks,20257190540739490630509657713144742134547949967093643458458133445357169845406,0.2855,2026-05-28 00:00:11+00:00
1779926414,Oklahoma City Thunder,49500299856831034491021962156746701298730459370557900271970866855042624695770,0.575,2026-05-28 00:00:14+00:00
1779930004,New York Knicks,20257190540739490630509657713144742134547949967093643458458133445357169845406,0.2855,2026-05-28 01:00:04+00:00
1779930004,San Antonio Spurs,102227184035967850089766981958743064457339118173548431660886438726896222843254,0.147,2026-05-28 01:00:04+00:00
1779930005,Oklahoma City Thunder,49500299856831034491021962156746701298730459370557900271970866855042624695770,0.575,2026-05-28 01:00:05+00:00
1779933604,New York Knicks,20257190540739490630509657713144742134547949967093643458458133445357169845406,0.2855,2026-05-28 02:00:04+00:00
1779933604,San Antonio Spurs,102227184035967850089766981958743064457339118173548431660886438726896222843254,0.146,2026-05-28 02:00:04+00:00
1779933605,Oklahoma City Thunder,49500299856831034491021962156746701298730459370557900271970866855042624695770,0.575,2026-05-28 02:00:05+00:00
1779937204,San Antonio Spurs,102227184035967850089766981958743064457339118173548431660886438726896222843254,0.146,2026-05-28 03:00:04+00:00
1779937207,New York Knicks,20257190540739490630509657713144742134547949967093643458458133445357169845406,0.2845,2026-05-28 03:00:07+00:00
1779937210,Oklahoma City Thunder,49500299856831034491021962156746701298730459370557900271970866855042624695770,0.575,2026-05-28 03:00:10+00:00
1779940803,San Antonio Spurs,102227184035967850089766981958743064457339118173548431660886438726896222843254,0.1485,2026-05-28 04:00:03+00:00
1779940805,New York Knicks,20257190540739490630509657713144742134547949967093643458458133445357169845406,0.2845,2026-05-28 04:00:05+00:00
1779940807,Oklahoma City Thunder,49500299856831034491021962156746701298730459370557900271970866855042624695770,0.575,2026-05-28 04:00:07+00:00
1779944406,San Antonio Spurs,102227184035967850089766981958743064457339118173548431660886438726896222843254,0.152,2026-05-28 05:00:06+00:00
1779944408,New York Knicks,20257190540739490630509657713144742134547949967093643458458133445357169845406,0.2845,2026-05-28 05:00:08+00:00
1779944409,Oklahoma City Thunder,49500299856831034491021962156746701298730459370557900271970866855042624695770,0.575,2026-05-28 05:00:09+00:00
1779948005,San Antonio Spurs,102227184035967850089766981958743064457339118173548431660886438726896222843254,0.1515,2026-05-28 06:00:05+00:00
1779948012,New York Knicks,20257190540739490630509657713144742134547949967093643458458133445357169845406,0.2845,2026-05-28 06:00:12+00:00
1779948018,Oklahoma City Thunder,49500299856831034491021962156746701298730459370557900271970866855042624695770,0.575,2026-05-28 06:00:18+00:00
1779951603,San Antonio Spurs,102227184035967850089766981958743064457339118173548431660886438726896222843254,0.149,2026-05-28 07:00:03+00:00
1779951604,New York Knicks,20257190540739490630509657713144742134547949967093643458458133445357169845406,0.2845,2026-05-28 07:00:04+00:00
1779951606,Oklahoma City Thunder,49500299856831034491021962156746701298730459370557900271970866855042624695770,0.575,2026-05-28 07:00:06+00:00
1779955203,San Antonio Spurs,102227184035967850089766981958743064457339118173548431660886438726896222843254,0.1495,2026-05-28 08:00:03+00:00
1779955207,New York Knicks,20257190540739490630509657713144742134547949967093643458458133445357169845406,0.2845,2026-05-28 08:00:07+00:00
1779955211,Oklahoma City Thunder,49500299856831034491021962156746701298730459370557900271970866855042624695770,0.575,2026-05-28 08:00:11+00:00
1779958804,San Antonio Spurs,102227184035967850089766981958743064457339118173548431660886438726896222843254,0.1495,2026-05-28 09:00:04+00:00
1779958808,New York Knicks,20257190540739490630509657713144742134547949967093643458458133445357169845406,0.2845,2026-05-28 09:00:08+00:00
1779958812,Oklahoma City Thunder,49500299856831034491021962156746701298730459370557900271970866855042624695770,0.575,2026-05-28 09:00:12+00:00
1779962403,San Antonio Spurs,102227184035967850089766981958743064457339118173548431660886438726896222843254,0.1475,2026-05-28 10:00:03+00:00
1779962405,New York Knicks,20257190540739490630509657713144742134547949967093643458458133445357169845406,0.2845,2026-05-28 10:00:05+00:00
1779962406,Oklahoma City Thunder,49500299856831034491021962156746701298730459370557900271970866855042624695770,0.575,2026-05-28 10:00:06+00:00
1779966003,San Antonio Spurs,102227184035967850089766981958743064457339118173548431660886438726896222843254,0.1475,2026-05-28 11:00:03+00:00
1779966005,New York Knicks,20257190540739490630509657713144742134547949967093643458458133445357169845406,0.2845,2026-05-28 11:00:05+00:00
1779966006,Oklahoma City Thunder,49500299856831034491021962156746701298730459370557900271970866855042624695770,0.575,2026-05-28 11:00:06+00:00
1779969604,San Antonio Spurs,102227184035967850089766981958743064457339118173548431660886438726896222843254,0.1465,2026-05-28 12:00:04+00:00
1779969607,New York Knicks,20257190540739490630509657713144742134547949967093643458458133445357169845406,0.2845,2026-05-28 12:00:07+00:00
1779969613,Oklahoma City Thunder,49500299856831034491021962156746701298730459370557900271970866855042624695770,0.585,2026-05-28 12:00:13+00:00
1779973205,San Antonio Spurs,102227184035967850089766981958743064457339118173548431660886438726896222843254,0.1465,2026-05-28 13:00:05+00:00
1779973207,New York Knicks,20257190540739490630509657713144742134547949967093643458458133445357169845406,0.2845,2026-05-28 13:00:07+00:00
1779973208,Oklahoma City Thunder,49500299856831034491021962156746701298730459370557900271970866855042624695770,0.575,2026-05-28 13:00:08+00:00
1779976804,San Antonio Spurs,102227184035967850089766981958743064457339118173548431660886438726896222843254,0.146,2026-05-28 14:00:04+00:00
1779976807,New York Knicks,20257190540739490630509657713144742134547949967093643458458133445357169845406,0.2845,2026-05-28 14:00:07+00:00
1779976810,Oklahoma City Thunder,49500299856831034491021962156746701298730459370557900271970866855042624695770,0.575,2026-05-28 14:00:10+00:00
1779980403,San Antonio Spurs,102227184035967850089766981958743064457339118173548431660886438726896222843254,0.147,2026-05-28 15:00:03+00:00
1779980410,New York Knicks,20257190540739490630509657713144742134547949967093643458458133445357169845406,0.2845,2026-05-28 15:00:10+00:00
1779980419,Oklahoma City Thunder,49500299856831034491021962156746701298730459370557900271970866855042624695770,0.575,2026-05-28 15:00:19+00:00
1779984005,San Antonio Spurs,102227184035967850089766981958743064457339118173548431660886438726896222843254,0.1515,2026-05-28 16:00:05+00:00
1779984008,New York Knicks,20257190540739490630509657713144742134547949967093643458458133445357169845406,0.2845,2026-05-28 16:00:08+00:00
1779984012,Oklahoma City Thunder,49500299856831034491021962156746701298730459370557900271970866855042624695770,0.575,2026-05-28 16:00:12+00:00
1779987603,San Antonio Spurs,102227184035967850089766981958743064457339118173548431660886438726896222843254,0.151,2026-05-28 17:00:03+00:00
1779987608,New York Knicks,20257190540739490630509657713144742134547949967093643458458133445357169845406,0.2845,2026-05-28 17:00:08+00:00
1779987612,Oklahoma City Thunder,49500299856831034491021962156746701298730459370557900271970866855042624695770,0.575,2026-05-28 17:00:12+00:00
1779991204,San Antonio Spurs,102227184035967850089766981958743064457339118173548431660886438726896222843254,0.154,2026-05-28 18:00:04+00:00
1779991208,New York Knicks,20257190540739490630509657713144742134547949967093643458458133445357169845406,0.2845,2026-05-28 18:00:08+00:00
1779991213,Oklahoma City Thunder,49500299856831034491021962156746701298730459370557900271970866855042624695770,0.575,2026-05-28 18:00:13+00:00
1779994803,San Antonio Spurs,102227184035967850089766981958743064457339118173548431660886438726896222843254,0.1555,2026-05-28 19:00:03+00:00
1779994806,New York Knicks,20257190540739490630509657713144742134547949967093643458458133445357169845406,0.2845,2026-05-28 19:00:06+00:00
1779994809,Oklahoma City Thunder,49500299856831034491021962156746701298730459370557900271970866855042624695770,0.575,2026-05-28 19:00:09+00:00
1779998406,San Antonio Spurs,102227184035967850089766981958743064457339118173548431660886438726896222843254,0.1565,2026-05-28 20:00:06+00:00
1779998408,New York Knicks,20257190540739490630509657713144742134547949967093643458458133445357169845406,0.2845,2026-05-28 20:00:08+00:00
1779998411,Oklahoma City Thunder,49500299856831034491021962156746701298730459370557900271970866855042624695770,0.575,2026-05-28 20:00:11+00:00
1780002004,San Antonio Spurs,102227184035967850089766981958743064457339118173548431660886438726896222843254,0.1565,2026-05-28 21:00:04+00:00
1780002011,New York Knicks,20257190540739490630509657713144742134547949967093643458458133445357169845406,0.2845,2026-05-28 21:00:11+00:00
1780002018,Oklahoma City Thunder,49500299856831034491021962156746701298730459370557900271970866855042624695770,0.575,2026-05-28 21:00:18+00:00
1780005608,San Antonio Spurs,102227184035967850089766981958743064457339118173548431660886438726896222843254,0.1555,2026-05-28 22:00:08+00:00
1780005610,New York Knicks,20257190540739490630509657713144742134547949967093643458458133445357169845406,0.2845,2026-05-28 22:00:10+00:00
1780005612,Oklahoma City Thunder,49500299856831034491021962156746701298730459370557900271970866855042624695770,0.575,2026-05-28 22:00:12+00:00
1780009216,San Antonio Spurs,102227184035967850089766981958743064457339118173548431660886438726896222843254,0.1395,2026-05-28 23:00:16+00:00
1780009218,New York Knicks,20257190540739490630509657713144742134547949967093643458458133445357169845406,0.2845,2026-05-28 23:00:18+00:00
1780009220,Oklahoma City Thunder,49500299856831034491021962156746701298730459370557900271970866855042624695770,0.575,2026-05-28 23:00:20+00:00
1780012807,San Antonio Spurs,102227184035967850089766981958743064457339118173548431660886438726896222843254,0.155,2026-05-29 00:00:07+00:00
1780012811,New York Knicks,20257190540739490630509657713144742134547949967093643458458133445357169845406,0.2845,2026-05-29 00:00:11+00:00
1780012817,Oklahoma City Thunder,49500299856831034491021962156746701298730459370557900271970866855042624695770,0.575,2026-05-29 00:00:17+00:00
1780016404,San Antonio Spurs,102227184035967850089766981958743064457339118173548431660886438726896222843254,0.19,2026-05-29 01:00:04+00:00
1780016405,New York Knicks,20257190540739490630509657713144742134547949967093643458458133445357169845406,0.2875,2026-05-29 01:00:05+00:00
1780016406,Oklahoma City Thunder,49500299856831034491021962156746701298730459370557900271970866855042624695770,0.535,2026-05-29 01:00:06+00:00
1780020005,San Antonio Spurs,102227184035967850089766981958743064457339118173548431660886438726896222843254,0.1795,2026-05-29 02:00:05+00:00
1780020007,New York Knicks,20257190540739490630509657713144742134547949967093643458458133445357169845406,0.2985,2026-05-29 02:00:07+00:00
1780020009,Oklahoma City Thunder,49500299856831034491021962156746701298730459370557900271970866855042624695770,0.535,2026-05-29 02:00:09+00:00
1780023603,San Antonio Spurs,102227184035967850089766981958743064457339118173548431660886438726896222843254,0.263,2026-05-29 03:00:03+00:00
1780023606,New York Knicks,20257190540739490630509657713144742134547949967093643458458133445357169845406,0.3045,2026-05-29 03:00:06+00:00
1780023610,Oklahoma City Thunder,49500299856831034491021962156746701298730459370557900271970866855042624695770,0.415,2026-05-29 03:00:10+00:00
1780027204,San Antonio Spurs,102227184035967850089766981958743064457339118173548431660886438726896222843254,0.2635,2026-05-29 04:00:04+00:00
1780027206,New York Knicks,20257190540739490630509657713144742134547949967093643458458133445357169845406,0.3095,2026-05-29 04:00:06+00:00
1780027207,Oklahoma City Thunder,49500299856831034491021962156746701298730459370557900271970866855042624695770,0.435,2026-05-29 04:00:07+00:00
1780030804,San Antonio Spurs,102227184035967850089766981958743064457339118173548431660886438726896222843254,0.2535,2026-05-29 05:00:04+00:00
1780030806,New York Knicks,20257190540739490630509657713144742134547949967093643458458133445357169845406,0.3085,2026-05-29 05:00:06+00:00
1780030808,Oklahoma City Thunder,49500299856831034491021962156746701298730459370557900271970866855042624695770,0.435,2026-05-29 05:00:08+00:00
1780034405,San Antonio Spurs,102227184035967850089766981958743064457339118173548431660886438726896222843254,0.2535,2026-05-29 06:00:05+00:00
1780034406,New York Knicks,20257190540739490630509657713144742134547949967093643458458133445357169845406,0.3075,2026-05-29 06:00:06+00:00
1780034409,Oklahoma City Thunder,49500299856831034491021962156746701298730459370557900271970866855042624695770,0.435,2026-05-29 06:00:09+00:00
1780038006,San Antonio Spurs,102227184035967850089766981958743064457339118173548431660886438726896222843254,0.2545,2026-05-29 07:00:06+00:00
1780038007,New York Knicks,20257190540739490630509657713144742134547949967093643458458133445357169845406,0.3085,2026-05-29 07:00:07+00:00
1780038008,Oklahoma City Thunder,49500299856831034491021962156746701298730459370557900271970866855042624695770,0.435,2026-05-29 07:00:08+00:00
1780041604,San Antonio Spurs,102227184035967850089766981958743064457339118173548431660886438726896222843254,0.2575,2026-05-29 08:00:04+00:00
1780041605,New York Knicks,20257190540739490630509657713144742134547949967093643458458133445357169845406,0.3085,2026-05-29 08:00:05+00:00
1780041606,Oklahoma City Thunder,49500299856831034491021962156746701298730459370557900271970866855042624695770,0.435,2026-05-29 08:00:06+00:00
1780045204,San Antonio Spurs,102227184035967850089766981958743064457339118173548431660886438726896222843254,0.261,2026-05-29 09:00:04+00:00
1780045205,New York Knicks,20257190540739490630509657713144742134547949967093643458458133445357169845406,0.307,2026-05-29 09:00:05+00:00
1780045207,Oklahoma City Thunder,49500299856831034491021962156746701298730459370557900271970866855042624695770,0.435,2026-05-29 09:00:07+00:00
1780048804,San Antonio Spurs,102227184035967850089766981958743064457339118173548431660886438726896222843254,0.261,2026-05-29 10:00:04+00:00
1780048805,New York Knicks,20257190540739490630509657713144742134547949967093643458458133445357169845406,0.3075,2026-05-29 10:00:05+00:00
1780048806,Oklahoma City Thunder,49500299856831034491021962156746701298730459370557900271970866855042624695770,0.435,2026-05-29 10:00:06+00:00
1780052404,San Antonio Spurs,102227184035967850089766981958743064457339118173548431660886438726896222843254,0.266,2026-05-29 11:00:04+00:00
1780052405,New York Knicks,20257190540739490630509657713144742134547949967093643458458133445357169845406,0.316,2026-05-29 11:00:05+00:00
1780052406,Oklahoma City Thunder,49500299856831034491021962156746701298730459370557900271970866855042624695770,0.435,2026-05-29 11:00:06+00:00
1780059603,San Antonio Spurs,102227184035967850089766981958743064457339118173548431660886438726896222843254,0.2705,2026-05-29 13:00:03+00:00
1780059604,New York Knicks,20257190540739490630509657713144742134547949967093643458458133445357169845406,0.3145,2026-05-29 13:00:04+00:00
1780059605,Oklahoma City Thunder,49500299856831034491021962156746701298730459370557900271970866855042624695770,0.435,2026-05-29 13:00:05+00:00
1780063203,San Antonio Spurs,102227184035967850089766981958743064457339118173548431660886438726896222843254,0.2705,2026-05-29 14:00:03+00:00
1780063204,New York Knicks,20257190540739490630509657713144742134547949967093643458458133445357169845406,0.3145,2026-05-29 14:00:04+00:00
1780063205,Oklahoma City Thunder,49500299856831034491021962156746701298730459370557900271970866855042624695770,0.435,2026-05-29 14:00:05+00:00
1780066806,San Antonio Spurs,102227184035967850089766981958743064457339118173548431660886438726896222843254,0.2735,2026-05-29 15:00:06+00:00
1780066808,New York Knicks,20257190540739490630509657713144742134547949967093643458458133445357169845406,0.3145,2026-05-29 15:00:08+00:00
1780066810,Oklahoma City Thunder,49500299856831034491021962156746701298730459370557900271970866855042624695770,0.435,2026-05-29 15:00:10+00:00
1780070404,San Antonio Spurs,102227184035967850089766981958743064457339118173548431660886438726896222843254,0.2715,2026-05-29 16:00:04+00:00
1780070405,New York Knicks,20257190540739490630509657713144742134547949967093643458458133445357169845406,0.3145,2026-05-29 16:00:05+00:00
1780070406,Oklahoma City Thunder,49500299856831034491021962156746701298730459370557900271970866855042624695770,0.435,2026-05-29 16:00:06+00:00
1780074003,San Antonio Spurs,102227184035967850089766981958743064457339118173548431660886438726896222843254,0.2715,2026-05-29 17:00:03+00:00
1780074004,New York Knicks,20257190540739490630509657713144742134547949967093643458458133445357169845406,0.3145,2026-05-29 17:00:04+00:00
1780074005,Oklahoma City Thunder,49500299856831034491021962156746701298730459370557900271970866855042624695770,0.435,2026-05-29 17:00:05+00:00
1780077605,San Antonio Spurs,102227184035967850089766981958743064457339118173548431660886438726896222843254,0.2705,2026-05-29 18:00:05+00:00
1780077607,New York Knicks,20257190540739490630509657713144742134547949967093643458458133445357169845406,0.3145,2026-05-29 18:00:07+00:00
1780077609,Oklahoma City Thunder,49500299856831034491021962156746701298730459370557900271970866855042624695770,0.435,2026-05-29 18:00:09+00:00
1780081205,San Antonio Spurs,102227184035967850089766981958743064457339118173548431660886438726896222843254,0.2705,2026-05-29 19:00:05+00:00
1780081206,New York Knicks,20257190540739490630509657713144742134547949967093643458458133445357169845406,0.3135,2026-05-29 19:00:06+00:00
1780081208,Oklahoma City Thunder,49500299856831034491021962156746701298730459370557900271970866855042624695770,0.425,2026-05-29 19:00:08+00:00
1780084803,San Antonio Spurs,102227184035967850089766981958743064457339118173548431660886438726896222843254,0.2705,2026-05-29 20:00:03+00:00
1780084804,New York Knicks,20257190540739490630509657713144742134547949967093643458458133445357169845406,0.3195,2026-05-29 20:00:04+00:00
1780084805,Oklahoma City Thunder,49500299856831034491021962156746701298730459370557900271970866855042624695770,0.425,2026-05-29 20:00:05+00:00
1780088404,San Antonio Spurs,102227184035967850089766981958743064457339118173548431660886438726896222843254,0.2705,2026-05-29 21:00:04+00:00
1780088406,New York Knicks,20257190540739490630509657713144742134547949967093643458458133445357169845406,0.3195,2026-05-29 21:00:06+00:00
1780088408,Oklahoma City Thunder,49500299856831034491021962156746701298730459370557900271970866855042624695770,0.425,2026-05-29 21:00:08+00:00
1780089243,New York Knicks,20257190540739490630509657713144742134547949967093643458458133445357169845406,0.3195,2026-05-29 21:14:03+00:00
1780089243,San Antonio Spurs,102227184035967850089766981958743064457339118173548431660886438726896222843254,0.2705,2026-05-29 21:14:03+00:00
1780089244,Oklahoma City Thunder,49500299856831034491021962156746701298730459370557900271970866855042624695770,0.425,2026-05-29 21:14:04+00:00
